0,1,2,3,4,5,6,7,8,9,10,11,12,class_numeric
-0.39138701792283725,0.26452590645295143,0.4536367859025335,-0.004765306198287138,-0.10609559007084679,0.0030378024108097634,-0.07162158969656059,-0.08961505968522698,-0.08543530143848206,0.038464616015087535,0.11049892607284802,-0.006155740626959494,-0.0016603173781907972,0
-0.5039385907569882,0.10967718102234361,0.5430790914038199,-0.16962416546810327,-0.06020177022822514,0.022587725874106214,0.021927952706565813,-0.01657984905796297,-0.0017298424049938157,-0.05305759443243524,0.05041004118098486,0.07303311495785211,0.0046279774476903285,1
0.6488624900917082,0.08545194339965892,0.11793195794228291,0.07614660450259271,0.10380169337708965,-0.17724323466202171,0.06628659677798215,-0.1672281802473141,0.04965078246694455,-0.07034122915013905,0.08807781336006716,0.07964980420737915,-0.11690721297956294,0
0.433455662809633,-0.3927203064647123,0.5992505977362109,0.06369636566594664,-0.07556610562705582,-0.1036763816245714,0.22939140270811503,0.03399018962908349,-0.04973814287694499,0.07998113265750706,0.006230268403625739,-0.041415952432839964,0.017639285350459253,1
-0.36602207650631285,0.2275197937571902,0.35362457543726,-0.06420600990366253,0.01682694212662914,0.025899389246533858,-0.02589549196362468,-0.17184763071244502,-0.04455605677074495,0.04790534597112706,0.05984020840646039,-0.006875120531949149,-0.03833966288519094,0
-0.5077115258343995,0.08950646994440624,0.4183485049339381,-0.20644673309934863,0.032348782988687715,0.05305306342559134,0.05506561465742742,-0.039069361106355525,0.009419342863011338,-0.024016910140007636,0.08840736321633995,0.05525855241216685,-0.013306661148287343,1
0.7905213789749418,-0.08202737238047121,0.27226626918854857,0.11153339353867477,0.05134076134506999,-0.005546292401576466,0.10741540810806577,-0.17160193700224582,-0.05647926582774967,-0.1270808528378375,-0.041190344852791896,0.10714225077165282,-0.013065143588849082,0
0.5496530461227888,-0.39429835799133967,0.6583676679267713,-0.059505013473271265,0.10111918728308007,0.007361897971965722,0.10726265813465706,0.07062605582082174,0.09781843532145477,-0.07216910047855585,0.048470542018128726,-0.05840500232242782,0.02706068451633805,1
-0.30319902954528727,0.22893247594415678,0.3731277784567166,-0.05799766631399288,-0.02666956252696564,0.004745056135137543,-0.05379066456544166,-0.11020519296629039,-0.04956310800844453,0.066204226153851,0.08258165612996304,-0.007822143138870568,-0.008495133917458124,0
-0.4847927506578014,-0.008227402596428408,0.4804806498545511,-0.14338905463388235,-0.09380732989770693,-0.03502259634363894,0.04416649717426678,-0.04936110490076638,-0.056968860661260085,-0.08118400023778509,-0.027251388433153195,0.05890725200899103,0.031569689857018406,1
0.6465832104894785,-0.07083183174697749,0.18003551082135588,-0.09544259163444485,0.18544625909750978,-0.1545992323042489,-0.028205509578214934,-0.16717810960073648,-0.026503777960692646,-0.008122385278665436,-0.02085321216749049,0.027973620245273115,0.018909295757561933,0
0.47627724332125204,-0.47625310968661394,0.7653962299563395,0.14287345119715597,-0.16770392039320545,-0.07531052882520808,0.30768954910865315,0.060802975436893315,-0.003046955429139953,0.15386778599103546,0.009492787631652615,-0.056739763539987526,-0.08046838689047905,1
-0.35812911154340665,0.19431128954315524,0.4117450428504081,-0.027074827890943343,-0.08177326412264659,-0.026270314561898035,-0.07996168311600815,-0.10430263524299434,-0.10049106467161828,0.026574107623535074,0.09151073301769357,-0.011130935516278253,0.016650686241524607,0
-0.5025609322498797,-0.07431744123217615,0.5038315676482086,-0.14965837784049202,-0.10333422685248093,-0.07782986453009122,0.01723626008288353,-0.0817035793349781,-0.04243217143334491,-0.11532040096971596,-0.06861422240254732,0.053143855906128114,0.012539852397297043,1
0.7335360820693234,-0.07113189111908737,0.15552624339061855,-0.08746770379290542,0.19421580564765856,-0.08066031738244857,0.0021025638174899733,-0.1798903672306163,-0.015242700880139777,0.03633864992701114,-0.02357937615320584,0.0895766949465001,0.0010745494993184427,0
0.5562573386862487,-0.36039105760406304,0.5485991331684663,-0.04448815682546466,0.050606745239324596,-0.007399536830935194,0.1462916868584906,-0.018734027972263513,0.009407264806831414,-0.062018349729249675,-0.06658292992136906,-0.09539135485500334,0.07442976013802123,1
-0.3767712421307087,0.13312445783391344,0.4196916558525952,0.027689724437084885,-0.1517952259004835,-0.04494315078332309,-0.0651012157898896,-0.10192012269781836,-0.14518384243573604,-0.02990117354892285,0.05117723528700266,0.02114620319204756,0.03532752725273936,0
-0.5402529112793454,-0.11247592512639398,0.4800915243844415,-0.1648712427375724,-0.07159042755309888,-0.049848920011528394,0.04873464484726958,-0.12435093150831876,-0.016915711003247957,-0.10472086260220355,-0.044255601243399785,0.02887705839190731,-0.015587957379262109,1
0.7343435664629677,0.05174004815862209,0.058703554362274625,0.0815950046640654,0.0753729569844479,0.035170661681306,0.07834595376193693,-0.19464675886724775,-0.14227125569777843,-0.09452641577897831,-0.10712888035131503,-0.0212669525525931,-0.022129372973828308,0
0.5145157606150215,-0.23867221216865928,0.3163758817502159,-0.03470844417737815,0.004901821335505348,0.005057195625688817,0.16836428597441908,0.028128291632646126,-0.06393343057614578,-0.06096421085529615,0.07926864961723235,0.040048270197273424,-0.03907197729432805,1
-0.18506877760566573,0.11014646593932288,0.06527326477689063,0.010759570730214907,-0.05158748982285277,0.09359070258390527,-0.02458281308276034,-0.13147691890100424,0.017756553986962346,0.08876675602356604,-0.004251237471237441,-0.017307947541729516,0.029205893796297865,0
-0.19973094422614526,0.06046819418523964,-0.18473183369818993,-0.07235521772552282,-0.11302564428456921,0.10117528176194072,0.16214931119065557,-0.03465842009368171,-0.06514930976638528,-0.013064219557034329,-0.01069726333984605,-0.021460525681305936,0.03052310880340139,1
0.24458230288657923,0.12590563389565987,0.12292739636581043,0.2657015890618462,-0.029539664208658455,-0.003561900844270176,0.005296844577079895,-0.10156340846685553,-0.049688328696375066,-0.00853910300659243,0.044733181134880444,-0.02561932381454833,0.08851352406146802,0
0.13343472845715526,-0.059364946093000144,-0.3327263253695309,-0.03041774469713231,0.11117996679122001,0.0627781797826585,0.1588425536103434,-0.07814250249432494,-0.09939013840477949,0.010503072661303167,0.0808805804080725,0.0004790796734844442,0.030343649566067693,1
-0.026001349787247274,0.27572823302729466,0.0579661018147148,0.14527549750862134,-0.06624995867584595,0.1580015402385308,-0.10362602656893483,-0.04946825767987952,0.05105685191279388,-0.09921646172606502,-0.004216330356111146,-0.07749387391204152,-0.16426943001777808,0
-0.17307108488457407,0.10430366442478209,-0.2779096882565359,-0.0981470661902913,-0.01438034583354316,0.2167478442644293,0.08063376054301709,0.016809436388290997,-0.003942826368423255,-0.05017403668553499,0.11489344784408101,0.00517006716706417,-0.020623712167085716,1
0.7445853174659075,0.8456256919848588,0.011142381231176557,-0.20663731040513902,0.2383279793113024,-0.027883237039712926,-0.014660162785272136,0.012418197662540214,-0.14421653824301572,0.12187663005165231,0.28492020845108446,-0.20298020165631583,-0.0027238227650491233,0
0.2327368099843576,-0.04568721876458483,-0.2542282866085692,-0.0471260985496581,0.1457534282370075,0.07763023013123774,0.07939131138364722,-0.10429308458879462,0.01738064496848842,0.04050964642879923,0.10967410886909613,0.024184246991946223,0.0700339129334163,1
0.031973030337946386,0.5066684480997222,0.10210112484854701,0.21541231587152787,-0.1626792944140188,0.06024852228905987,0.15233436452180932,-0.010377078451777455,0.05732191029958899,-0.08744573411021382,-0.007329977996545426,-0.019672849718568475,0.022048880536544642,0
-0.1183849807553937,0.11945487070896575,-0.3298307123479879,-0.11190491710107751,-0.08447279010581528,0.1339908465805156,0.12225411094314233,-0.03423366855885469,-0.03701936326476571,-0.04090499929504879,0.09976504640038453,0.005150402686154871,-0.021899052566847547,1
0.289395251047814,-0.1498636341550202,0.05543438058988362,0.009256136732467987,-0.223947569941434,-0.10231687311220047,-0.2023284706316306,-0.11404282307627725,0.10875140910390675,-0.04817865309771062,0.02595780552797314,-0.048660543817330225,0.051605284367066434,0
0.2459813335772272,-0.3461701001238498,-0.15050413248618116,-0.11307848238387658,-0.30942500612651,0.054229423956245096,0.13185404521303684,-0.09504869075097339,0.08301190784264471,0.08185690154067057,0.0297296403574246,0.04228247715528376,-0.025955061719129566,1
0.2992703768212118,0.5543341415089452,0.24386332269304556,0.17268458781750654,-0.10384353569303045,0.2397951805978224,0.13135339911330315,0.001670982454749575,0.025905763348755762,-0.17450299545057144,0.02474475357684939,-0.04322358070043498,0.13457989831711384,0
-0.16645192598496297,0.14739216711072828,-0.3145380294384897,-0.08445141784555349,-0.05438326429930541,0.21222257413861076,0.10412154403487729,0.012149847832457544,-0.019273653780177764,-0.025825342422967593,0.07867726958567436,-0.0036394881983101935,-0.05449739762956073,1
0.29270086247197546,-0.2512474762496834,0.06737165263493328,0.0029946379629533725,-0.25505235530693154,-0.04192883909200422,-0.15900302716821363,-0.15011586023559306,0.13147256646448757,-0.030763081960857083,-0.007733364516972719,-0.03673657351162505,0.014427694452483401,0
0.2770440111228313,-0.329553911642453,-0.3247768012832114,-0.19887859947152545,-0.26361425125281424,0.00321595714425381,0.053356890113122064,-0.13484134369447348,0.05427545833888112,-0.006292395822053686,0.0631516255652216,0.009322676675817036,-0.025817866966703018,1
0.022722235359294615,0.5222225262810238,0.15819472207402882,0.2402376899779266,-0.18308719130736695,0.05826785867874957,0.16638934063244248,-0.00130696407994495,0.04323082919984656,-0.10047131417730791,-0.02203345519620834,-0.041691589050603585,0.019598698835275107,0
-0.16093855057711803,0.12208937369668209,-0.27115088493510525,-0.11367839617469677,-0.048066071790580034,0.13984161632058564,0.09475964212673532,-0.0325246749686707,-0.06538240133380167,-0.04723157673818493,0.022332986697572006,-0.03245285241839939,0.02359743642685897,1
0.8875290150608336,0.5828772725063622,0.3506674528023394,-0.29017448137776664,-0.24156913541846875,0.18604162818490758,-0.15204861322783841,0.1256437857819457,0.03692017718659698,0.06101933749121996,-0.002373181578718354,0.04559241428939751,0.007546560183731522,0
0.8531774553662437,0.5621505034805725,0.36384269834157623,-0.24075035667484193,-0.2895939043556304,0.36730891432296814,-0.16808614732673455,0.12183980848092639,0.03498073836966529,0.02327837706668744,-0.0093831445330287,0.0808308108946712,-0.03704332708010477,1
-0.03877714981777112,0.6546226699465469,-0.13854907898569627,0.0473683974599993,-0.27969951929128695,-0.21648674721707759,0.081842649433989,0.011383722948070593,0.02063499326768039,0.026349577096938602,0.00593514939593026,0.086306746602111,-0.0422966645803217,0
-0.1800992265376305,0.2399492843828353,0.047172034352105464,-0.2524420509096337,-0.08511918693470218,-0.18182809469460517,-0.01870076827531408,0.07835986260093243,0.10034554288002503,0.08781853787555825,0.016563424667331104,-0.05433069344653145,0.03966370069107734,1
0.9529223836071945,0.4140417871524088,-0.4110718094913331,0.14902454547488744,-0.14622953533617128,-0.05754223805865211,0.09271804486944123,0.005526855325348636,0.09553042711395159,0.07670522081691634,0.05562814837473254,-0.17027962725159806,-0.0012958484968218422,0
0.4476203801193297,-0.13776279331250185,-0.26208386764929115,-0.20299852923769268,-0.007899028473830281,-0.0770770587093781,0.05746927165303404,0.15328088514006233,-0.01032263151546022,-0.0309717128226924,-0.029808977857249393,0.05165430654262358,0.020903366067181055,1
-0.12812135712405995,0.42627357584869285,0.029934406477453924,0.14603819590459186,-0.28491005187523244,-0.0653671281884335,0.06005051638321112,0.06431112586117224,-0.05106071734105387,0.07239276865872575,-0.0477657435176322,-0.06235690980428614,-0.01922196290955548,0
-0.25842552743219277,0.17742515307325865,0.1043972135358188,-0.20740593652082773,-0.0397911413497429,0.02167032891500689,-0.0757465271069991,0.1127527132423008,0.08772188942108416,0.057651969202194175,0.0009511514690353975,-0.07545707782669923,0.0377102619776758,1
0.5957134339584887,0.10544836576696859,-0.12351916313601495,0.30681930827605813,-0.30223950799209154,-0.12795667406586225,0.00031433028615693125,-0.023441156356884856,-0.1202805551818374,-0.06430328352920789,-0.003764806720499542,-0.00753527463834575,0.05090236585015071,0
0.30503782029089554,-0.25970286258867376,-0.22218926014243537,-0.21965565349219798,-0.041881115746578434,-0.08444000991354964,0.04784021939038813,0.07716259593571675,-0.0014722250341172906,-0.046539387293899295,0.007599760147120034,-0.00014813496789085727,0.001007709163384009,1
-0.06745840296536827,0.8377851403009415,-0.24598327578102167,0.08632192881018871,-0.08441532136834659,-0.03363777923766833,0.09901439744818702,-0.12382717251981305,0.1448594041367516,0.03192147009621518,0.0754607716594796,0.24247192439267393,0.046104302242259775,0
-0.32673404980421455,0.05841916350182608,0.14200616675178201,-0.14470688032699544,-0.07888790944326769,-0.03141214823192041,-0.003696452531279244,0.08864598375580168,0.027503370672221895,0.054781908407396725,-0.004211390800525607,-0.039869037277908095,0.06221098539818694,1
0.44881932613763437,-0.20184231202571631,0.1610900910966389,0.04049159777961311,-0.21214711955437562,-0.12254410898869346,-0.21517979410930357,0.021833331411574224,-0.1038470662978869,-0.021005581472925756,-0.03021965312936023,-0.07352607285507601,0.04999823597778184,0
0.3647490139259628,-0.26019843974712914,-0.03602665474892023,-0.24162314171524663,-0.08709998309967358,-0.1920813861851449,0.029362574035818455,0.04581033404027812,0.06106945945812576,0.027607048767995527,-0.01693732399393028,0.03883663864461303,0.011845245809233462,1
-0.20645588042803772,0.409300741012061,-0.042542129932718234,0.15046408280286597,-0.1571548518554613,-0.18932975325170698,0.0968413221664182,0.06387769795686267,-0.04661317607492229,0.07095264199451386,0.010893412266347926,-0.0718331789507394,0.01535910811995321,0
-0.3307889560290762,0.09606607906137267,0.11006889635553543,-0.13686434866418376,-0.000418265481927556,-0.1342163259839606,0.027289545220911562,0.06952875113720061,0.047594905977411284,0.08777400674548472,0.0628371419280805,-0.03041186593250304,0.050486973647011844,1
0.49743275091956524,-0.16829968529648826,0.014085756187416785,0.003055058254036003,-0.08471507620494108,-0.12225188461559534,-0.18484516422886035,-0.05369350371063382,-0.02751593580931002,0.07274556913700832,0.010404015140761915,0.005733766407482813,0.06604572946497406,0
0.3727827127493799,-0.27433644818283087,-0.15481545668352714,-0.2224323080787927,-0.049880685361394644,-0.10393286554804057,0.052492580813747025,0.048604367609374886,0.02037360730480944,-0.03023685481714196,-0.0020314186149365736,0.01545049349253645,0.05414728417487746,1
-0.30216789737808486,0.2943771959280337,0.17031609172641216,0.06785039425844247,-0.03126805849564059,0.021858684050534743,-0.000944462201072933,-0.03620884004362367,0.0005998900562457092,0.14656384835262976,-0.01257892325275851,-0.07235686767526524,0.04152136713470223,0
-0.3190807631386605,0.1951333854570705,0.07009719281564955,-0.13652522453916813,0.041597557607104645,-0.00975290624992071,0.006780709400395985,0.10325402358348335,0.03655948743939486,0.052711249723908914,-0.0064551072407572395,-0.07633170633064223,0.06823365332762922,1
0.8594451244750383,0.2905351350264346,-0.33891151531202857,0.23887257571539058,-0.13844361718224207,-0.03202152022068919,0.06867163843917308,-0.019882842232194553,0.1198469274067668,-0.004330916300068354,0.03638162809862026,-0.09007863293785077,-0.015680042473073755,0
0.2812741608280365,-0.23778218001135334,-0.1566040638800357,-0.14526960314757567,-0.09714390029421313,-0.07454947435928064,0.0241374762015231,0.06867023824308408,-0.00918893598221837,-0.04983591358781657,0.010772950109042272,-0.0033985713167792252,0.012235283836643771,1
-0.452587865213646,0.13249541773705267,0.17003817338883312,0.05744907310714867,0.22851925363445394,-0.009816511004121252,0.03827249414587394,-0.009155757288300212,-0.04753322759918016,0.011434133380810226,0.03385606666038742,-0.023500148074264728,-0.021821795906091707,0
-0.49746322727473846,0.08213601671031003,0.12483021430389467,-0.03763013541991375,0.3002344212908046,0.03642975819011521,0.08230772256872404,0.009247162601084503,-0.042012396461784465,-0.04239839502166084,-0.052800966834898974,-0.02218400387645575,-0.02108255217208387,1
0.13603236623989204,0.492303319469039,0.12969933052029436,0.21443450534302258,0.1600044625687141,0.008554068211100538,0.07934892193680802,0.1543110804040342,-0.03360945368158356,0.1185255777902246,-0.054908627870911005,0.05457420164263047,-0.06392652366105317,0
-0.19905337246970872,-0.515839791003872,0.020573318920281494,0.09028127591602876,0.07887485635663631,-0.009784594849588045,0.04827907123510668,-0.08262342816254847,-0.005479484145375492,-0.06387885219204652,-0.042616066590622594,0.022567208519052858,-0.02836504303931364,1
-0.459054745440727,0.15764190111985457,0.12953819870340263,0.1262371415387242,0.22001840903136724,0.033262194844926984,-0.03671381608213732,0.03605371497346052,0.005384278526988319,-0.03544443629576526,0.09354157000595527,-0.06879719158276713,-0.0332451732545807,0
-0.5666484658750942,-0.032769888336543394,0.19340568260943067,0.016725632435024018,0.20358050289680052,-0.0004626808066216433,0.13527192747837885,0.022312788054228143,-0.046291161009169295,-0.0012693561274693295,-0.014687374347818277,0.016777572186883017,-0.06071080671459607,1
0.11574235285552247,0.5398370793884473,0.22654012151680125,0.23223617867942653,0.16530022213095433,0.03908369889724862,0.14877880257720408,0.11237863049446288,-0.007114879744609469,0.13004999647716534,-0.05886612126842258,0.06843778879458728,-0.05468664572226141,0
-0.23734716267094877,-0.5549483024046802,-0.03794463790727664,0.06626135182011908,0.07463422830961448,-0.018111812541117985,0.10953615255632106,-0.09513729276883612,-0.0021463635719434697,-0.032034031558469366,0.00948089527617832,0.02648446714738072,-0.05326343792271183,1
-0.009072134711774827,0.3732871005245862,0.6995424097176336,0.23273290484501385,0.20255202935176814,0.06098715034405067,0.049427460126661896,-0.060527669900649686,0.16010630660801672,0.24631286065165992,-0.17621833780928237,0.01827914882229603,0.010111918753999671,0
-0.45721617525417824,0.06702189152999706,0.2713708153026907,0.07403544592096775,0.2297276617840492,0.01659243327006565,0.06250039186238791,0.09462837545682566,0.05631953570990605,0.038770987273757544,0.033005378702736676,0.048813282059344466,0.07798729748993195,1
-0.1777428854585972,-0.5145058151868578,0.18414872156167553,0.15863766205061688,0.08208680897291311,-0.024717759081740686,-0.13764426394115264,-0.06478929063450936,-0.02764771189409672,-0.07325132606070237,-0.034174249921646464,0.018942327501029692,-0.07243994630643151,0
-0.09715100727197583,-0.17478542998030833,0.036695922998481914,0.2992626212021696,0.05461369310727627,-0.017729714554718237,0.1727391982379275,0.03731673895650555,0.23858844714863714,-0.13245030858222692,0.13344734441100983,0.06970025765707179,0.15616106637893132,1
-0.3271848319574109,0.14286140586775362,0.34690595628621873,0.26370973416203825,0.1594373532966184,-0.041058016685588096,-0.03887136987232989,0.016598038970520156,0.2683022464752746,-0.14763182540179676,0.05248781957387198,-0.05707536638302125,0.19646488799670805,0
-0.6650363451944975,-0.2383246319332843,0.2582419880266102,0.05900178848061664,0.06421846124468754,-0.020831628225628538,0.10327011245704824,0.06856501772499572,0.00022889942664472057,0.018419224364082085,-0.0052656422022985035,-0.07150133267883621,-0.05645992468078944,1
-0.13842495747439718,-0.44365672732916844,0.23025847445503703,0.22207512355137038,0.001749104228848171,0.005304257430961449,-0.08763910879842243,-0.03995104882182433,-0.0550464034697781,-0.018693950661025326,-0.10758721957537352,0.047848998191037696,-0.012875617949471733,0
-0.21489653635126418,-0.43570483623717127,0.06538234740426792,0.04535111864635813,0.07140078787234046,0.026341617197520328,0.031613306738597614,0.04768929607278605,-0.0018489452486394622,0.0017546506930750563,-0.056512201389369396,0.05298157084863335,-0.03044779545803023,1
-0.6220106941888682,-0.08117978308677584,0.17105305129441856,0.15717440500161028,0.14074801575438145,-0.1274372646719714,-0.01867156041081094,-0.023079722916249025,-0.030352095528394837,-0.022092700963620825,0.03643626269436066,-0.013963514553305491,-0.013282059785031592,0
-0.6747084690595095,-0.2105925892623034,0.18366784696983124,0.0747265402248489,0.09452078515097223,-0.04479930642927972,0.14819309068218167,0.05655983186211538,-0.001267602613877701,0.045147318739821814,-0.02098185469624341,-0.03709956976410737,-0.06666721010833954,1
-0.1682006537381526,-0.4237962749850556,0.18393483420806428,0.27973135153913886,-0.034929119389711646,0.012487813634756543,-0.07999887362409261,-0.025168992209863045,0.04493220533640822,-0.06544914492390384,0.03753210852168196,0.07639220934029468,0.019637437600930476,0
-0.251524629816339,-0.5321053119834007,0.005563440645953258,0.028556917654840384,0.04275533904412341,0.011796882601442077,0.050549466506479096,-0.050688052722333024,-0.009513485741200993,-0.010373012059918883,-0.06345555000304003,0.016667218574719606,-0.07423315875844193,1
0.010762430847107514,0.6059112022973666,0.4029586385538926,0.11445492668812218,0.09190755671764153,-0.049515398846063825,-0.1796706565522215,0.10173166886555528,0.07611113945114696,-0.04548285839568366,-0.10273502890204476,-0.05215316389482597,-0.08384373992542489,0
-0.3106702831612907,0.03110296921828208,0.1636167755361689,-0.0985518617971705,0.028107899114901906,-0.02989309234711302,-0.062025538602843766,0.11556775173230639,-0.04727072476962157,-2.517111926433764e-05,0.004891799283605887,0.009127300832436895,-0.023940615921616754,1
0.22570100753954003,0.5322321304844613,0.1731611627333852,0.09440597670126827,0.12106108459657196,-0.035560845834386415,-0.118717752036122,0.06457300011922824,-0.007985444134774375,-0.060131392424247664,0.0024503955284207795,0.014234179132089263,0.047847109426727624,0
-0.0504388247054629,-0.14339807121726786,0.1538209349535346,-0.08431637316851069,0.10064746403346356,-0.044343878063190185,-0.09516710496759087,0.06082022510508458,-0.005534381695765371,0.01239376557182373,0.01570238532284602,0.025985495869541082,-0.03546578074462461,1
0.0751946992341952,0.669271928727885,0.057194257224816095,0.038613948621932445,0.14205415796973128,-0.01674608707025628,-0.1099461618819356,0.07755291737783754,-0.02218263739603321,-0.10933681386736586,-0.06475762534862058,0.058163392678843795,0.02607709700560706,0
0.22292425453867654,0.5048001431455036,0.05596015192132215,0.09849863085273702,0.10228533124266857,-0.017451116902252144,-0.11116514824939494,0.04460479532397564,0.03298930674105224,-0.04401467764765978,0.042288152167454844,0.05461738002048017,0.025769259073553187,0
0.03386243406033832,-0.13411217390531505,-0.00962421293667829,-0.07997462921357736,0.16651180986245576,0.06620802337725684,-0.15010151350901266,0.01179638085437034,0.04238214390356263,-0.08261785022635981,0.01530413845142823,-0.021322051129075363,-0.02221030257967196,1
0.28617571736764097,0.7993269709532353,0.08331795217643143,-0.05905060935555216,0.16653033787858873,0.048827156302172915,-0.011319994857781422,-0.15114158243481815,-0.12026825010007336,0.06300010427496035,-0.06874164421952936,0.03755923657033191,0.08775036035279944,0
0.22487672370545828,0.6245733710094821,0.19184282706015832,-0.002193505249762975,0.17371607000790903,-0.028394449299323644,-0.1436462993721733,0.1462797568264607,-0.07454405530673935,-0.09638290155201525,-0.02338035245141808,-0.004604141808211594,-0.019975436538479385,0
-0.05499446988667038,-0.20456913529004325,0.2047544803318641,-0.09960690483975226,0.10867638085356712,-0.07567926287208132,-0.14945569406811282,0.0305929964975787,-0.0014993514238676078,0.000611672301258152,-0.007457256482695041,0.021635745629736074,-0.023151758398050292,1
-0.0909105545319679,0.3580468310236865,0.12006583996058554,0.16818504581307633,-0.03127694126902319,-0.048653207167758006,-0.015954068021644074,0.07256234596462513,0.10936541373858966,-0.025569820376209668,-0.004767656177464136,-0.016099465197919015,-0.1063872420361595,0
0.21355802867768797,0.37761265304501385,0.13153094799113763,0.20189931536145153,0.005253449885937955,-0.0777852634610418,-0.03065354742342352,0.054445659199711026,0.09185062087969474,0.0051192876236928085,0.11312030131372522,0.07172092247956965,-0.0418108627780133,0
0.01756684613519126,-0.11713858439889735,-0.045817536562089006,-0.09538084959898106,0.15998321207274394,0.06677785243782793,-0.09016878866888688,0.024497665216503484,0.04777208713968515,-0.020093761514624768,0.0111240825669315,0.0030100729304380646,-0.07873102059111386,1
-0.10111495848278335,0.27305798392933145,0.1778325392375604,0.26958150117404645,-0.17489438905810648,-0.049374914514970586,0.03915180970021429,0.1205892490090109,-0.01942432633980302,-0.05891013554355342,-0.04615279095405214,-0.047621897035800324,-0.04216644051126374,0
-0.2872902261850053,0.019775760524973363,0.16000537696834727,-0.0657298256379525,-0.016800616174500824,0.05507312924226007,-0.12569358985705417,0.11155752296335152,-0.012479900843787611,-0.09648545410622146,-0.058276341184939635,-0.031965146242313856,0.026666659163101385,1
0.1361960591316673,0.1264399969708907,0.2186706163501724,0.264051445892369,-0.05106053970185771,-0.11036432515036801,-0.01053263704623508,0.03501829277845728,0.05178111918119634,0.0034282636061473775,0.06916893793969882,0.023717973480412644,-0.04938347948536124,0
-0.03909887887062234,-0.202459692947456,0.15369210789978296,-0.0829130634195684,0.07809267052956459,-0.0905875701224979,-0.09164752598577919,0.059901011551239156,-0.013644814671384127,0.0007847893401185446,-0.014604102077362324,0.03548017889627812,-0.024740034785672344,1
0.24243249842745154,0.6883239401441416,-0.00871165652872949,-0.015733006314654557,0.02410004371530318,-0.13206929306340864,0.08216551851115077,-0.017897139639750863,-0.03960227327716544,0.011120542612906192,0.026341469232418827,0.1046837315880364,0.07148348408527976,0
-0.1801279157046751,0.11012079175825452,0.012187628674017124,-0.1673869297890963,0.043647314081126876,-0.0925269084043817,-0.005926513785106319,-0.014935797348298887,0.00023141048338942612,-0.021141116380952604,-0.04561197099911655,-0.03282764354805674,-0.013373348420824653,1
0.32292495789126047,-0.25036410243421625,-0.028070180067826727,-0.1443060398084072,0.0917764506233396,-0.08748306529866677,-0.009743829780648474,0.0010736386572026439,0.0588049068363142,0.03664015600271261,0.017067228721853553,0.026107654138479753,-0.016578099948058443,0
0.16612731606752773,-0.352051061081681,0.404281080516121,-0.055888692290983366,-0.12290532404173031,-0.15658651237419283,-0.14505242273964425,0.29862891828073207,-0.1292654181159369,-0.05485984902542695,0.0190265601217894,-0.008533257783951684,0.005586152286138507,1
-0.01149144997825956,0.35228866501759026,0.06977422365202014,0.01464631678200498,-0.025989810774911165,-0.1650710118915782,-0.03755606957455742,0.019439274998962735,0.053428174948060445,-0.06673557128079309,-0.003529584408374758,-0.018366640371635656,-0.16559895103431038,0
-0.17113697498087677,0.14622345691790925,0.10252620317915065,-0.16145356365559402,0.034113488619051044,-0.1262919197085512,0.010931492373331577,0.03065286824291074,0.009978330649340079,-0.004982935178214748,-0.023936579810027586,-0.04029582798236072,-0.004862521350376007,1
0.2925374290590464,-0.14281418686812597,0.030420453510781594,0.08396766870352157,-0.00727791136533065,-0.1215735665347142,-0.05536341569615448,-0.03683176028129768,-0.03135803894790832,-0.032688929527901395,0.0021689925579992052,-0.0003424866635367377,0.032237020804067935,0
0.2097517359661907,-0.33054264779056247,0.11909970169711175,-0.05622041288393948,0.011412435026925582,-0.07184048721185073,0.004935495094175426,0.004220460602485218,0.008847009063584623,0.011543325155287077,-0.03785269727751762,0.0012181219715987632,0.033111725486629405,1
0.10479975626360319,0.4929486700082041,-0.20036546018564438,-0.18119940166594695,0.23398924068014587,-0.10842040933382026,-0.20695333003720148,-0.07529713440828807,0.10569062476257092,-0.24306078345551282,-0.0016700001737122285,0.05883466411549312,0.06108302305217026,0
-0.1401372637922247,0.11503772085168615,0.1737774743196803,-0.15142529174621777,-0.008250221947003748,-0.170234924800303,0.0383023761838366,0.04855828849983032,-0.007729628073373716,-0.000594054771426923,-0.015566683477616867,-0.02209359265005854,-0.013319199663688648,1
0.27632191566108566,-0.19845858177858647,0.05407206634152508,0.024514390530805594,0.023691917336969105,-0.10962266715804071,-0.08444401267617908,-0.01489817701892437,-0.021830637480261414,0.023897817447250457,0.02945262784801359,0.011193686474942788,-0.005829187194322297,0
0.20229374780127482,-0.3414982731282676,0.14019614665531546,-0.08212223206928092,0.029894133417880255,-0.059202820598984865,-0.005295625209405458,0.016788920418373376,0.041262294967088275,0.033964014164197205,0.0016890775501943243,0.023171530444520878,0.0035227272430833037,1
-0.07000219533043496,0.31885021822971504,0.06436496651397682,-0.041998546487232676,-0.004896374308677574,-0.15086775656460577,-0.047000338024928055,-0.03898201750252967,0.006945844464271644,-0.02045827617615382,-0.04678519189230527,-0.05277889092750152,-0.08926609759707577,0
-0.1273515249881037,0.14763630428038874,0.12586263918223362,-0.1965526055666145,0.008005351875093653,-0.14615063425507255,0.010152331114844418,0.02684780940137147,0.006998455928479653,0.015291528468306392,-0.022011243475262652,-0.024021909791494822,-0.00703144341427282,1
0.4643789511860759,-0.10311472794565107,0.018674660251396767,0.06085209512981619,0.06343280562611221,-0.0544705445563791,-0.058058312404740714,-0.04334164154016976,-0.027329965401381585,0.011201999782117366,-0.03279041531217382,0.03655388568403557,0.004238328417934579,0
0.33379397519281934,-0.2308890993427099,0.1055333032845922,-0.06213474214656764,0.06397488262548577,-0.019270089982482648,-0.015900168048679955,0.02486423892403131,0.028398781014018132,0.006342753620072782,0.021166006294902166,0.029322942024375364,0.034520358278981686,1
0.30548405054836675,0.7279959708430997,0.08717643492403915,-0.053749587049964,0.009695386612032295,-0.17331907968196422,0.13154313700906964,0.003439224561723554,-0.20086087077975684,-0.006843627341897503,-0.04982406937413756,0.012599509544255734,0.08693685565411328,0
-0.06226667180542821,0.3039059980582354,-0.1277383859999138,-0.012426084415925043,-0.09158147904725514,-0.14950958751834242,0.23661339459176514,0.030188367536594256,-0.15352869298165195,0.028342751746654453,-0.057039800339323404,-0.0007388873000751458,-0.06783810343707135,1
0.31273196823178145,0.031167450631847043,0.059028129344646206,0.14974655381909904,0.007748082328575991,-0.12504825538631406,-0.05593562881689612,-0.029252809651307783,0.09135782083614971,-0.018185531533540588,0.02434932180704984,0.05348146085110144,-0.1399604477229044,0
0.171822861282829,-0.278601165353342,0.10435058580515126,-0.017458222689884357,-0.04550870232088742,-0.05352664580283721,0.01943319075111148,0.004699449427444778,0.0006271527032118601,0.06078690641336103,-0.003780830424374339,0.035459359385808374,0.017812140642188987,1
-0.38126437457565276,0.1333549257417377,-0.13992132284255165,0.05674276014945547,-0.03586505319460851,-0.03941085458732368,-0.13582995688930327,-0.010245345132861492,0.021301526480639984,0.07095914027871351,-0.056178403065587565,-0.03231101555141959,0.061987114576253256,0
-0.43094622145086786,0.059658685326989515,-0.24671958039655942,-0.06361829463453085,-0.07622965682765899,-0.04747908896894641,-0.08402210186300113,0.1274686268192909,-0.001435986179519331,-0.01809590154822971,-0.02182234890339423,-0.03195987545402051,0.05919152480747729,1
0.15996821918422754,-0.3693930017286496,0.003671338736347444,0.07959634767442499,-0.09428408014832752,-0.014636596790493289,-0.1995661075692141,0.06927652975506608,-0.014794076698103448,0.036562128537167185,-0.02425534180146463,-0.03129632578295819,0.022570603138472683,0
0.17461637507906777,-0.3553724960199057,-0.14524525531698515,-0.029876287302445428,-0.10468857847656277,-0.0039002678497053567,-0.006307020729129889,0.16229624354386216,0.0034660521102057996,-0.0059480804575619325,-0.006186351359354097,0.006761115783076783,0.018616453315893542,1
-0.6498313857467007,-0.19880073752574498,-0.1546119391365607,0.06738771123219876,-0.022443791678604188,-0.12849163033030694,-0.1265390963996261,-0.08644055849926006,0.014099021555740616,0.061653096928021754,-0.012485684915254999,0.03409739791193836,0.007188571825327042,0
-0.6471320324570571,-0.14848052665247913,-0.3823854149217405,-0.0202319391891979,-0.060738422558223204,-0.09756653057161438,-0.05128796810130245,0.08143835356511935,-0.03402138876144102,-0.0571858401143233,0.021950528306554265,0.04619107609166089,0.027947735447345756,1
0.21813944238076777,-0.34786017796815283,-0.12094618046034317,0.1186166193869884,-0.03631574827274286,-0.13400874653499065,-0.11534786989161516,0.018509061288599884,0.01691590997669942,0.07879210641247303,0.027762787064746414,0.01988995489388695,0.03530291010123591,0
0.1856214786116368,-0.3817903202065526,-0.25092120866682194,-0.04307500214352198,-0.033987960964596026,-0.0948901968100747,0.029938613402812723,0.09720137099173619,0.01853801779289756,0.020869593883252945,0.0005880864175266967,-0.010716348282254833,0.02999566675404816,1
-0.692736560232218,-0.09112582316519185,-0.24107228753917773,0.14999779393381685,0.05486766145265167,-0.07611768419632856,-0.1312673344341011,-0.010899051617495817,-0.00480928745537809,0.07822808028251571,-0.027066007343076993,0.05705208809889624,0.020557808806932285,0
-0.7049343865568137,-0.15290360812516704,-0.4064347840830184,0.011012720417871063,0.0075490568592907585,-0.07132524495039778,-0.031021513373923816,0.10996333588455912,0.017307397227027135,0.011177552162024837,0.03128888090045132,0.07729660897386757,0.003065470830043903,1
-0.06227968600568469,-0.5654378525472248,-0.11432024728131304,0.18653112181583284,0.00021117187022110255,-0.12136131250274491,-0.08797433512438935,-0.02002187973569334,-0.033094175157948616,0.06706812144912586,0.013563988679304462,-0.041595962585089866,0.007001562529741567,0
-0.12273414076621038,-0.5979445702622596,-0.27514814071003185,0.061867669118768266,0.05022926509409037,-0.09901621263411145,0.0861827191316494,0.020254190259625316,-0.00936561435339198,-0.042840589860691856,-0.01574877396134157,-0.0801831548378989,0.0033167250344460744,1
-0.6837235186146137,-0.07879291428331157,-0.2512530940584727,0.1714245480067984,0.036464188650524094,-0.0781390154889398,-0.1201167477215602,-0.005169382527672654,-0.020928846317886208,0.06460387942799303,-0.033472733582050704,0.04644706494444358,0.04086387925464379,0
-0.7084395439739237,-0.1501572567888443,-0.40754408394890235,0.013144162600015398,0.007185015303548999,-0.06255326141001533,-0.022544406379617053,0.10863111557365296,0.019445394421370225,0.013526294510577404,0.02335624968990081,0.08352545794219073,0.002553400144523445,1
-0.04197917300441125,-0.5186089968971558,-0.1083135585883828,0.21634952910265684,-0.005098282695412641,-0.1259285948411712,-0.10438985533979156,-0.004726023965864128,0.0073440543571599935,0.016525655560736065,0.03957628669904888,-0.0371980527601403,0.009814112367604643,0
-0.09711308870830447,-0.6089776540142315,-0.3017227414614159,0.03727598058365555,0.042702650214225334,-0.08829641014276272,0.07541003514281995,-0.0040079580451478245,0.018581143108894433,-0.04219649853296103,-0.027760923743098864,-0.08368537948799774,0.0016748036317156992,1
-0.716265106334749,-0.18317000264680952,-0.20262078069494294,0.14217989587378635,-0.024584372913698967,-0.08343037995171709,-0.1486309742863164,0.007708598802931591,-0.0036339594929290786,0.09095604718124058,0.016987494187778826,0.043962452728840785,0.01600042481081777,0
-0.7352303426841884,-0.1546829540004531,-0.45220571759242095,-0.012871117007395912,0.005354015437787323,-0.0834906657960867,-0.07553034081340956,0.10159717728022961,0.0048446550320020995,-0.0144968936992596,0.049547347545675885,0.09877018139579649,-0.009277514430048418,1
-0.09155484231553708,-0.6515117589968412,-0.25091446706357134,0.2110049325893614,0.08464515126917645,-0.06773775655133694,-0.0048479078610762375,-0.11983158171181689,0.020395414231451192,0.08306561879056236,-0.033198938248226825,-0.07969033306147841,-0.0016615866063648893,0
-0.1577238023959297,-0.6495951297605826,-0.3772447131717431,0.06287777003564844,0.05628439115915252,-0.059805097298006434,0.11127187999183445,-0.007344106865647283,0.029759749578605315,-0.033932452692552635,-0.0035005446901776507,-0.09106190810467481,-0.011577798985178779,1
-0.14280914279064574,0.07374423693686596,-0.08910395929275472,-0.0613817462479619,-0.05256935922034131,0.07119726422422472,-0.08822411386999646,-0.04453009824525894,-0.021304651236791924,-0.006177385875681966,0.017087786953250035,-0.03372061966306371,-0.03342108030157293,0
0.309754909326164,-0.20635114334611254,0.023206290293827522,-0.024229313757414203,-0.030219730310800094,0.07566129948798919,-0.09918937983243324,-0.05116965523890671,-0.04313783990219051,0.04040627613644458,0.03496390939825518,-0.013485221627808644,0.005482512486498234,0
0.17606472912789248,-0.3968716519450893,0.24097633680121386,-0.24728207548589046,0.08720918712858453,0.13088035357731936,-0.08227513340670216,-0.03518532693185676,0.13231960265059503,-0.041400097906520286,-0.053082921726863894,-0.03823751022513248,0.008713566918114752,1
-0.0524112950485993,0.2854745007892626,-0.12265242668395332,-0.08201715536760566,0.00016479782420764663,0.08787435753369985,-0.09970144698624271,-0.011402200240345028,-0.009861693710717562,0.035760497673250326,-0.05299495142570867,-0.009557905476317118,-0.026115048696542013,0
-0.05919430337006792,0.2075170910353736,-0.11822373648889929,-0.17101729907350052,-0.008032145426608468,0.03285887820184853,0.05583091067942145,0.07981595958446461,0.029049225263695893,0.011926740087326452,-0.0054956806709478894,0.002924088037912739,0.009624425041171513,1
0.3376554836623993,-0.10525019197698554,0.053878131255747315,0.015842608323974883,-0.0279379162283483,0.0298157971426517,-0.07383534838385312,-0.0710318758558589,-0.02523795506595646,0.08634279804155699,0.023885163904762304,0.018781955832945046,0.039034801056824435,0
0.26824754086127056,-0.15296538963339704,-0.013640774337473606,-0.13060253580838574,-0.01258942109160836,0.08938158586451006,0.08695263148326489,0.0016610972180527623,0.0201583075303514,0.008383344902204546,-0.011732909787076994,0.02699221461691816,0.030880840361456077,1
-0.05535303081502415,0.4278931316710305,-0.30752819007921,-0.13163006960388937,0.08739874763164723,0.08151320105542863,-0.08191618601752403,-0.06868466038371121,-0.018150100320096157,0.07517932548137186,-0.04598813153822944,0.06487053142130773,-0.01908668836352949,0
-0.03240142657018249,0.30238284023840717,-0.2041976568851493,-0.2295111256268111,0.064735842717493,-0.06561173174529837,0.10928745837193891,0.02944594893781046,0.006227288201362106,0.035858598311137864,-0.0781829666084962,0.0181259450316787,0.019790228188178126,1
0.3673427946323716,-0.1174660915782699,-0.009614735681189111,0.0006296631465238076,0.04768828744704096,0.09363387274084022,-0.10412891571269013,-0.07424292406274331,-0.02663671805624995,0.05581715495084186,0.004124089622249657,-0.009416043448371639,-0.007337119272180223,0
0.268699151936635,-0.18904990582571093,0.003659632062736869,-0.13187680473348956,0.024768762036749,0.1085982727854072,0.0444203789770641,0.05368812243644798,-0.0008139792330742934,-0.02046390859766271,-0.013835973194907113,-0.011154335063695875,0.0047290066619551105,1
-0.0776456132267367,0.3195321049113499,-0.27622921104216897,-0.08276954736334453,0.040767330305378886,0.10440307222801362,-0.1074850302099937,-0.04924235351873308,-0.015344503333746231,0.02743221440255214,-0.002163293721335084,0.026257168906046055,-0.03640132525461812,0
-0.10870319298098516,0.20387438923668477,-0.20631590524802806,-0.1920904719993068,0.03230517122021504,0.034481127452364584,0.09119203108985673,0.03961325359655208,-0.005172158115035203,0.0003708557286058488,-0.02349772052903691,-0.006626267507907037,-0.0034345161935595476,1
0.3183625546093245,-0.21485098349435197,-0.10238000629808047,-0.019964398064276453,-0.036505377319639515,0.05679588449138599,-0.0602026463168678,-0.1172539832891997,-0.05142800592416309,0.047859478170163706,0.026718878052734825,-0.01119027120851721,0.017697701589511526,0
0.22151987827088035,-0.32229159588912304,-0.016958696802829347,-0.14875328040336935,-0.049840187972288744,0.04337470518376338,0.0539150322248818,-0.024455353838974285,0.009118337750179306,-0.04585499714238779,-0.010475693050414651,-0.023199153215401905,0.01193424374328899,1
-0.04383758136211641,0.31871319754479066,-0.21531275333751695,-0.09932401716817077,0.05316274752980017,0.10765027706092735,-0.1279794768549839,-0.047843888594627015,-0.03040387319604791,0.018055316046547025,-0.060378421273247884,0.004005454869780304,-0.027641804369765564,0
-0.0739409582651593,0.18405529809661653,-0.18617599904196228,-0.17216434449095616,0.03257190145374479,0.044792334919307605,0.05009225073259174,0.07033478664072819,-0.02506107085897405,-0.010626095847275176,-0.00809200769815511,-0.010428668809603093,-0.018222387424155075,1
0.41358396691359145,-0.1488717975755162,-0.06901506428790995,-0.01711783314857781,-0.028403827291345597,0.040526655779167094,-0.052570885230284296,-0.12447818249689811,-0.02844698705647759,0.009574569862557461,-0.00024239968011065393,-0.004947784924070734,-0.005080848094027011,0
0.3228103337334729,-0.24318677421692497,-0.12607734159050527,-0.1682488625136552,-0.05245806694313432,0.04548537502333805,0.11028483014409643,-0.027230871082032242,-0.02659323990996335,-0.032212776391157646,-0.03523196700634116,-0.020546289397215194,-0.018103792983258593,1
-0.2111001109806469,0.1287765981613025,-0.18114527672061792,-0.13618314933332304,-0.05312581208047813,0.19685935462404366,-0.19275835937576283,-0.018490711249571776,-0.02484667859908543,-0.004446029679764073,-0.008193217424638645,-0.03717647396477474,0.009893395838447047,0
-0.24637569602812154,-0.010210594482932038,0.023254821286207962,-0.09073889335898495,-0.17395517318528547,0.15728315023993136,0.08998780452889475,0.0364334960616396,0.03009119463089362,0.005375932204613584,-0.07317490852249053,0.00939523901513052,0.016153818538957903,1
0.2598762175043419,-0.11794383900120947,-0.06707607610404927,0.058687850056852606,0.02647891189261255,0.10337356541611914,-0.12474077445526738,-0.030802005287255203,-0.0631947755484757,0.02391488450304002,0.008422531545425077,-0.03423207887412913,-0.058703172491230034,0
0.23186192680659395,-0.034264447462321455,-0.28280179212273004,-0.09995561565110075,0.10857848362225224,0.15580420326223474,0.07344431002164653,0.055047243418355006,-0.0003667385805309206,-0.006745155549950467,-0.06722823055337208,0.03123541292174208,0.03565024143660719,1
-0.24856241377633725,0.2814442919369506,-0.2616439253894709,0.054479714681895296,-0.05906123060810354,0.14290585361635477,-0.06678761312098408,-0.0780020944673344,-0.16233192981445388,-0.014858769245377537,-0.12894479042778184,-0.06615733447108679,0.06516154553132002,0
-0.24773603485689993,0.08144787100428627,-0.13526349128167806,-0.15644878090990427,0.011530047836616701,0.09729457305316569,0.03250487656626358,-0.00592249681908368,0.04029658833408481,-0.006169892475962756,-0.04522581348836073,-0.012398875289477774,0.020262943724794348,1
0.252419966877249,-0.09919577641138629,-0.0552975143579091,0.09571985015474467,0.19042140020386517,0.11666069361311837,-0.06251665476769014,0.037477855849937,-0.043091339934780946,0.08660498069885027,0.0827882461983125,0.0500199773697081,0.04286714287628354,0
-0.2032743183705732,0.2578302103960257,-0.34966944469911276,-0.049498988223709815,0.061102556886279094,0.12982847271516926,-0.13457214244511087,-0.022137572079640244,-0.07699879325860144,0.016237162286566104,0.0006184267987421016,0.0020357030008565404,0.01192040118023232,0
-0.13772449854924348,-0.17933202672965368,-0.07990672223015936,0.103785352216813,0.3370492624708588,0.12467851761972297,0.13664105130437715,0.0063630342426418485,-0.0545468568473834,-0.0037804240500066534,0.0021160669557142207,0.012354637066682538,0.09775357139305846,1
-0.24443147896036016,0.39476190089432195,-0.27019342579888805,0.32765776842914424,0.01170250797479688,0.11634577146293705,0.0304088035637943,0.01588747070611619,-0.03304097105125928,-0.10147330264878507,0.1114071746804884,-0.021071417768530862,-0.1512480006753876,0
-0.5285040695913114,-0.10159030254343132,0.16706535364923192,0.04612776077218026,-0.04168060520859988,0.11828680271838067,0.04310030774181584,0.24009840609872418,-0.17123153855116904,-0.05395812197192459,0.030742132582083404,0.0030587356581936714,0.05480231909536902,1
0.09945010227562841,-0.1421853188807637,-0.09550543032470246,0.18058396959108203,0.23453770527141213,0.18061139225939735,-0.022262376962029803,0.039479486713458196,-0.12140093969586989,0.08844480936857134,0.06502234771115314,0.0031392313739927193,0.03084384699869523,0
0.01745540879328829,-0.2220062422308157,-0.06226566172334405,0.04787810906934928,0.266792006052757,0.1957959586211246,0.0700593435314956,0.05990337077286656,-0.020379273149218426,0.012660141343249855,-0.004345974230716726,-0.017640962151617708,-0.02838192641450398,1
-0.3109196850486169,0.003397916548627608,-0.15280930265829432,0.08220452805466112,0.0019878412133686584,0.1791462653160842,-0.060335727060665915,-0.03493599386184107,-0.09548084172167427,-0.10559001191029484,-0.014967391355725527,-0.04528508345419,-0.019572583714690412,0
-0.34057660205495827,-0.0967588065301044,-0.09873144095321057,-0.03850569827405207,-0.04992246632666101,0.02640239353359885,0.10938720117751842,0.03928635329583197,-0.13711171349063556,-0.10391831578398046,-0.04480515768499816,-0.02226731836939292,0.024030506736241547,1
0.10430708960314014,-0.29753394062726773,-0.004436919124037727,0.09645455419814472,0.08646758067940576,0.07226406565455722,-0.05483752656697704,-0.022104863303401206,-0.13029929247464028,0.013419935648716333,0.02745889678894931,-0.05240534355957175,-0.010499211404493919,0
0.043036077659533815,-0.28421767479482696,-0.039663603383976606,0.02378049461276613,0.11122103829119484,0.11169306567845225,0.1617880769866701,0.008154922465391515,-0.03971207806449152,-0.0034356863025715003,-0.00660686120128173,0.015368739567792892,0.04489584512936736,1
-0.4300653591174821,0.4869278415135415,-0.5692393296816554,0.2393893211932891,0.10384079852381452,-0.07073771829246372,0.03141428981174815,-0.14849995487830012,0.03066274650695138,-0.04326492426743595,-0.005923489264434331,-0.15912634885424293,0.04451067577234256,0
-0.49570572958200027,-0.02561311474392149,-0.24376143657629779,-0.15969547559505767,0.007980329849239827,-0.12953145336830155,0.021002358011479903,-0.02567845213306483,0.049630773422469486,-0.023389167036048618,0.0367030136141078,0.0033002688253604036,-0.03086042221454202,1
0.5188439258415445,-0.26254998231529725,-0.2148041118772558,-0.022298840825555957,-0.03790849856185019,-0.09175349517343463,-0.0642814687454572,0.025005281721373646,-0.09043321391525491,-0.02746239888774373,-0.008259601694085378,0.029863454311094714,0.010145324611229946,0
0.36109315571577655,-0.28739472241257163,-0.33448936279717084,-0.10918915530164378,0.16884934299067977,-0.17164108771160563,0.03053549911286283,-0.005245787414632582,0.003761536869612629,0.04757469979173573,0.05642888300345205,-0.0016744420385291386,-0.01350008127420989,1
-0.36046068834117473,0.3325137024766482,-0.11732566247380252,-0.25752291268561095,0.08134324940322685,-0.06338570126302033,-0.021202701687266592,-0.02355239159985366,0.14281356482479923,0.017843310114107773,0.03348028045653557,-0.04364315417372541,-0.015499166728288208,0
-0.3135102312388649,0.1830079582210188,-0.21131652401809334,-0.19640640220943986,0.06363733179071587,-0.18173504154665446,0.23566228856359864,-0.15497998694055082,0.026762871157071315,0.012755015924727626,-0.07203524212895088,-0.019767070717310844,0.020422837477529272,1
0.5749717237766303,-0.0804132476766661,-0.3247115028197204,0.10979664969854884,-0.016860740099086287,-0.06104956943383383,-0.041036443303921366,0.08994368328150737,-0.09690486911749033,-0.03607659414669635,-0.11880964209806638,0.010525521072821916,-0.0044271294022906115,0
0.47103932233524376,-0.14410342241310956,-0.2692502647655863,-0.08643706507810707,0.11771795292550215,-0.04965901712308623,0.020966699695139115,0.06907297783190233,2.0274351787329125e-05,0.01949048649754338,-0.010186725058583588,0.05737196646319648,0.007514919114546052,1
-0.23539325374498232,0.21067774572366635,-0.08545944843170061,-0.12700672242395677,-0.07210434822564316,-0.14373645534830348,-0.013435901624330188,-0.18859209218017547,0.01179334458850308,0.030549246404693437,-0.04217769025696259,-0.03452105516450116,-0.001814130207118296,0
-0.3406937887584308,0.1329253884824767,-0.0888847610480639,-0.11118094681783515,-0.09724334698708395,-0.16185117267898974,0.12713385027733765,0.007971092580651288,-0.07297461753077145,-0.03160553098048073,0.04379007648766655,-0.02123628039084539,-0.009561254373460256,1
0.6032187930772018,-0.07168354336858328,-0.22479009973880992,0.018746264806081745,-0.03688403935135445,-0.05336951955812247,-0.03208718789036808,0.040400931743499055,-0.05148015375166956,-0.02022445951167307,-0.038419734236046346,0.059628635748387254,-0.06876893438071036,0
0.34757142181393463,-0.18799367162129316,-0.08355634745047628,-0.11962552994891368,0.06037355672113715,-0.03023226734359719,-0.03249737664893126,0.060367233957755756,-0.020841028641666096,-0.03574695746999156,0.03445184204828622,-0.0009687440025963727,-0.042257799765150185,1
-0.3101989549661616,0.23816739625529482,-0.22520049000162787,-0.03434697283082549,-0.04997143649605405,-0.05650716821127548,-0.02867911930796581,-0.027048382218657293,0.0009489527263879555,0.009684316381897725,0.04152461431089205,-0.029357842860226382,-0.020423586693394655,0
-0.3159765088733809,0.045644526232542296,-0.19997916973988092,-0.13141140232295342,-0.07160060506845708,-0.04031413732440686,0.11224264452215807,-0.0726447492373141,0.027786538472529786,-0.021587887110232015,-0.06018091320266415,0.013300073238190525,0.006514468431367716,1
0.41445908639763057,0.38299846055726294,-0.3289483582619494,-0.005737286259195064,-0.07271020139631856,-0.047660922276220014,-0.04170621589874166,0.021151319607408774,-0.011863883895533943,-0.016293421205092945,-0.016413937984975882,0.00880806009400826,-0.019126513651217238,0
0.3975614289033332,-0.069067567218289,-0.13265774714886167,-0.15274908642214102,0.036602575826084296,0.03323977016971554,0.03275994647843103,0.0025074762159755324,-0.05211996181803767,0.0954793135174284,-0.05576118859743835,0.07805709535451943,0.035018777128382805,1
-0.15312483172605604,0.5265079246055209,-0.26956229637229356,0.05756276655164404,-0.07995099131763714,0.004651370864483923,-0.05143539825265318,-0.08548360062495752,0.08710134907074228,-0.012229402725305576,-0.03107140392781806,0.03964148161399417,-0.08819841511609117,0
-0.334615631849374,0.07019274892327086,-0.09048180618293424,-0.15932992165835597,-0.017903646387725902,-0.0827799839123107,0.09508501904977956,-0.0487162044642827,0.03529255053725324,-0.00953846627540847,0.010090479770820506,0.00833619899992579,-0.04997683693319644,1
0.920416442323498,0.3673529359763901,-0.2949160059262843,-0.04817045788211152,0.2732789289679143,0.024239444587904772,-0.02859920078264575,0.03195661994284555,0.2795937114579262,-0.019113552534416666,-0.1641316917608482,-0.17858162876091097,-0.00987591371524038,0
0.33761562164997305,-0.1670128686025363,-0.07716819309407247,-0.0993964993990381,0.0917144473442535,0.03181623961877568,0.05871945274837947,0.012839445926665586,-0.011226653880629333,-0.019960639339779377,0.05520840454187616,0.02258661843911335,-0.08029091562243111,1
-0.42287682960225975,-0.2357122513106025,-0.07856487462415301,0.05898079369035646,-0.23153191750932414,0.06303757174434502,-0.0818174609767386,-0.061284735408510066,0.050284882688444096,-0.04626336541728351,-0.014645362765451154,-0.008669188931345568,-0.02136508629280324,0
-0.5486117225258856,-0.21625823842563405,0.011621633515279856,-0.09025256598354825,-0.12261353593126875,0.1579378839200094,0.11966860930434632,-0.06367693894800859,0.10494162847990778,0.05169613132462591,-0.06599143680500628,0.0023369692364191364,-0.03853149976906166,1
0.42514900594679894,-0.21757248342260205,0.10116245088278326,-0.004500745978353548,0.02826809785075662,0.1921089173526638,-0.08897958779208438,-0.040313747155172386,-0.10597066156114701,-0.037794954839178566,0.0009884173313294408,-0.06891910147292958,-0.030993968504869764,0
0.3714684180163766,-0.27026822985572474,-0.04233214938237816,-0.13419161691688186,0.09126281481180104,0.20690465943940273,0.07358560293712398,-0.023139064758469333,0.0504978066177112,-0.019779446348840005,0.03632416364700379,-0.013716499075644914,-0.05220679665433576,1
-0.5219165277377319,0.03282280139495962,0.17444761071031045,0.10124882352767164,-0.01891174482209831,0.14801018607919642,-0.04898448946765745,-0.16510430688090288,0.0770595317019413,0.12469002696365013,-0.04040283373819316,0.0053870041341104,0.024006360146070545,0
-0.46050295082950987,-0.039110903370484375,0.1458104096372564,-0.10323987224371797,-0.09147520771469933,0.18484767911011546,0.06505541198033382,0.03671559735091381,0.14577036602470195,0.07333534756395517,0.031088247146794753,0.04266197254199541,-0.026003338009493837,1
0.3143692293196687,-0.33251175377928494,0.009047264878978807,0.042043173076205094,0.11323554552243092,0.120323953040845,-0.12565651934902655,0.03198244863575772,0.022982752049192336,0.056769875782046814,0.028358460571162484,0.01566004454688785,0.002333428455298758,0
0.272989574248863,-0.43466521812890424,0.01749885800256109,-0.05289694097948435,-0.004806743624502844,0.17306571114176972,0.029822475927842946,-0.003952967926829012,0.06183250551480573,0.0033451791558131035,-0.0330361320103842,-0.00405082837169071,0.018727539777417843,1
-0.5517701388594716,-0.030108270416142714,-0.12768377433936032,0.12143829297501404,-0.0911381255527045,0.005607766378807049,-0.06697378312300256,-0.04263279711446816,0.011858754887168022,0.0009570361148277232,-0.04094945578837949,-0.009879603215595098,0.0328665217582874,0
-0.6059264780658807,-0.2529763275841068,0.051267990369628584,-0.0651278298954014,-0.056189730377944426,0.1404964582499449,-0.028439615521841717,0.09192971226504207,0.045291210812542164,-0.0008866977755347844,0.06075342290899477,-0.08553169596609338,-0.05101435897435821,1
0.6495766497063432,0.19592948159122525,-0.5063044805927286,0.34676750999253464,0.024547445926766262,0.08314445072619085,0.09658984928546348,0.13331227955712924,0.07289120123391313,0.03423277331674711,-0.053589023222418326,0.0766561007624469,-0.01965510606944089,0
0.1426969178955699,-0.535793553273381,0.01410925500839614,0.1497291623582635,-0.08995298920039967,0.14131883167075207,-0.04921685244777228,0.004276447692363634,-0.003951216440513119,0.0015079005742991605,0.05366738926555935,0.035079977182310346,0.012375975894864104,1
-0.3411586831444408,0.03225210668900233,0.05751427231061589,0.034832487738232734,-0.22119598684592742,0.17718998127866356,-0.0730788117100496,-0.025140622692059456,-0.051097892760924586,0.0018079072803828848,-0.010286163360494757,-0.015997014108924925,0.00859945453659353,0
-0.3861161086544121,-0.09793370832710219,0.06679764904022466,-0.06851611794583144,-0.14439887942835986,0.2184200826087268,0.10912769902979891,-0.012102698164547869,0.09079501599064135,0.02496763870642614,-0.023422024346149907,0.051537402430074035,-0.014459038051734402,1
0.5854704080253065,0.07494762859992539,-0.40398053378921306,0.4478485805242146,-0.10544786918447696,0.07098585295033691,0.11988008932744373,0.14015711557493618,-0.03962988983023162,0.014052020160587523,-0.046909686160571666,0.10843736805344317,0.016603629863435772,0
0.13270253034024193,-0.5927815825273143,0.009166531323307772,0.12738506516582188,-0.16471078333471625,0.1272693144062133,-0.07992492697992401,0.038877864391752684,0.025426331715484394,0.0038854649523357835,0.028549774785570622,0.044436199265570124,0.0020774852257176464,1
-0.46691384425107324,0.19358954973685089,-0.12689021925693839,0.27687652519114536,-0.089100845429801,0.11687259700089832,0.04460781012562755,-0.008747685770540067,-0.03829293092834875,0.04104011260608072,-0.0024369485082121915,-0.04422380035346393,0.029398662091125644,0
-0.564814889885984,-0.1726383290583888,0.024268581070532112,0.03150373413348915,-0.1023792967063723,0.17667481438384067,0.10143347182303229,0.011272461875130797,0.017529991081506328,0.00141694052832781,-0.08354525163380225,0.005769073561140673,0.04383269048294395,1
0.22761940321603277,-0.4521550003121124,0.08739416759339576,0.1521448081790209,-0.010351408413268436,0.1177740076603789,-0.17481191490209394,0.024861615329148812,0.028045302424267355,0.0689011080418266,0.007154938343410516,0.019740838848788272,0.023033120597148717,0
0.1960647680268678,-0.48338900878190866,0.13758368819840405,0.002450202763978106,-0.01926195852706776,0.13844609438065514,-0.013506432366483292,0.05957908804329206,0.08123528482973254,0.026249982426633574,0.03324928238889161,0.016401545766356905,-0.009083356676854941,1
