0,1,2,3,4,5,6,7,8,9,10,11,12,13,14,15,16,17,18,19,20,class_numeric
-0.4949795026999682,-1.1343912311863276,-0.24877628579127178,1.2587807410173262,0.548719688727185,0.5991321037558783,-1.327656429553868,0.49766493959593805,0.1409717742593307,-0.1130971175237389,-0.2598089333888205,-0.28336677279575806,0.23854171029561047,-0.1660442824091356,-0.049459068811103006,0.676085038722205,0.06349662302767377,-0.6547400089552399,-0.0070894713040810286,0.1981278779804527,-0.22140850412758778,0
-0.7003207870649374,-1.2590208841252395,-0.23054060523033487,1.4035566651674964,1.1575132097592955,0.8324518582635606,-1.7955062169755496,0.953168336872404,0.3023259720214057,0.13951632950175308,-0.3043472953161767,-0.48265500859701405,0.30649734359163733,-0.09460760557335783,0.315133113497375,0.8861738965480326,-0.02275798021600735,-0.33949282778302053,0.1637299386130984,0.272981409922348,-0.2867646509344836,1
0.6248857811631565,1.7557751114136446,-0.02686702484672733,-0.028485443946312788,0.2933646671575372,0.3384988888623894,-0.36532932002409374,-0.9954238430218517,0.844950398615299,-0.7015348616501182,-0.3910210633496217,-0.3294183805815068,0.36162062759343455,-0.02125540600848047,-0.37144773046042134,-0.7482769134194431,0.4898134643656809,-0.18042166430820816,0.4570426186292017,-0.07839246888911479,-0.8657389536187249,0
-0.6999654606830664,2.7281005935549856,-2.32654271669475,1.0172587724595794,2.0032878459420953,-2.341386530056672,-0.22905819218584444,0.0029060087190897863,-0.5324682531079363,0.2992965798741168,0.07554768084564624,0.5142617816099474,-0.31914466099970945,0.141349600533246,0.1356335938312491,0.17626901877128875,0.035993975105061735,-0.05908048561971445,-0.14900602560599538,0.22470176765395508,-0.00809689742768866,1
-0.508145561077621,-1.0061014182808137,-0.13655057570330237,0.9418451920853467,0.3829186074357477,0.4720883417507799,-1.1046981899180455,0.2600925161463626,0.051305226279223945,-0.030684447913836437,-0.11732011349747587,-0.19600942976744115,0.12220261680992718,-0.10919058495788898,-0.04044050433739669,0.3714306330282256,-0.012548401957667953,-0.4482262950436549,0.04286006464906627,0.06094090613121404,-0.1814224639384996,0
-0.6997089459238413,-1.1815849433864771,-0.03453121394252777,0.9741320779165723,0.9000412131354183,0.6250026822756612,-1.532997832519237,0.6723142996117807,0.23576368373452042,0.13860406963842503,-0.14485900551691247,-0.39576465000044664,0.14026896835788139,-0.0905707338331819,0.3115591640709743,0.5254373366306163,-0.03828419853242948,-0.16693442135587122,0.23199251961152959,0.09069396372380974,-0.21215416685533547,1
0.2162084077286001,2.9831140409916865,-0.7818576180795009,0.31234888065699684,1.1097129922855429,-0.472082879710481,-0.2952820903309381,-1.1376238563910168,0.9683908823844457,-0.9491474021445063,-0.1929736851965258,-0.6697525632285953,0.19529342525952628,-0.10533241531225529,-0.4289534190740789,-0.8232420029322992,0.18067216074500603,-0.24388078004851974,0.9281901949336919,0.09831036267978559,-0.637527347223045,0
-0.680778341728926,3.069622832007034,-2.503571381997375,0.9102750071781397,1.999639391367083,-2.2997589822666447,-0.20258484959874123,-0.24127864257287113,-0.2381588375444911,0.2501717889308307,0.09233164380594953,0.28726152967624335,-0.10465694274392066,0.06283744057685374,0.2716351585158064,-0.012836096843920175,-0.21131667487057937,0.23200225336254482,-0.005466678262261744,-0.055461733573938396,-0.12571971455645417,1
-0.44951676745476854,-0.9074495572405461,-0.22332908829804254,0.9448302723009049,0.2885433758196326,0.4548584868117697,-1.0423211892355133,0.2874566256327398,0.03584674846976666,-0.06847534856261932,-0.1296945728530594,-0.14538544775100387,0.06650784750587278,-0.13880819266332323,-0.05792007195576112,0.41320391714343707,0.03490782074629817,-0.47276209166689,0.014084638954877986,0.027333324457987276,-0.22269913121630114,0
-0.7310823742531599,-1.067248906360211,-0.12893331432624383,1.040896402445916,1.054539270620848,0.589126683836755,-1.5912757812132314,0.9080275353745235,0.2324633251960718,0.18504390940693471,-0.21724017140164653,-0.38686571138374926,0.20970770737555697,-0.04273846801800491,0.2932346929901426,0.6250272849414488,0.054239145484108665,-0.232749407298964,0.15650215140272725,0.15536979583001195,-0.1371993862450826,1
0.03837525194227709,2.0591147493855617,-0.7520627964098716,-0.22946752990467242,0.29072328993599883,0.11458681773445126,-0.3765265943548066,-1.0461204339261045,1.1026755935722663,-0.45851271987850045,-0.25134324171855627,-0.6731363664317016,0.5711231907947035,-0.05066339455145277,-0.12553467728904702,-0.5459785502415443,-0.01085442055691787,-0.04152037703113103,0.5115316856579484,-0.26094156882758396,-0.6577158017776631,0
-0.8299253949679715,3.634109782054166,-3.3825328451476184,1.7153589547093906,3.315071347486349,-3.7233251124669042,-0.2522502495089512,-0.015744771985406778,-1.0568710274799389,0.7149415936318751,0.1545928232286465,1.2036575739277993,-0.6555792875352842,0.33693535398970315,0.3357884961876267,0.4516684066558823,0.11833340536084588,-0.16598514608287343,-0.34689404970152654,0.6683542275232992,0.18461341655575453,1
-0.5259213487460302,-0.9747960238525735,-0.1735287510064057,0.9911892052762513,0.4577445538361621,0.47177350871444257,-1.2196207086050033,0.45884614901900644,0.10740189961902098,-0.07183964164281141,-0.18421167461151886,-0.20028722718778116,0.1410840189715545,-0.14957889816724748,-0.06355396585543435,0.5030557927756115,0.08158000959007444,-0.5338181489033763,-0.02527837494254969,0.08180162187918044,-0.1825726460414794,0
-0.769313762124852,-1.0594966968096187,-0.14753479647368106,1.04544812461122,1.178384038283201,0.5822927612693011,-1.6695494367762387,1.0453347477897414,0.2555670337112468,0.22561223137448438,-0.27877289226301843,-0.4026265506089597,0.24322821252286192,-0.02970655328267558,0.2992542049497202,0.6679663592664788,0.05163686399057793,-0.1923944893114689,0.15272470814987268,0.16308860065404043,-0.11288511836387752,1
0.20644176346656,2.3921308952391107,-0.7205793589837083,-0.2892478234196593,0.47820246647878434,0.21569430497975728,-0.4159258952656037,-1.2500058969431083,1.2621795603072588,-0.5425593841819413,-0.25485227953785744,-0.8033280050039133,0.6823438117296137,0.037370574933045284,-0.03632195302635179,-0.6508961598786784,-0.06757425213625733,-0.05330213430384727,0.6818778151390122,-0.1679944184272999,-0.7314222133496875,0
-0.6314714466911526,2.9922021021569964,-2.2186482286247884,0.7426145731036389,1.7159299474908527,-2.010584653344165,-0.1973011578346248,-0.38375954393399997,-0.04021774827003352,0.06227500525339628,0.06639878052691121,0.034192025689390046,-0.04948588174582922,0.019466697643665883,0.15996247999709223,-0.06383227705495127,-0.16037593068313846,0.1606423234989444,0.13457834766782212,0.03215150932264097,-0.15690184535442125,1
-0.5843265511227119,-0.9408393473476933,-0.12449392295299172,0.9293688827466552,0.5538055163214856,0.42369473282676134,-1.2525600586825285,0.586034331406159,0.13177001063083119,-0.04895235406656603,-0.18494900826817878,-0.20646979067287866,0.18764895891628613,-0.09668452385889327,-0.07764322406498599,0.4408479758665618,0.1431647943696544,-0.5136648733367892,-0.03396255568641815,0.11531839359811184,-0.059847393184470334,0
-0.8043093907409988,-1.1193038234443307,-0.08637901514633502,0.9828897543721046,1.243080093627541,0.5919540070246468,-1.6974843915524653,1.0736839818133757,0.29131964089761336,0.2532603439819672,-0.2680166633423306,-0.4557118910185747,0.24853173668031067,-0.0017864283629196011,0.35769121163157525,0.6041096893218004,0.02327800885414118,-0.10459271934799357,0.25698728286850164,0.15776856723776111,-0.07547863001342316,1
0.6488175423933172,2.1183143774110316,-0.06306721421027732,-0.09759153403888127,0.4310264314515131,0.38052449458425264,-0.3601476208683113,-1.11320230746261,1.127450800205139,-0.6972985003394744,-0.24248311041871354,-0.538498654391563,0.29738446748012937,0.118347056643659,-0.3476276799741895,-0.7580724288272349,0.23294749113723381,-0.27152065686275856,0.8005618262565288,0.20405947993108742,-0.5132337810967742,0
-0.41602274759009145,2.05666154165911,-1.0976801515991927,0.22506893562714472,0.6040963721847967,-0.7449708526307776,-0.13541750972766034,-0.2459072947502277,0.12295649445805718,-0.22874583741111845,0.06972829832741892,-0.26416968932155316,-0.013371735375998029,-0.08720673258493483,-0.0009504564027102268,-0.10702812399532885,-0.07609496452940008,0.15011298284946437,0.08526935346716202,-0.01284940679513549,-0.12603511673058365,1
-0.4671289682069813,-0.5103651771997378,0.07517527361455739,0.1847112269257093,-0.15556874894417969,0.08441612586226388,-0.3635730631691155,-0.07587738146936097,-0.11484541369292345,0.06940596131841115,0.20104511964144775,0.07350953409853067,-0.10538947847866162,0.0059957276451736855,-0.10487975269399984,-0.2149409229507597,0.07757980738634594,-0.13121901773054956,0.1102837335655176,-0.07729606728489878,0.14891992577317242,0
-0.5249863665119912,-0.47515798907544554,0.3030426315487449,-0.09871862785594168,-0.2629108554036103,-0.0886705316511065,-0.11408659207642674,-0.35340548942278693,-0.2042296295633131,0.30470853489097655,0.5157638531135913,0.03940729368713123,-0.31275182072463303,0.005516400968981013,0.19899914782608932,-0.2393347788827138,0.14117406516631212,-0.02648334646321986,0.18591785902105643,0.17056235208523296,0.10328460996513823,1
0.09956110939161393,0.3515191835888099,-0.033045277216480144,0.3306313571782256,-0.37725298304022487,0.020368382836844348,-0.05085164846492482,-0.038530327205260236,0.10531582683559426,-0.41342924843052126,0.07879906059077907,0.1634484500338205,-0.03261520056344232,0.06062642621832176,-0.5034744333186446,-0.37783720954076216,0.32617455254990607,-0.22521665201071658,-0.05505788159952819,0.061494435590865024,0.01401864428522383,0
-0.3496241696900047,0.26794412126410505,0.22548848180487016,-0.29895931376045287,-0.6026952146151978,0.30967192494261186,0.09720590678460611,-0.3097715250199077,-0.12641741258033504,0.22754899541544962,0.30273179662071054,0.10408734234714023,-0.16558509491712053,0.12143438469345863,0.32001491646519037,-0.10397481160869677,-0.11504928805962147,0.16534384319966017,0.02799992267193274,0.5717792491794903,-0.3421276815154992,1
-0.04839566046514634,-0.38004879114068135,-0.0024405408383825987,0.2990117154044671,-0.5746907169465444,-0.052553777323343494,-0.32118217533949356,-0.17498596043232892,-0.12888049236541704,-0.19209780176081961,0.09973583835106202,0.418477556901426,-0.0820682368168565,0.01297203098772006,-0.5657263446673768,-0.2677663641498232,0.09411906367197223,-0.19350225912557434,0.09301383064007453,0.10907521171322752,0.1684540269513298,0
-0.47904896110395073,-0.43683948809497564,0.32655697529268046,-0.15464701417679225,-0.3670004186165848,-0.09004256156663563,-0.05596508098412481,-0.4603036122018048,-0.2920186869852029,0.3220899506763086,0.593684311768742,0.19024923007687697,-0.3182402057825683,0.0428495818562706,0.2780035957755648,-0.3132205710963534,0.05759958934821387,0.10018744912383647,0.261146190481797,0.25715758929464133,0.0580018373321205,1
12.81772885727064,-1.6695117426847592,-3.041669720001971,-4.722935015506883,2.6200429057505064,0.6770762274529404,-1.1161246611580065,0.7761469844454465,-1.4745875899074845,1.2276394381155251,2.2609060618743757,-1.4044280295404163,0.913776892075724,-0.34886195871852804,-1.1084251925728617,-0.2533406297073504,0.1621142245771191,0.008410652451666827,-0.5095247374165243,0.36496951559975355,-0.48006384446527506,0
-0.2401553489673295,0.48813433336570367,0.1341004004232487,-0.3090658220221728,-0.6007703160651885,0.43495783266911314,-0.026326854402617297,-0.3484070317459944,0.01221103530606316,0.15261700654833482,0.22582371996680034,0.09893730302875486,0.00826572735493147,0.11818613736736182,0.29061022794196684,-0.10336745104301992,-0.17225386130648324,0.20622127079871627,-0.0035170933749920554,0.3669782682676156,-0.32217010039542604,1
1.1272120765485347,-0.5523457388909877,0.24280459909155605,1.282269006415659,-1.067010967643587,-0.9165207613379734,0.17205726715773684,0.34821652033448863,0.11131780560802053,-1.1753917237565747,0.6040372269238846,0.32580646395012836,1.1635909717105997,0.20177818248453636,0.0818365771730611,-0.19402210408446377,0.7859800176212722,-0.42253225942196115,-0.14964098146931176,1.0195069418889964,0.46296765542007484,0
-0.42418021314821336,-0.34919472866714807,0.38108588264409665,-0.11232636307526342,-0.4751349977809088,-0.12471502753845194,-0.033911642957723184,-0.5666900278527902,-0.34240936467711464,0.39124633210590093,0.5975306226341852,0.11382880954924188,-0.29014516145165453,0.03132087567692909,0.2515119520874359,-0.1662176965732946,0.062211732080997215,0.054205701020929295,0.16977360901590086,0.28464642506653637,0.029766604520531283,1
-0.39946357595329285,0.8437296605631103,-0.20912818593037458,-0.12673119791419749,-0.42423288823367605,0.19176736352085522,-0.005773435108890201,0.1448062158715034,0.011345483536911541,-0.1154018618592951,0.03018178485484316,-0.20246355892054457,-0.012920293150044351,-0.2481134288593885,-0.5299533078054942,0.20248084358225593,0.21867863847839036,-0.13202988222112733,-0.24569486754647507,-0.5717356516324069,0.6391226310289003,0
-0.5133529915228174,0.9463385293809564,-0.15157348253858674,-0.3195707695768776,-0.49758034128555,0.27674181142216214,0.22462120910696523,0.26225204431396265,-0.1809525058369543,0.13822043559465033,0.24053715019586336,-0.34572295806506,-0.1369832942171351,-0.21593547256884005,0.21625670443206585,0.468500156156826,-0.10555024455826799,0.22352457855245395,-0.1791453888994635,0.16828179955368638,0.5602529687043026,1
3.6066578105555855,-0.5750137276199744,0.1257883144976523,1.8351485772580887,-1.0875768145679552,-1.5433887452559234,1.2920347578067477,1.995345054678281,2.955974218153491,-1.4215820125222502,3.2424047150185635,1.644207405891392,1.2608854705834933,-1.051341502011409,1.00095948027494,0.3055507715446447,0.30607837577743896,0.17220086199683482,0.1896126827439013,-0.6398443728193531,-0.18537609244505232,0
-0.44269381048032846,-0.4464171115006634,0.3754806015392646,-0.10790215595082844,-0.42337019410961874,-0.1643958977873833,-0.045929397448899525,-0.5574881618390329,-0.31390654838551035,0.37733651978023863,0.6313131961254843,0.15505981237213792,-0.31676666571807116,0.07632364572463056,0.22718743725880577,-0.2866587628771374,0.06288068883260414,0.034444489473667114,0.23882652941412494,0.3079601290097422,0.08673124659912258,1
-0.4848481726213225,1.0261681161323348,-0.33397469166971827,-0.17225852788956353,-0.35925338031288495,0.13285422162607496,0.06908041957400717,0.265945876272027,-0.05154393393648489,-0.08070951382076734,0.04002769898019135,-0.2789624953310708,0.01822409564383451,-0.2567549439730705,-0.46122108548352125,0.24886506353548304,0.1663249513950597,-0.11388790087054929,-0.21044390584550252,-0.5564732279738173,0.7536655463676639,0
-0.48083345408493566,0.9371652056763846,0.012999868541647575,-0.4428239945909405,-0.6930298394069825,0.5237161494163017,0.2734929499850299,0.07680967734624913,-0.07068862407014663,0.14946548283861527,0.25475669261088774,-0.4627986719518732,-0.0824411084506215,-0.24616366380117993,0.35986805087855583,0.6565791543253356,-0.16582904473102586,0.3053753392836828,-0.2377462759742504,0.3201668350714221,0.42533824302377604,1
1.1636583652319965,-0.6220269809947493,0.1434745812276306,1.437130349123817,-1.092925562276421,-0.9419203633213596,0.20756912979333944,0.4437090133428162,0.2357039596911014,-1.3249730496332641,0.6777988098329838,0.31595709754871204,1.1694595180615137,0.31377950211350414,0.006430861545970282,-0.16077393891110434,0.8855839757527508,-0.5622338662150932,-0.23948986637942482,1.108617590526345,0.44872536577492034,0
-0.465424452941638,-0.43513339787562333,0.32412564718011866,-0.11500070186798604,-0.4048238123731888,-0.12063268982197037,-0.09015360321197437,-0.5313230573759836,-0.25680863685055716,0.368128498760449,0.5675212276332534,0.1268838565731146,-0.3397930892464227,0.009775033875806966,0.20887095306434414,-0.2287148093374908,0.08725075096350574,0.008116735972779069,0.16762903417602595,0.2254273588226471,0.019640656504843045,1
3.92230149195635,0.5282175623647265,3.365491618526966,2.835808810704889,-1.3612423641223543,-2.740326071620332,1.4338458573058501,1.83958104378324,2.841491323029719,3.732168443952571,0.23365687766379792,-1.5361051291924293,-0.9911585561939018,0.837426438963305,-1.3201816260969268,0.016427098075999742,-1.1189037237096413,-0.24276992648317008,0.08425833036176901,0.08488083639175499,-0.2844504394078524,0
-0.5709937608563235,-0.160769674823588,0.21914617922779783,-0.2672952739659615,-0.42476146204694876,0.12085571383653534,0.016335196051976072,-0.05897913546313401,-0.21820991821528968,0.4596086793118104,0.689309880802429,-0.03364656332612295,-0.4742861189392404,-0.09109690627423289,0.36290854213936874,-0.11467932720274004,0.24604325119051523,0.1108866933357373,0.33165785856906366,0.08491892754935294,0.6877248746321857,1
1.3540761772853702,-0.6187842035441402,0.7951346710712134,1.2138126164302145,-1.230805885955843,-1.4075215560450403,0.03177590671863089,-0.378279515060247,-0.910926094024855,0.2855257155342646,-0.8532300228784249,-0.7616617970890379,0.8361888215478331,-0.09390546329731674,-0.30975983266856155,-0.02959594984958189,0.3651082703994745,-0.2614368556914613,-0.17931500992780583,0.0650099112863305,-0.26926697832890323,0
-0.3491528186020382,-0.620731486332396,0.03807937449841597,0.23539488452040694,-0.28803467910007313,-0.009307889036613658,-0.5738710604533392,-0.3352477161568485,-0.19696926451622404,0.13676180320314726,0.11055076337383958,-0.041212240901320675,-0.23341457558836967,-0.3021305438420743,0.11585891406906701,0.29137385437100133,0.15112995005484914,-0.1768302765579534,-0.11389119013661644,-0.34900669438792725,-0.3399402741953448,1
6.639542798290554,3.2759658967695144,5.912220214484314,1.380754463193126,2.5486458812759136,0.9838831345250729,0.015579380224039138,0.46149042119081635,-1.7381960011364987,-0.5568952544206967,-0.02704851680016329,0.44678385190702413,-0.4550340181272985,-0.7242679604821839,0.8019878767161178,-0.11607544826693635,-0.07139952184211355,0.2963132866833945,-0.02962544004618249,-0.8441843682878438,-0.1862424557294566,0
-0.1731611752434636,1.1922807827446427,0.07492327605568092,-0.39702785745459623,-0.5453938175360925,0.6412777684546833,-0.020911215439715764,-0.3695549663518711,0.3229250952712281,0.08192741130225675,0.09994252303200288,-0.3705181762567396,0.09482919503150042,-0.05916609260376429,0.49663587368583656,0.5515382990713277,-0.25491031070551157,0.35899484199233683,-0.3718348736811141,0.34258354953400943,0.0726095364395293,1
0.12350749826255487,-0.653867318458735,0.18410554608037644,0.7484984607755366,-0.6684243049873088,-0.47893423983111966,-0.24942973692646658,-0.23605115445959554,-0.27607116698423817,-0.11365774674662785,0.016857359764765545,-0.2480263826194223,0.20380516753675587,0.13439737810461932,-0.36437542914648574,-7.023584582853774e-05,0.2854629213364572,-0.5749161040156527,-0.11163696810856648,0.1659667090373233,0.06991623133335362,0
-0.4566689816433417,-0.6907236333085961,0.04662348435545771,0.2462761188856675,-0.09058957926693371,0.10322375451981089,-0.5819006017238487,-0.12429948418204821,-0.07640560557035063,0.08174960072362851,0.19980562223513826,0.04371526467870976,-0.28304728394126105,-0.17387388481521668,0.08878692004306706,0.09294071197272127,0.08326555304988048,-0.09502708803057061,0.06250713705356173,-0.2347034224734839,-0.09451686199143851,1
0.9908636105571647,1.76618646902292,1.6122143588067315,0.8625452056497073,0.1207829464155741,0.1953618117879631,0.15736997795155622,-0.0008047184471466735,-0.16053455145016893,-0.9708684218065267,-0.10322330604305978,-0.3650406042474464,-0.7446604020273847,-0.33431432201710715,-1.3054093801392674,0.06299422277478056,0.588637887259898,-0.2835676075855831,0.05083159315428929,0.4606990901720953,0.48591597176540113,0
-0.44104048318519745,0.9421277625371809,-0.10370387246228155,-0.4230121943298577,-0.6072820310155223,0.4631812781087315,0.14113998751721857,-0.055660783053532184,0.08715677610990671,0.1445737315884732,0.15829790026368573,-0.3524390230680479,0.0329894145216909,-0.15289321748143941,0.47119223329269566,0.5262203698092879,-0.21154187379102013,0.3254106197733848,-0.3029301943997708,0.25750202780394593,0.05773256053713507,1
2.9261985576825222,-0.9170906958447149,1.0154693959616479,1.566514609449051,-1.494874472558286,-2.235263822606991,0.3682208590660347,-0.4232926524379208,-2.2858123816335936,-0.17697663084689122,-1.0758580822681367,-0.8295509827491471,3.3946742397819145,0.049276320070135805,0.8705537377430131,0.2814456735982945,-0.7063918092424974,0.7361252016066826,1.0719184828941297,-0.4420875043289094,0.38638079138227244,0
-0.5847968052139705,-0.7287399985918882,0.1223287430904481,0.20420079648985004,0.18316034197608116,0.1235361598401128,-0.5595359346621964,0.06145674327464482,-0.016288994981017088,0.06986531802328631,0.15795558033661666,-0.06567416551226288,-0.170630251469085,-0.08892576592973206,0.13523326573817293,0.06301007610745182,0.11244221449715562,-0.07779745195245968,0.044768338693067934,-0.20047170487357105,-0.014521805654134523,1
-0.37474734342033666,1.4836720238578227,-0.5141795254714346,-0.06869619812453812,-0.14480570684188743,-0.049482954231191055,0.011090228287320909,0.13061844240762804,0.10112282376925108,-0.3127950975370606,-0.057724447578420456,-0.42629777375987493,-0.030811667168791197,-0.3608691721499389,-0.7805907055658597,0.3040952853715616,0.2871908997198234,-0.24038348378764712,-0.26775802418809574,-0.7669293424079604,0.8400891544360995,0
-0.45142111138661517,1.2677128548131178,-0.3862716522995721,-0.28620890808121835,-0.3763268609374252,0.21026851167965943,0.01410101622261054,-0.07666306885236071,0.14998915296012208,0.03232367937656723,0.08955957610790007,-0.5024130136303534,0.08340996181343006,-0.2562011016139385,0.29733332170487287,0.5596428003569741,-0.17892598637923846,0.31839377912714895,-0.3915851864486709,-0.09299622213630224,0.22870326187195988,1
-0.07005209965057727,-0.7648485405905381,0.2396120192069067,0.5526948786493597,-0.509949841493377,-0.49190904869071267,-0.25223340194150473,-0.4795213765397443,-0.36680141295920854,-0.09044114379533183,-0.10866257322646523,-0.2437321651934412,0.2838807551781109,0.042027325770446884,-0.2704312475482046,0.038734031062403994,0.14836439966213555,-0.4923741526827784,-0.3378328909277574,0.022834934358521426,-0.1434494779362548,0
-0.5656609002646148,-0.7714054565096621,0.13771436983848945,0.19923116109916877,0.1746677920227364,0.08278291070097497,-0.5224304398515119,-0.0609400144331772,-0.03621747719509266,0.03842538043181869,0.08382701853897452,-0.08569193150484003,-0.12899223900685433,-0.12783189535856856,0.11329584710443659,0.14389093566811406,0.04192264416279432,-0.07010059789867207,-0.08299297567014352,-0.24396207850999713,-0.20478992888478048,1
-0.2501418625331915,1.5183812190049772,-0.2967419870893021,-0.23158044437919006,-0.26436655903056816,0.30009117836985477,-0.008800084286060716,-0.15802314361462735,0.3168801794422032,-0.33331007555094216,-0.0857220917893552,-0.5350717618775599,0.1513991412878065,-0.26828493580637847,-0.45934376969935914,0.23343056010838592,0.09214411233383224,-0.08196350225741242,-0.12019249373891154,-0.483762400814219,0.42199868584082445,0
-0.4330846443440696,1.2286856442671719,-0.23840764771463488,-0.3893148636675072,-0.5175555892373292,0.4051686101838723,0.09198932711830513,-0.10234018059521276,0.19748260977182258,0.05139666451996678,0.10634590328986643,-0.5035282405447714,0.11951964808853471,-0.19437717602366322,0.4134102692780399,0.5523363117337872,-0.2496424961286612,0.34978501202178197,-0.31256727859400696,0.17107857265207208,0.12340176405811344,1
-0.3526877141567659,-0.9148327928476572,-0.06712362963596266,0.6667755838984565,0.015866369656789954,0.15906095534768266,-0.49991431401293585,-0.148293152934668,-0.08027035905033997,-0.13153480269675338,-0.007754673421724927,-0.10313737248821733,0.056341994217007606,0.05772637140266886,-0.15848378456545154,0.059711799928842894,-0.0468866447597236,-0.36451821824157365,-0.05883893896114291,-0.04160221494218513,0.004585986186522304,0
-0.4850143274650395,-0.8074033887775994,0.11350056673712784,0.23006958337567154,0.027366327244219113,0.03958999327998636,-0.5026986404830879,-0.21158913835965973,-0.06751544826052232,0.02512023470204707,0.1388729769983325,0.008454618796044868,-0.1950882839200284,-0.10623478205907423,0.07146954233962265,0.043928601649145575,-0.01756490753529983,-0.05241699986689615,-0.021622502619131352,-0.1692496092949976,-0.16816331952832575,1
4.161856297062282,2.9237688719993487,4.5976260516939575,1.3512239703272335,1.657157889026468,0.9546364119297039,0.04611012172020161,0.07869072570814738,-0.994514855434296,-0.9686795140722914,-0.11371266651518323,0.4846810476306029,-0.832463717053111,-0.7957954798884729,-0.22255674607809425,-0.05102580174182325,-0.26218630141859783,0.010249135143856194,0.23346330857119288,-0.2684642376496699,-0.1015975088338943,0
-0.44648441201029143,0.8583285807652232,-0.12255469682928813,-0.34899800212249715,-0.5550278803796898,0.3660164326824474,0.1298442596548893,0.041906500958960105,0.006343079781882054,0.09307466602965553,0.14956882782126035,-0.2914556776125494,-0.014686323363016505,-0.14980054372658125,0.24215137330916486,0.41475414737146543,-0.08378280940356489,0.22206437699540532,-0.2696795358372801,0.08467770048386933,0.17334660537300906,1
-0.5999453430014174,-1.0169957233775229,0.13412612402646787,0.3448888407473381,0.47325266745481886,0.1944939584119342,-0.5152591368466858,0.09095777666315254,0.10808233401562473,-0.14207630304498992,-0.1411051144299154,2.1802142985222125e-05,0.060590144317823065,0.09551912988665834,-0.16317216966059062,-0.2353923669581368,-0.2827971908017328,0.22867040403642416,-0.2026156192087949,-0.019019709113528127,-0.10379649247805259,0
-0.6631650544460125,-1.0465161743426799,0.23144830370636335,0.18202453052410905,0.5657808440854095,0.14901662637412463,-0.4783394233914507,0.05765953538908678,0.15359629040580297,-0.06397714833682132,-0.03988788935970322,-0.008459170260018422,-0.050510418291831324,0.09076761786874718,-0.0036590352621461053,-0.28767082494391866,-0.2680554521773333,0.3656753108191888,-0.07302245236396938,-0.009170911733003101,-0.11210254632184874,1
2.591886374530133,-1.0112380400818395,-1.310881267150633,0.2452877861131495,-0.5917316287217566,-0.02736481983973058,0.39255261103918293,0.09898795934885508,-0.3632034052927009,-1.6265521169611161,0.18582161708873884,-0.5098867549384178,-1.1884818043567789,2.414042380716864,0.5120254864552208,0.06958502081654645,-0.8051344387006606,-0.5685484237276833,-0.45550389489715604,-0.7062741959272225,-0.3089609348045905,0
-0.7249738184419787,-0.05423991562300324,-0.008192849515476554,-0.5817413604149958,0.0980390014072378,0.10705191828156693,0.5850487788161025,0.97234412166586,-0.2796558742011254,0.20335734028587563,-0.28231581257541366,0.38662235376873794,0.10481054686117619,0.16964711150204573,0.04833361417730983,-0.40261896241260814,0.03426848201649088,0.015735909361493043,0.23913607532100928,-0.004924459911134967,-0.19278045535918034,1
-0.5935618996008537,-1.0335652012960537,0.18432904965002767,0.23684176371935625,0.43392505581974455,0.08521186254911299,-0.4344115944994446,0.07184120228652448,0.12000959664758719,-0.2647306140986692,-0.17113540527518084,0.1276645432486725,0.10976451569998222,0.15162871816261417,-0.3486808012386403,-0.39314920287726896,-0.44043686874757637,0.35990462731178263,-0.344555863011831,0.030053104130348656,-0.03499716158117886,0
-0.7573513714319415,-1.1467919683128887,0.27064043157172923,0.1838062493992015,0.9178700128330528,0.2235499296475749,-0.49962142913330804,0.3675488267733133,0.2838872188913623,-0.06800987682119974,-0.1694203569115057,-0.13953449990593617,0.08861890187433637,0.18593912098944101,0.02991097018476784,-0.323539487936408,-0.22402121172814038,0.494902170960228,0.0035716850303851955,0.024290990212632133,0.013722301020894565,1
2.955015905880072,-1.2869737567273716,-1.7506487718693706,0.7159439893168849,-0.552910835007246,0.11874829887443134,0.8512517450023858,0.12425253826262156,-0.4979903021352293,-1.97491872159064,0.36018445916462444,-0.7298398040612483,-0.9261809802609189,2.841436205986241,0.8791277636507283,0.1795616612034292,-1.0716830602687,-0.6251785038497142,-0.18688363372894656,-0.9653425361771396,-0.21609150114098663,0
-0.7523180317629139,-0.13435649794680865,0.06736212190803044,-0.6886922654268994,0.14535844487166652,0.09938660248204835,0.7211391471915198,0.9761577635804897,-0.26289984541554273,0.20837795272216098,-0.2971313668859041,0.3913357181361885,0.08657010908073788,0.16878533997372955,0.16368663146766618,-0.3625472571589473,0.04300154681822214,0.02932633434016731,0.31971076752615574,0.0880693724175595,-0.2993642337155325,1
1.0925859499221637,-1.6567596355155279,-4.042278252279591,5.979522784954515,2.084564735047607,4.890408798057301,4.830496682408224,-1.8809718744888335,-0.4581839651918557,1.5510251563487778,0.42195646364290695,0.015945480263401656,0.513203020228295,-0.29694344452362803,-0.1950387801983104,-0.25126003370027994,0.2902259896816534,0.12287606872621082,-0.07278810324566895,-0.12425460541290372,0.05825715376024047,0
-0.631867187963809,-1.0693649972344839,0.03749000130099781,0.48730672159898636,0.7496432540779225,0.3982676452783002,-0.5291126873478973,0.4780394374067576,0.2395102753549605,-0.24807767904956565,-0.39276627929157026,0.004763779607132929,0.17410152415338556,0.40970386572085543,-0.1753953518170048,-0.5306915287335877,-0.7114764380370758,0.8559119012629608,-0.5208222814980257,-0.00037787850717413554,-0.13127833930365265,1
-0.724467315461858,0.0421923268055631,-0.15764308703391489,-0.4271307345551555,0.19023640303465014,0.08774477217669552,0.4393886216685416,1.1982924123842795,-0.3182869146139787,0.18105323001980292,-0.4478059195066743,0.46404444637552217,0.21549335475702083,0.212309271109272,-0.2854782771039533,-0.5087410774490618,0.058021497310356204,-0.09577877639289253,0.1304702399105698,-0.33651682909381003,-0.00406392132494976,0
-0.5663643912499031,-0.14555344604289727,0.05308400553827532,-0.18481204501435874,-0.027724072615128464,0.07826619421672508,0.22424258635267613,0.6356212978355884,-0.19012777556358815,-0.12294444939133171,-0.13035691842302694,0.5272881018316129,0.2631024225042523,0.28644844815667414,-0.27444394597851235,-0.740399248716276,-0.17145511601300506,0.446674166414514,-0.41946497310892883,0.4547448651610549,-0.10471121240104324,1
-0.47636791417216595,-0.9524127201721212,-0.1571589398642989,0.7978142846245907,0.44629600596162927,0.3559324424683729,-0.5268552479743592,0.7163385470633048,0.3861957561222069,-0.6298303489711519,-0.46487528970827735,0.7032977690775999,0.8687860723492645,0.07465068410598068,-0.7990277353551177,-0.8003985063013044,-0.9202245712755144,1.45347620247837,-1.6956993601857564,0.9649307226817504,-0.048187149779378186,0
-0.9085487024769441,-1.303933121760457,0.3620349039578306,-0.005239387910246729,1.4171364832078366,0.19534327614848304,-0.3794402683697917,0.848896492898771,0.4921491595648826,-0.11030651709080282,-0.4632993812097997,-0.21275733582517128,0.2457247074421802,0.28972507488603216,0.03832579875490288,-0.36671872986850645,-0.17239177925925372,0.7216586698478997,0.18189119880768262,0.012073508845105888,0.19418306623494527,1
-0.6902861979817657,0.09555923493122888,-0.24620707594776453,-0.23603242679149533,0.2209886797614103,0.05019614204997829,0.28994129831458815,1.0845879202628705,-0.32853574260277413,0.1766236336442151,-0.3560264258019246,0.45405442767692633,0.1708624583568359,0.22492824655694704,-0.3309066410161697,-0.5149638482914962,0.0762257532218309,-0.09615657869077501,0.06386102084355537,-0.29126412314228833,0.12653878876588634,0
-0.7069947525618385,-0.1579377607126888,0.012738383850805363,-0.4726624669359464,0.15415216858939562,0.1086917189101883,0.4217974434794669,0.8570296506077909,-0.22630826921453406,0.19037975580509325,-0.201043741211494,0.3371750197621279,0.03351028736782406,0.17568123539769043,0.09979453501355953,-0.41099703408467336,0.030090017934594083,0.1272631489995879,0.21504041758505293,-0.05357013171485335,-0.1270333572218143,1
-0.8234612733602285,-1.2626734795672288,0.41039290485941426,-0.07510910911793625,1.1566571285132097,0.049038025128709486,-0.17796552657955467,0.40840603710692147,0.4159766337428866,-0.27572196039449115,-0.417388055612323,-0.12364285486384606,0.27321075270057016,0.18213650845355578,-0.30010176597032606,-0.2705273294589996,-0.26906320395048877,0.4699306015665263,-0.263629025172214,-0.03971903260769017,0.08892249590041301,0
-0.9068389507977481,-1.3362104820898302,0.4500510232254483,-0.1490133371263945,1.400355797554622,0.08057136388438453,-0.17087032125190973,0.6206608083195828,0.49659380937182873,-0.16491036156334313,-0.40791023815593325,-0.2189453025690256,0.20930353687206937,0.26927626245959674,0.028231261344808155,-0.35698527912467576,-0.18700830853942527,0.6994589033109644,0.12049937180755228,0.004522815017543166,0.14984463723210759,1
-0.7014727611948238,-0.03628481088186424,-0.11927997013348297,-0.34167580786838464,0.20784797018502238,0.07875301525758549,0.35657378570454656,1.154835950110076,-0.307404578152993,0.10550410497484007,-0.4258502207334941,0.5081718783885661,0.22057210504757963,0.2638910900851998,-0.43612852124411783,-0.6375418020937018,0.032869805189761965,-0.04546926046742699,-0.008551169637978667,-0.25315339946591325,0.1517518377250422,0
-0.7473079672339109,-0.17329429477159083,0.06540977473724,-0.6262219582457121,0.17448821012826066,0.09986863510568887,0.6154222348296028,0.941366165798092,-0.23847996203404664,0.20960676041369078,-0.2571513661431316,0.35181096898379566,0.057035956443832775,0.1558169226491474,0.1503795386946133,-0.3683213383708793,0.0661446015747145,0.061847908242076595,0.31324027475510924,-0.018103532912680662,-0.14823298792914494,1
2.3960484877572763,-1.6360781540927865,-2.149451574056432,0.7882840351950428,-0.7320504911447421,0.21822969342695125,0.21732990953612452,0.14978287876254354,0.426780857774375,-1.449240530048145,-0.6572181555208404,0.5954842597128617,-1.0257628963542098,-0.827592548476137,-0.5539865135536588,0.7999967468593,-0.49386123264934334,0.258906134889959,0.4380053980169052,0.45558233643597357,-0.05837292330197823,0
-0.575617569220468,-0.6728479965992777,0.07751610309725848,0.15734989167997998,0.16391281196954266,0.15817410567713402,-0.5017084314123157,0.181677979316075,-0.003752880652696166,0.020173674666515234,0.03918796694472261,0.057143355051491734,-0.19209325774006045,-0.037804254721574476,0.020605345916149535,-0.09725594332638705,0.04133132228898184,0.04987266887058254,0.010872860814279949,-0.21025912997670285,-0.0752929748368075,1
2.891503163297227,-0.9302306166223213,-1.2670597553807073,-0.09261325102057226,-0.6247983366007993,-0.15418955330242182,0.01798919778708641,0.08060622389625101,0.4902210089106593,-0.7236222558236501,-0.17406484142030287,0.7127168088841477,-0.480842614078708,-0.48434940638775037,-0.20618988867579516,0.19602833456087193,-0.07092591711283476,0.15713207506288634,-0.06889640294960854,-0.13470183463723207,-0.1258314478946485,0
-0.5302029517408189,-0.03371476637875525,-0.1521725350720075,-0.055077985159781094,-0.17037396805323618,0.1788344953499556,-0.16242743257528797,0.3231189380574432,-0.12403766442967573,0.09947702896758889,0.03865728745027583,0.17242068048991022,-0.13183795797475095,0.0030905954327320614,-0.018173968409979643,-0.20546906766754874,0.013108243480084438,0.11436093811134318,-0.06899478656471533,-0.28451321786319794,-0.07129257682960514,1
2.9789370946920615,-1.2888930102379947,-1.3261325217884705,0.024210146310399666,-1.0007536735519598,-0.5306757558354553,-0.052899240233384465,-0.14099303317314296,0.3410602579770376,-0.44223509990665527,-0.9745300767210855,0.8280420546791796,-0.5812717136731327,-0.7438153799337486,-0.1591375724206048,0.3772358896959251,-0.35136816709355506,0.37856801148266356,0.3383205186356263,0.14623751854362363,0.12230627775382484,0
2.5091425518666126,-0.6513335481444574,-0.7001272498150524,-0.10480043972192415,-0.6031672021095001,-0.2052822307158219,-0.11328822484402776,-0.046875247179690015,0.15805549265917346,-0.4836635983855711,-0.1254594480728407,0.6663766826875491,-0.14588896720832253,-0.17329760867743932,-0.20499221893226524,0.16228103065695348,-0.06289886975723219,0.19244680185330046,-0.08065230789653376,-0.2063502734298237,-0.14962551095341034,0
-0.4833277924127857,0.09688376542419032,-0.06948777269337016,-0.25933835787002263,-0.4297220027747723,0.26135369207099474,-0.010371872949665378,0.13658998411166418,-0.08414846214783728,0.13560671179389167,0.1107912207147116,0.23775681690267986,-0.10348302789953921,0.012480022857929292,0.02518774513211644,-0.2625058771974234,-0.050196808780459054,0.14962600697203474,-0.01744111610048821,-0.1502637948981494,-0.08520972714933149,1
5.6627764811655945,-1.6932691415644583,-2.3278942644287177,-0.5803748022212101,-0.4965294772372528,-0.21322601870276495,0.3775183656667886,-0.3057000660526606,0.13189865031826262,0.052019101334746874,-1.4435208221828553,-0.09402265870261516,-0.8877153400111871,-0.11001297274120635,0.19958319029369395,0.33732052956221764,-0.6160381201377078,0.2336217376472518,2.133357093524926,0.6308752944805037,1.3569502794351749,0
3.93063143979005,-1.4452119870558804,-2.180828543585379,-0.6879196576656735,-0.6126754977209554,-0.07044597373206296,-0.1073018596184755,0.01590905758494941,0.4810786606094593,-0.6706448943903913,-0.5323662867475789,0.6755450682272104,-1.1407852088751964,-0.6842302072323816,-0.6586864497405636,0.5523883034934687,-0.2681755830633373,0.2801568564066042,0.2755884278695728,0.39008622600082626,0.05133143150186239,0
-0.5637777453609402,0.03592099025843024,-0.21514643703422204,-0.04198472381292066,-0.09648911777980859,0.16352273568693584,-0.16442632144000804,0.4434166561893241,-0.14048783197444684,0.11701499699704884,-0.015759471536809712,0.166350042940685,-0.07926083521788188,-0.008586949130406507,-0.05383740439560569,-0.1723263664562675,0.00629624367914211,0.09724316038902679,-0.08950683777167526,-0.37457704816630416,-0.04008883015126097,1
0.13947668835061727,-0.6263572254595546,-0.1532041807237784,0.563282734529838,-0.5369756470646647,-0.13077591466046495,-0.26201602707813926,-0.10123189068978912,-0.06601172310568472,-0.36144862388142446,-0.2154990912831912,0.24412925455484952,-0.022960777454662695,-0.01124870189163442,-0.32690998960065865,-0.09178762223557087,0.02199392308922178,-0.07970546505659072,-0.18658145422970215,0.024727681319311936,-0.07829665769607787,0
1.4724514293625897,-0.27389533711897046,-0.19642139204936396,0.42149842109383406,-0.5415993486917892,-0.17035537665201,0.02281063207454307,0.09387354673289551,-0.10637809877024985,-0.813294654367787,0.15610407570337603,0.3308259690354155,0.09911522537741328,0.09524331879970138,-0.1309341009783681,-0.057514029117902335,0.2002048120832485,0.025029598402415584,-0.32192880091124637,-0.2786062192726078,-0.25620268954379466,0
-0.482412195314719,0.04880949309791716,-0.028026402818411657,-0.26147120897350423,-0.4274585146499378,0.2526253410678896,-0.004283549546593647,0.07255381527390861,-0.10803612025843626,0.15763166719793942,0.16597754855253155,0.2087146357973583,-0.14638884928291873,0.039712603737089056,0.11140246658270513,-0.2441231539915907,-0.03711548853616963,0.17511629999008652,0.00826956782747296,-0.07553822553985846,-0.11861313822173751,1
-0.0976208030865926,-0.5214573276034546,-0.04899144491383083,0.6657920475715079,-0.40669405195444436,-0.1529075381291601,-0.2446398984893403,0.1552801167713216,0.044481989723066065,-0.38329927482402276,-0.020004038443120542,0.14777760551497085,0.015209358969426805,0.10109188355403148,-0.3687961657134387,-0.2057771946806867,0.2845884434433845,-0.28098663904290394,-0.27318712285659863,0.21432753943239738,0.1406317801227969,0
-0.5688054531311659,-0.6154236536044233,0.07632250928633061,0.1188743775705658,0.09074254207466641,0.1460066257531168,-0.45589413633422554,0.2330685047650416,0.0009536594939513055,0.01686650254949936,0.08211395533335254,0.15282901588160674,-0.18383630152855257,-0.03012707109545438,-0.04846389935829901,-0.2164109942886244,0.0677661523428647,0.08071426965882238,0.04459878232215125,-0.173465963098634,0.08531140529615495,1
-0.028804488393127364,0.0639912082306964,-0.22328600104802449,0.4286433966715369,-0.3038871749891132,0.01660751313148797,-0.10345156897872329,0.12217550040455132,-0.06684937839506426,-0.44622014355654144,0.01950637482719213,0.2327175011809492,-0.05038335375387347,0.12503318375401043,-0.4598665459211785,-0.232959555836212,0.27253807036925165,-0.16619751997412335,-0.2585554095508385,-0.07532042416633906,-0.01688839187393715,0
-0.5592134656532762,0.06029094898833068,-0.18179737280499417,-0.0978121577886662,-0.14464215394649926,0.1488913374344467,-0.10220122468906878,0.3990605668401139,-0.15232909311371629,0.12128924893488756,0.009179264718621986,0.15477982961567036,-0.09915956746700877,-0.006551694721372705,-0.009929152455955291,-0.1563976420405942,0.02687214178136122,0.09647889134810958,-0.09015766629087876,-0.3084760408690092,-0.05685751117369413,1
3.875988025218172,-0.7673637411322614,-0.07539790350191443,0.7071371979131152,-0.9736379534167293,-1.2327469551283161,0.4430049880538241,0.328298665692271,0.5327679392777306,0.6140701034489959,-1.2577632509288597,-0.3256307248584975,0.012567773577291459,-0.7983521604550975,0.9571284999390571,-0.42010458340535844,0.16515950771801746,0.438012323011272,-0.3313090530725258,-0.885856526972179,-0.38291679296216735,0
-0.46628554604849265,-0.4873009230383435,0.08895908955025858,0.062360375671984866,-0.23670873780146268,0.04786183196620327,-0.3999234872749418,-0.2318668269326466,-0.12177976765862157,0.1491349266503428,0.17575100971870508,0.09906255668836755,-0.2528146849170872,-0.14041368096552387,0.06162901071905342,-0.041943278269678454,0.07192181867902214,-0.01111092965647801,-0.07668695450389869,-0.19146817622266815,-0.20385340378552244,1
-0.4431464934610231,1.0496293937680958,-0.338402865290808,-0.32153614883026566,-0.41879329301998847,0.2888168728898835,0.03033754287187177,-0.0402314124344079,0.14466908312310225,0.028949350117246683,0.043855830025555605,-0.27644927491141946,0.13618998429836754,-0.09058952507528324,0.22567492243123394,0.15593308234283124,-0.1773548362182988,0.23201105468445823,-0.1513346299807658,-0.05891465603966638,-0.06792652189674704,0
-0.6218219992262073,0.929448050290627,-0.8384936148905009,0.12694064364341495,0.23949832476931598,-0.4373139614270345,-0.14820907428895233,0.7567354057608722,-0.39189316295597215,0.18439413882118452,-0.06559545662375688,0.20435805916783395,-0.12643779065830543,-0.1253806183888059,-0.22109060676494963,0.31596240265601144,0.14990741691910173,-0.13919308798625638,-0.4407236670468093,-0.7652369967667733,0.6000212927312947,1
0.15576228332220596,-0.46488460812143045,-0.1164057122269339,0.32138847736984216,-0.6159216391116296,-0.11888059409372587,-0.4253566407513883,-0.352034105099223,-0.23704742870718984,-0.15627007432828974,-0.2688432538134336,0.23823343476886397,-0.08227699563850839,-0.20344544604303905,-0.415742333851069,0.013330622052442767,0.1022479832725544,-0.1268607968896568,-0.15489322122029764,-0.14944454059478587,-0.3195957145510982,0
-0.42152751686086215,-0.5181247441053917,-0.005767287218604477,0.20740467128371115,-0.19636819860385676,0.09038163643810336,-0.5236907913304847,-0.13562238392392822,-0.10238418776191943,0.07433716731503572,0.08098681756925262,0.0763824667105085,-0.22800036092269504,-0.1550075540348501,0.032354818115118755,0.04824203148171406,0.05632556281183895,-0.04654512650416234,-0.10737795007656377,-0.23476339612110486,-0.2735061217861735,1
-0.36189782357574074,0.8417296542002181,-0.226531272602713,-0.13709689233699215,-0.35081093263735336,0.1835419736331257,0.010105989978180865,0.03919147822142525,0.05832674846486066,-0.141731582606714,-0.034435263170297326,-0.1073232538731245,0.02135415833823145,-0.05227235268331331,-0.2948742344033628,-0.043056617211777636,0.10914397190150858,-0.06269572263130857,-0.09883471047223093,-0.19730842988640138,0.06586777947818374,0
-0.5617395354776594,0.9236249495380163,-0.5189939327800892,-0.17330493534191077,-0.1775281528510132,-0.02674604865036629,0.06372541070154603,0.3367401721193679,-0.1335162518681519,0.1002679395711701,0.024671672020196725,-0.07684237927468436,0.030876184965264772,-0.06634880063684108,0.040501637171334225,0.050555139337594555,-0.05595780741378865,0.10345054541087433,-0.13031432390388306,-0.20651844748333426,0.08724499017337975,1
1.082224466316503,-0.4726638625142141,-0.265067157165916,-0.36464945340438676,-0.9465209482705975,-0.14755903399104633,-0.7609622697916881,-1.3111710914247305,0.28990825178985524,0.888697103212328,-1.4299414403355164,2.190602398715069,0.09901236551737183,-0.9277547552810983,-0.47706181175349827,0.34374308534419684,-0.8211592616287481,0.4353708784592426,-0.34584989177729664,-0.6600376415140348,-0.7183541158774185,0
-0.4276777051744966,-0.44022886270483946,-0.08904278438186354,0.2932229769631089,-0.13589742520007492,0.12349916947835723,-0.5802911232766522,0.006307996318296752,-0.08649372391470038,0.052423737886204795,0.04435839518670003,0.02483078292596466,-0.20872563830835741,-0.1494256059530185,0.04272197486749714,0.09803231111602893,0.11956988804076567,-0.08617463164373998,-0.14781518586413378,-0.2325322469341469,-0.27559140377915137,1
-0.4276715819094335,0.8587937164952404,-0.31500628967971256,-0.19309582489833926,-0.34124688617743404,0.1843004043704483,0.03452053864951139,0.12027173283226113,0.01920132642936269,-0.07685717439238096,-0.027547928225173723,-0.1312561307393558,0.04706879449350306,-0.07805899364642864,-0.2087510064648008,-0.0174279457248742,0.043848473886527344,-0.02450251436684582,-0.10023851840804121,-0.27281173800692166,0.05365045956964984,0
-0.5715073358690071,0.9179427871124276,-0.5456061642361457,-0.16629037973162517,-0.1533088459225263,-0.042220378568608434,0.054519665771140896,0.36787530414235337,-0.154431899545303,0.12996488375025234,0.02889877738961139,-0.05967327814153123,0.031649884163054566,-0.06253528354989564,0.0853113062044414,0.04714680642339062,-0.08767998000188439,0.13641093981977348,-0.13621716824323274,-0.23401694156752495,0.08667280355251332,1
-0.07492271468885404,-0.5150501543464334,-0.09161246856562566,0.30640367881562997,-0.5131354462483915,-0.04754140476669607,-0.46677260233394813,-0.37990469459547366,-0.19699258430972674,-0.03737693857722707,-0.14095714804226983,0.16565088201631686,-0.12066376976592084,-0.20169870616089458,-0.2751958742831344,0.03267705542075453,0.08600111400143409,-0.18478117989142065,-0.12621317865153575,-0.19186080160778718,-0.305658417781241,0
-0.38874122178036646,-0.449619398704681,-0.062425443454821455,0.23459945771433638,-0.23863998715704116,0.11669347684721272,-0.5523672855292575,-0.1210294574870792,-0.09249744114991354,0.09749765860989691,0.06733304236354433,0.049169276861131504,-0.2671482252941898,-0.20061098470625474,0.0540173085338711,0.0938218488655211,0.11815961261737627,-0.06290030115359811,-0.1062099982814262,-0.2537020174909124,-0.29234110635153104,1
-0.14309490852964055,1.2688633817323758,-0.24075093039269688,-0.19124971762495177,-0.2541736478686177,0.3180808039197852,-0.07579856389579324,-0.30530755320059483,0.40171836413038425,-0.27027220625030396,-0.08917360577620258,-0.27819045185631824,0.13820493856929303,0.0010550512577036139,-0.22423489562400145,-0.11772631459307789,0.03290576816094668,-0.03424376666780266,0.06772951970952486,-0.1329472400377981,-0.02448899147097547,0
-0.437798593950439,1.0955717475685243,-0.48533523091367775,-0.17211347990646578,-0.23204231289887423,0.0840432459702415,-0.0072282222572065714,0.04968481988018547,0.06647835339086912,-0.035596381712711234,0.045072572442761354,-0.17611353516166425,0.07696982317199183,-0.06230631645493985,0.0289120702570856,0.0002756563418066529,-0.0975201847699134,0.15447055051321593,-0.09294943308805752,-0.19756087878834755,0.03352268159467852,1
4.570979542788025,-1.0616740831206495,-0.8762240253000168,0.4515047639055547,-0.9377692755715464,-1.1052548344277688,0.5290793582594097,0.25301191044331955,0.37217514903195154,0.07671554588932536,-2.398582653003926,-1.485951375051472,-1.1426211069398748,-0.6705430196629708,1.837346205181864,-1.4559010161514607,2.077805516046785,-0.1106819977161334,-1.4874682494588702,0.4589320251030913,0.23224624307123512,0
-0.10534393358799368,-0.4022306112579478,0.28472842642681967,0.31188351241155315,-0.6348736120855063,-0.3345560771815866,-0.20954168322733713,-0.49180102158873157,-0.2243414093026739,0.29874950139175604,0.013896694996437526,-0.19242863239269556,-0.2491576860603696,0.02225073989149506,-0.05378051469428524,-0.1637052374708899,0.28576491413021926,-0.27365600556463554,-0.2604203177417263,0.16632503411773797,-0.2621844136217633,1
-0.044385544291607966,0.6243418352531472,-0.05569265854991143,0.021633682723126102,-0.38915397215154074,0.22023481089337,-0.10951267622205159,-0.1813104532565809,0.1380061518373847,-0.25072923741767295,-0.11324645106556512,0.11723949709871259,-0.0038707614594568414,0.0986371367277111,-0.4132625629578721,-0.17061160101593464,0.2562754989538945,-0.09753318503710617,-0.1380349775855049,-0.16772018955007587,-0.0606876244526841,0
-0.5370910289717727,0.7152620892783078,-0.39033078854167613,-0.14481095735767588,-0.21914837795391678,0.036917463617636315,0.04913865896555073,0.3446308716863513,-0.17292745153331882,0.08385646759972533,0.05446135333371517,-0.02734461582316045,-0.033970743760991205,-0.048194940287501736,-0.023787636567542698,0.008162516909300456,0.02066212051368038,0.04808779546989257,-0.11509528571359189,-0.19690045295834738,0.13969954268844764,1
-0.6014218944683997,-0.8781394794275689,0.39486980279853956,-0.18073261784152725,0.22354558834246568,-0.28339645074624725,0.07905498520060744,-0.462566933259059,-0.02264737883296388,-0.04954799934768746,0.12351044619531548,-0.016878016842293793,-0.06876281998797525,-0.06372044761788936,-0.18723657285359407,0.007212261213519103,-0.00618624188751467,-0.15621198079169824,-0.12793010744027727,-0.15001443398182074,0.13757181754027673,0
-0.6843166266281061,-0.9229068391372113,0.5100952289528269,-0.4038329009605876,0.3445560506650794,-0.3612544868865028,0.2643134651262657,-0.584725980591791,-0.0058416886532049,0.05337294522099339,0.30149836458043294,-0.05036224905297232,-0.24180154649068034,-0.14402241182747239,0.10314937421963669,0.09762343245086348,0.12598557532389618,-0.08664684373085935,-0.025093057332834335,-0.11708081608001938,0.02214058666530149,1
-0.5855118647468094,0.6824545788137719,-0.2557980281740843,-0.42891192092416286,-0.3976538032696431,0.22453604243064085,0.3983498099799719,0.6709281154446843,-0.255261174155097,0.06460558201717122,-0.13274042086473353,-0.0036954460993205256,0.08324402892138058,-0.11583439584539808,-0.3328198096996429,0.1445621777401644,0.12619065273777408,-0.3045272637538685,-0.09010864103443679,-0.4006138372332319,0.3541370122475387,0
-0.5582871530217728,0.6542847238732177,-0.12129702752437438,-0.47304426603814176,-0.48852864567541526,0.30672084363952945,0.41425615386966846,0.4771294962710425,-0.23307714894284862,0.14849507127868383,0.04072238179750433,-0.07615435766015444,-0.032014581908381565,-0.11127747531040828,0.14701070632181665,0.34567695599430276,-0.013888963494212148,-0.01444173847503392,-0.13033763671150653,0.10144937575299465,0.1499827392880956,1
-0.9271330427810015,-1.3445031510355152,0.7621224374639667,-0.8781815571094658,1.332326855857751,-0.494874624940876,0.9378576260279309,-0.21726171423828056,0.45763305353361533,-0.3495468194395002,-0.25527448751432996,-0.16471500034893694,0.06953322087664945,-0.05082266892755474,-0.16698247164998714,0.19411336284619737,0.0394243589195093,0.022883081044248833,-0.12730400955372062,-0.2037105318204743,0.16488436834205442,0
-0.9339106945905467,-1.385507726509255,0.8873263396100248,-1.0819802073403475,1.2556579250280553,-0.7220803896642434,1.2498502481599014,-0.7537727688398104,0.36412555508978445,-0.23744902578995006,0.09330398264080063,-0.18043672476060643,-0.17967306066929806,-0.19347464096784012,0.18705094521127438,0.4238569230927546,0.14827636874394942,-0.06398401507686964,-0.03921549354275342,-0.01855314503288492,-0.055026837303477925,1
-0.5403900976574859,0.815154256374225,-0.1605741492225286,-0.47652342143212023,-0.4519824913861364,0.3232800949290383,0.4685025800557641,0.5233597068901996,-0.1846464467668741,-0.020261790390123314,-0.17923524283831482,-0.11053318746176663,0.1223330550872586,-0.13402589248867045,-0.2581312428194642,0.28970118629088326,0.057004434220704524,-0.30838890046450596,-0.10039089492437568,-0.12049900150799131,0.08401454703109182,0
-0.5604995323855542,0.7059908498527291,-0.0749863281296648,-0.5665690306366374,-0.538129714322911,0.39032309309590724,0.5081599206675762,0.40202629529104944,-0.18180693270757653,0.13704635046474842,-0.0005305762496871525,-0.15250532165417213,0.035690035512700446,-0.13340384987331128,0.27508704563394154,0.5081475683886331,-0.09235592771140388,-0.015203631506134305,-0.15529858393335388,0.3084216177107675,-0.09117068446517097,1
-0.9579505859613681,-1.5243792623412717,0.9020103953945656,-1.0311019552194616,1.5390656575183572,-0.7207367095826676,1.2370771635188762,-0.5522640311412124,0.5428534570318805,-0.4925513218829057,-0.2683230787733253,-0.21551253915490376,0.13475268670660093,-0.041452873903274436,-0.27418566919771536,0.2885945147730167,-0.08320540326339144,0.04009903174239517,-0.30863590228703014,-0.1166972701667196,0.15579042116167677,0
-1.0079378263988972,-1.5808107046429087,1.0289219785121273,-1.3009219299304917,1.5975701840030652,-0.887308548216357,1.6150228015951504,-0.8523745059071413,0.52505522525368,-0.3995819667544192,-0.052314956180676164,-0.2339393363261557,-0.09021449838899719,-0.1843342163979757,0.1540256625683603,0.5606708888301394,0.06733709725999651,0.003825055018296766,-0.13058861764623161,0.031968191969604126,-0.12671247276734263,1
-0.7329643972070721,0.24015066715969463,-0.030400844003435876,-0.8759432678893734,-0.13650370858818148,0.19057084196503474,1.1004088052335932,1.1706815813037699,-0.3877486933720459,0.12651239582756538,-0.5297014291601313,0.32661421797373846,0.26190112329373383,-0.0004430980797339847,-0.2613740156690771,0.1605045324322562,0.19043405981428838,-0.6717100497741479,0.14519100847845642,-0.11313984989819867,-0.32436594414411585,0
-0.7627755148307995,0.04401189641151717,0.13275179284598715,-1.0317899827028096,-0.08120786286581505,0.17984239157902518,1.2853031082874988,0.9637789241576774,-0.3187969731869417,0.18404329663547986,-0.3808377477226106,0.30143006683219564,0.14311079768581061,-0.00708963395098002,0.28111470829202,0.3198655842329039,0.10148625006893551,-0.4133390633986734,0.24279217567348998,0.4294779316021957,-0.7313302851888159,1
-0.9494056257631367,-1.5109254498968088,0.8995232486093213,-1.0239477199148712,1.5065747594002354,-0.7312707406822934,1.2404019078935251,-0.578743050510505,0.5226958358836103,-0.4879867129074542,-0.25125428242436687,-0.21114369158377522,0.13799097940026056,-0.03960902863254176,-0.288097130780638,0.2892998945402115,-0.07953683050009785,0.010070835745772796,-0.3181982483194932,-0.09951711283646734,0.16277626907494233,0
-1.0104228953798975,-1.5887915470331953,1.033218094607289,-1.300009498678585,1.6056637525736286,-0.8881668601797328,1.610024003984399,-0.854764339548673,0.5312107716385671,-0.3981451715035745,-0.04318181725400103,-0.23594035826308343,-0.10004761271288598,-0.17913502988593855,0.16249630796636116,0.5408069222239248,0.07152841940977159,0.020112823532790886,-0.11766192651502716,0.04202968896531121,-0.10942822583343155,1
-0.7107029952690537,0.24465685626743974,-0.026145655450455045,-0.8184833461861972,-0.1602274690172779,0.19732034350145664,1.021225928439716,1.1040278946184814,-0.3744681991499632,0.09689639737432693,-0.4978765938760955,0.3164529219654628,0.24570735913046116,0.0016570617604806104,-0.31895682418391597,0.11954478332763495,0.1859488072336851,-0.634577489824153,0.09754421366276073,-0.12095162044212188,-0.2740818355396864,0
-0.7549984787714497,0.11708218929608266,0.10844521419403592,-1.028259184852241,-0.16377106844058043,0.22147319433486515,1.2636129343557463,0.9448973580296188,-0.3303776552401194,0.20534584661750618,-0.3396600497173455,0.2529692605162587,0.14232691523361277,-0.036678378208837875,0.3215914057973864,0.3900033539573046,0.08244293372334859,-0.4076371162433757,0.22130108795794756,0.45870637099535766,-0.6910435127999278,1
-1.0103384270031517,-1.5609410107439707,0.9278578411854347,-1.1360149583014991,1.7003930995657355,-0.700514951836809,1.376428865693913,-0.3277704586491581,0.6301876332284077,-0.5346859069410311,-0.4060548742511548,-0.21193568634343482,0.14887408995478044,-0.027073386784754027,-0.2583498127885245,0.3033398818120693,0.007694648868882888,0.051469772285396884,-0.20627219530961025,-0.1553693690478368,0.17556800718827836,0
-1.0496304251763149,-1.6910920023035119,1.119241262488841,-1.4279449673765643,1.7495431548718003,-1.0019881497746208,1.8163123118889297,-1.0062552165005378,0.5937647189503688,-0.45271410184531746,-0.05593774355100687,-0.2735450893947099,-0.10908008462658489,-0.24220395433769742,0.1652188674944479,0.7087253780834112,0.0804294116238561,-0.0331051299036891,-0.18399410314030937,0.014221123959268452,-0.15364980592988167,1
-0.7883049557900669,0.16308757930845508,0.08126804537210927,-1.1355665715306824,-0.09982709686301272,0.22272904105070773,1.503764488455091,1.2955492069985828,-0.39889287573821886,0.1372374973200943,-0.6667453284909747,0.4110048121855598,0.3504401154568009,0.03692102520865406,-0.10427201206757322,0.25700863287470427,0.1562598143592444,-0.8114827274170928,0.32214762314458156,0.2561654822553753,-0.7541900894117828,0
-0.8143313717288965,-0.058657220034025556,0.24133188379465115,-1.2373866628179033,0.003249564830431555,0.1604392319100737,1.6190033735257081,1.0169994459708407,-0.3153411785471451,0.1764248485400395,-0.46366571199629864,0.3551683381050561,0.1705807393111354,-0.008388181088821795,0.3995838463893236,0.46497236981464735,0.128619350147197,-0.5436241970098933,0.35262103964391794,0.6633230335345675,-0.981392072361446,1
-0.47333176390558795,-0.3820884489297101,0.16087331260632765,-0.05245174012652876,-0.33488919514842425,0.02460725667727131,-0.20765847239026222,-0.22340355197042008,-0.18652700293162136,0.16967178741576303,0.31432956270424695,0.15841606318610854,-0.24574920899507158,-0.03586787410846446,-0.04025391656748692,-0.22153365511488093,0.105384762405633,-0.056279567374745855,0.07314390380034341,-0.08886446084550577,0.08404951315756039,0
-0.41824454868614025,0.9082069162620574,-0.26967666233054743,-0.24257150639896582,-0.4388613015214454,0.2792950023623908,0.038018861574711516,0.09630907091813132,0.05708511368716403,-0.047458286968043856,0.07840495695401493,-0.19489841778509873,0.04507320063595676,-0.07687894705528128,-0.1561626202854242,-0.016104786061650538,0.0023775228595689685,0.023370215346514095,-0.026665963957935232,-0.25855218517097756,0.24594636996969807,0
-0.6122796072412497,0.9197414600995854,-0.6549377026722774,-0.121671808142366,-0.09663732520858959,-0.07312019901653566,-0.05606032298493577,0.4065992017745339,-0.13769090181185367,0.2629636192787762,0.11782748930454083,-0.05705894535047014,0.054857351135996206,-0.06744175875077263,0.2898654737529331,-0.02165839783535385,-0.20666003259419027,0.32868932797054196,-0.07558233046738619,-0.3079557838152792,0.2156647449298097,1
-0.09070279386387366,-0.4095705002465657,0.05668008041643036,0.07056429619639842,-0.6034035295570408,-0.07361445136171606,-0.29354015111769344,-0.4839458735651185,-0.18280818758005826,0.20526590034772374,0.18086434643654156,0.25875364363215536,-0.2982662139706254,-0.021520688094638,-0.1017003756131285,-0.10574339184840513,0.034967374001637755,-0.039155322231234566,0.10461819995811739,-0.03939939094076742,-0.02042703471110619,0
-0.2512766237485786,-0.3442527876893331,0.11957134588436896,0.020578935053543232,-0.5234407140048665,-0.021546478078461793,-0.28497890543224724,-0.4282517510223562,-0.21596476781446108,0.2502181873563524,0.29833841480766216,0.15558780098708797,-0.2875650569898976,-0.05566439874067113,0.16717779719643158,-0.057490519147413065,0.07406226149639437,0.06586229197638176,0.008860996939842465,-0.057686638111282246,-0.14694559637453306,1
-0.2802608969282393,0.8678917748761958,-0.2262075596869404,-0.13240205894496077,-0.37534131239940394,0.26131318226382294,-0.04313980689316219,-0.055899204292094724,0.1264922734590976,-0.1317203523610863,0.07211411231154924,-0.16932546314152347,0.0024156915082150132,-0.05158377594203467,-0.22993389229608951,-0.07845885515963895,0.06188515374663827,-0.004461351834364206,-0.013472274464838103,-0.2564090693903772,0.1687520826167171,0
-0.38844366211135617,0.7323871478404693,-0.19153660232591377,-0.19690770225085152,-0.44591174239295206,0.26004454365037316,-0.04329182889632515,-0.04481746704227025,0.03537362334605822,0.08736391216771591,0.2256015264379247,-0.12356307713196776,-0.060150893325863625,-0.02083206964580432,0.24297754442484215,0.012807596716025495,-0.09391211940085487,0.25413564970536007,-0.06717321550123563,0.04896086849909372,0.09234665147564665,1
0.23032644330524715,-0.5127947152689254,0.13625682666765115,0.011205463770855222,-0.7615595844396527,-0.3123388603430803,-0.2961335506553841,-0.905236464100018,-0.39948607158666105,0.49887404211902575,0.06357700196333319,0.30996242081696723,-0.14608772572066428,0.005528134352747677,-0.004585621304511964,-0.020654004049015517,-0.12076571528733927,-0.01486700467333251,0.13034433286067107,0.007395443551323975,-0.16544547932131862,0
-0.06770942960503881,-0.3762480812313561,0.13677322176008067,-0.0024892734143875817,-0.6498976551975064,-0.12461266021411174,-0.3079008737468955,-0.7479224721614577,-0.27205288702902597,0.42876219712716357,0.14537781640799913,0.16041667534522722,-0.22777230546625743,-0.06843924910110298,0.21513998991622305,0.04056486515978335,0.026995323833539163,0.04026140871819917,-0.10219705066575602,-0.06908349790670881,-0.36169349364595627,1
-0.25788244304316815,0.9165823634918886,-0.19910496918974788,-0.26225171617682197,-0.45727193828266505,0.39771012732086247,-0.04632263746119348,-0.15357814937398792,0.23725270554387493,-0.09826109286885593,0.06390002255153981,-0.16587146764150834,0.09593376217491739,0.01956356867782306,-0.15340554994523764,-0.12316814599998256,-0.013487995106610758,0.02448792298246519,0.04419931876627745,-0.16633980902153625,0.09972813242362666,0
-0.41814754331747117,0.759223607481018,-0.24728762117796252,-0.2358638064900882,-0.4399835949438359,0.2578157776780384,-0.016606311843487064,0.023697281726763764,0.02845400851872379,0.10178797924837296,0.20660428909502906,-0.10177783091287221,-0.04070254315488967,-0.019506039308089217,0.2340511457581203,0.0014120915983135507,-0.1199963539887802,0.2529062541711434,-0.07497320308833849,0.012339161576077385,0.09037469495995093,1
-0.09095425816759949,-0.43629232808893953,0.2066334942646661,0.004925834146744861,-0.6473983071015764,-0.20397612188549819,-0.23087052102309122,-0.7294789047505653,-0.3294734884630932,0.34112714450448384,0.24226214063948143,0.30465507744401515,-0.20147808893619457,0.02402234465797196,-0.05070689067090987,-0.10069611365097872,-0.045028060028912506,-0.03288546399725064,0.08474815068635642,0.0337422713732388,-0.08032136364663674,0
-0.3320799971503739,-0.40983610993274,0.211218059658556,-0.04285786247613849,-0.505866655309434,-0.08911208131558183,-0.23179485382578954,-0.5892697827777474,-0.26256515738804426,0.34268482127255395,0.3860721990784659,0.15174894826319724,-0.3016557115208477,-0.043352335867794814,0.23683824604827292,-0.07412444749707506,0.050258053638090994,0.04921014622391999,0.007535482906453879,0.019207562896107973,-0.20149022581202652,1
-0.40510048512611174,0.9413048641277093,-0.13815104809469742,-0.30995094902853837,-0.5229669900696162,0.3937789435205213,0.09321096931117644,0.013982944351973193,0.09527574870753827,-0.04004379310191353,0.07188210095525539,-0.26495986584064374,0.061694711984960605,-0.07088985642629496,-0.07985951907896713,0.0438857990166938,-0.03760686749468325,0.04423202326736771,0.008995170990240768,-0.045363482718774197,0.15516286255554243,0
-0.5389402557421931,0.8546202531989399,-0.3260442734655948,-0.2944168962998956,-0.4061566133985231,0.18493314376155617,0.09217022182654508,0.21541103738324494,-0.0787683896730987,0.14294192030137917,0.16548670628097042,-0.19498379740860713,-0.008546690292620613,-0.10782840333030036,0.25474008544623944,0.1352942705558323,-0.12543526215517375,0.24230271049375485,-0.09029145901519546,0.0043873893969016975,0.15437910252519083,1
-0.017447395064049156,-0.4101972242000268,0.09047897464802,-0.0065573656374056525,-0.6722113840048086,-0.12787816784644063,-0.28350086180420414,-0.6623750622537031,-0.21815966373260562,0.31688793890193895,0.18618681288523234,0.3572142132486633,-0.2699023451142367,0.015264196259246021,-0.09587321954902844,-0.09851378290050418,-0.042846291844982703,-0.03354626383472501,0.11488826138462552,0.020039534772522485,-0.053789928186280395,0
-0.30537070181434445,-0.3410553624744896,0.16868067061854994,-0.06293882313288525,-0.522180619076575,-0.03143260043738039,-0.2218267160987063,-0.4960691103236406,-0.21230377106994053,0.3078031997950846,0.35380791780798854,0.18368376799709188,-0.33523233283635234,-0.023627349389020273,0.18724795999320634,-0.09759372158664174,0.061311292138361895,0.0736261972755352,-0.007116320911576101,0.022116151546816915,-0.18563016541747301,1
-0.2762701935820905,1.162233564167977,-0.12858461743474484,-0.2530133680197982,-0.4350842698407879,0.4152822325553113,-0.021521774456878008,-0.21174228482191151,0.28381070963475524,-0.1583473211606982,0.022070874371406046,-0.33346571293444177,0.11142079105413735,-0.06503687660227428,-0.1360399265538934,0.006980545149569209,-0.027620477257517536,0.06104517732387782,0.03591120891148565,-0.0718399481450639,0.14006599801711012,0
-0.43385744541786164,1.0179764010410373,-0.19058788335368404,-0.311785432906929,-0.5086028609586033,0.34268425568648875,0.04923493877770167,-0.08170335038723725,0.10959348020383186,0.08651922241897778,0.19622291117531984,-0.3341766840930629,0.0066015488284628075,-0.08019429027025393,0.34211470440537384,0.2303345032896435,-0.18754975142084282,0.3268553444191604,-0.11598712498454772,0.23112936115041552,0.09337559841257465,1
-0.49219116873306745,-0.5214839630795499,0.23618582190759804,-0.0980354353184237,-0.3194093217615368,-0.06282881340906213,-0.20237233090739265,-0.415524086602544,-0.19834760529355183,0.27280185248976824,0.47764709778969305,0.19793671516463718,-0.3746577187019867,-0.05771489756012665,0.04266906739373449,-0.24966647327275676,0.11540196417814257,-0.06057999265933124,0.219678873017856,-0.05459983370201936,0.1909516019927401,0
-0.5818800171019621,-0.5188571547978212,0.17291801530112577,0.017175365401637905,-0.047387925664948045,0.06896012160632331,-0.33888066248013426,0.030945880399997096,-0.11379407854126523,0.22189387727348306,0.41247286056680077,0.024138252033243036,-0.2581657549791155,0.005686173946429795,0.21195807753895776,-0.2608664396696576,0.19058688373622662,0.011365520289460083,0.2828597914789725,-0.017161833771218323,0.2990125731078807,1
-0.33413910048647766,0.6075187398290067,-0.08348120606647354,-0.2565885322619286,-0.5305222283710465,0.3689504391830434,0.029675958345593636,0.0026758649091401607,0.024794922218147566,-0.037119181284620745,0.09057035935737814,-0.005703282388838817,-0.02053279270681296,0.038664063630619645,-0.21058030990554255,-0.15841352321006366,0.030588154530347626,-0.03386654818199937,0.03814596129711528,-0.07903103669946607,0.10523957564164199,0
-0.2248675685287846,0.43356865711325054,0.14998277700765275,-0.3249146315782208,-0.6449965568491235,0.43208479875347755,-0.011766227334717374,-0.33055468080131445,0.061829330887713856,0.2848475569628006,0.2866960523643507,0.14400317425531245,-0.12055691585252427,0.19226725243233317,0.42913017620310906,0.0013794458864279057,-0.1767722095119661,0.2164025889988023,-0.04421650586891055,0.4463681353853584,-0.09073600677259423,1
-0.39090284568331773,-0.6855957039961548,0.36954657727209167,0.04938907395777618,-0.38940159318850015,-0.389100148894666,-0.11086587196997752,-0.7537867762957052,-0.29348478798507416,0.2563735628124598,0.39433840834810646,0.12005846409228359,-0.14124474417284688,0.07971548862888642,-0.2326983220963989,-0.24491153855043635,-0.02328773561777464,-0.30132593573074784,0.10727911333025196,0.18629206381683963,0.212608061383265,0
-0.5438326923698876,-0.5709923636920711,0.2553251070101927,-0.10693110041329151,-0.1716732408980918,-0.050220085357555296,-0.1952514250600874,-0.36334699560855566,-0.1625697572030543,0.25305903123549855,0.4300810952472725,0.09816170068322662,-0.3186697694723404,-0.055333424536433876,0.2183336496677458,-0.18578258163409667,0.07152841696718314,0.04305138413372877,0.14446605392724474,-0.01426897814412498,0.013595065319254784,1
-0.2666612878516414,0.5416096710077681,-0.11179497611228474,-0.2818601865874872,-0.4846252448627222,0.39793371371772573,0.053995759910822866,-0.0016748429766801352,0.03263776646747601,-0.04636717406759393,0.0949829442204047,0.10317059133116623,0.022945619137542166,0.16968018586456848,-0.03380683980029292,-0.27778100840583736,-0.08477625927378536,0.018848319520286816,0.05602198193725488,0.05314583579525425,-0.20863012674959436,0
-0.36009148346825065,-0.5907110900874583,0.3337790975279916,-0.1159885291790959,-0.4201238364624105,-0.3005982077838775,-0.04218026625032027,-0.7910428578646802,-0.30041320576168107,0.3160849490313194,0.37446469355243034,0.2402826688165266,-0.26317154605202525,6.960450715856211e-05,-0.01262036078053526,-0.14362814711092112,-0.03619964586554117,-0.07335775855435833,0.07681206693551497,0.08951400017829253,-0.034032200748506505,0
-0.5890071286006627,-0.22532703449474548,0.10574275743124933,-0.3705465490024727,-0.12148694592312882,0.1644768617669351,0.2983512885962116,0.2660101188568072,-0.14833961256744574,0.09446077643493911,0.05580736451922894,0.3465088118385062,-0.0673919668270665,0.2627355539864114,0.1386285987030428,-0.5916449827048091,-0.1661998575773074,0.25362982327904493,0.14396387453106738,0.32778832965798776,-0.4572217097356282,1
-0.10482763259768196,-0.709565945144828,0.5469695345606376,0.3228234227432449,-0.5380903866184488,-0.7126778735055017,0.03430389743858756,-0.7242012344867889,-0.5907673778618088,-0.11517326624954057,0.049620457665539956,0.15705272048836552,0.5265002633513094,0.33458521723855816,-0.6535382665541986,-0.3751356689671667,-0.4257852012070261,-0.22333706313021576,-0.18116240494762642,0.5354300846060932,0.2104458833860493,0
-0.7607628338329221,-1.0004295548572129,0.30518731114341274,-0.030284378699263276,0.7641414471250925,0.11229709924251463,-0.40565339967837283,0.5028768699933734,0.21352643541193053,-0.03988777490719115,-0.06288954950643691,-0.04184865527324275,-0.03217233428532949,0.1812192250200311,0.1061127416090853,-0.40193723453961,0.03969422775381985,0.3258053188740208,0.2827420224437945,0.0038696286625200392,0.20145468051147813,1
-0.4336993613428405,0.22070606120996675,-0.02342118868429827,-0.32117339292819436,-0.4411143777456226,0.314269892701024,0.2279663894928345,0.20051674365911754,-0.15264919549979672,0.015387349254129809,0.0786283474278798,0.26302048670333095,-0.047707349331289714,0.264709024668256,-0.054806292953758266,-0.4793148202562955,-0.10506513275429114,-0.019432901766451287,0.1560824640129443,0.24044978939080006,-0.328895144077838,0
-0.5383886811431353,0.12908945130738134,-0.040282295733849054,-0.35734534974881,-0.35475699137554634,0.2687152318736277,0.22842194060534585,0.2969785781486688,-0.16355357199292406,0.15979562612283355,0.12158782001338721,0.2863495045853313,-0.06696584127143226,0.2295893229290663,0.20982998365011624,-0.5043419227877518,-0.142998514309234,0.19703454926108693,0.1742988825744345,0.2975754647182952,-0.3537840432599457,1
-0.6121563777432825,-0.6269371631694879,0.3172110624049042,-0.23455156076018682,0.0011977641468284843,-0.08371962410155573,0.028884793582637368,-0.1696953121576675,-0.13624994249793773,0.10576994025256048,0.3258156692661988,0.21418850750419471,-0.18839498018727904,0.10304971776287195,-0.08339146571700204,-0.5097359666712179,0.0650330561883828,0.0020343907602844327,0.20125276753835558,0.120997802376005,0.21552790248984122,0
-0.6617757925376138,-0.6434203238881899,0.3159074297930438,-0.2817701805231547,0.1546133433811251,-0.04752587720423633,0.010650636118204729,-0.0568385204208183,-0.06454356960237834,0.14816203589971402,0.30756341242692276,0.06763898732177272,-0.26105025151525585,0.015403344736722226,0.2054898851675187,-0.27780853105004183,0.1456063468127167,0.07549098534163161,0.19412217894330844,0.0489770034749794,0.0491143747368907,1
-0.5526465808440583,0.4543375848707427,-0.18443159787769317,-0.33640915814851247,-0.37061271855500555,0.23236479596338125,0.23309785948788103,0.44009908028434036,-0.1800312975308372,0.07180321122509717,-0.01312890850151518,0.11462537583165802,0.032755984479544475,0.0732876703835866,-0.1340258072892714,-0.29206197065569584,0.013327974946115356,-0.080880387880053,0.1126962957835425,-0.054441883133006894,-0.09914399717479772,0
-0.5616833143995116,0.2934167668209189,-0.11213729036265589,-0.3132616450574331,-0.3167648336433478,0.1985598247759741,0.19365062136024466,0.3591331496427023,-0.19927560068940645,0.17989000601586136,0.13266064949993778,0.16226016795902592,-0.068586725573507,0.12865169403061102,0.2460894956530538,-0.3178697946455991,-0.08701561531028151,0.18333406273756236,0.13632502174213054,0.2569745586571363,-0.21895115785551786,1
-0.31978715386138673,-1.2184645662318938,0.92061242740782,-0.009060802006310568,-0.29306227477402763,-1.3999243275806754,0.4941233059410411,-1.9740245264158371,-0.8293652181796778,0.22103940323896898,0.03267761654242944,-0.19259606034215274,1.0703682929076281,-0.001259335732331355,-0.5944715484388067,0.34255964626890106,-0.8606957724032646,-0.5069825224517805,-0.4426518710437843,0.13378649266478138,0.19307262623712323,0
-0.741631812017298,-0.9978438706054622,0.545287504714658,-0.4255598228233016,0.46315184364182227,-0.3319770113403573,0.16797363325048553,-0.6235691731988808,-0.005276291356351616,0.11202496396339784,0.37337468933526735,-0.11819805138750113,-0.2581651310618297,-0.20332610473920948,0.27704497583415083,0.14668762445280634,0.09807027585635304,-0.032103277580694596,0.012696624823271517,-0.17050067751983305,-0.08005463230720514,1
-0.3023185914154616,1.675510253323877,-0.09614805417437557,-0.3847536085358797,-0.42727376763939023,0.575806126093338,0.1472376849029099,-0.1540667702276509,0.3497801528311339,-0.2547485743195869,-0.13181587476088114,-0.6379041321395837,0.19918334954571837,-0.194651853609596,-0.04052381062019729,0.48786693296161165,-0.165715702859559,0.06740909494693541,-0.11996600251125886,0.1444257474750244,0.2055430400148554,0
-0.40379507462645725,1.1400972517529868,-0.060631124580742345,-0.5521334228828154,-0.6383377056691635,0.6578940975910702,0.21025903688174177,-0.16970512340290952,0.25962848665021576,0.03610785280342426,-0.030980758885185696,-0.37848759399613985,0.271270116566517,-0.059328830281577524,0.49576402558181265,0.4618381799511422,-0.3158440733031358,0.20710326585973696,-0.17252042653147298,0.4983139049332814,-0.40356735533607757,1
-0.45110985875068604,-0.9357248583284389,0.2699757979062162,0.17196302761138,-0.18497322243427833,-0.27146281464194644,-0.5656312294505721,-0.7976287194276772,-0.34572972629864834,0.24201049227744073,0.19907767651721978,0.026016781235076437,-0.08355921724206976,-0.33842284243648785,0.14046296234660124,0.20596044664447247,-0.0935956241019338,-0.18761855095163796,-0.04621670301526939,-0.3505404945171889,-0.36029531466542586,0
-0.539411922770216,-0.7711428331171621,0.37756969488864334,-0.017992314488951066,-0.16283264185278318,-0.2856277723335166,-0.2769273483778786,-0.8251327225703704,-0.2969472664304438,0.3434994104459641,0.3850481399891769,-0.09411186373428541,-0.15673954755374747,-0.21678310424817923,0.26106590583816375,0.12711841617498823,0.009168825093257598,-0.15814929863918487,-0.11975721919415518,-0.14375142595738055,-0.32830896676225413,1
0.1594659616827645,1.554126776624735,0.4807806241378366,-0.24732664769663168,-0.36175430788846435,0.8072219295157527,-0.004683725778531138,-0.4510369575074095,0.5024381796960401,-0.2679851977949411,-0.17025814254101515,-0.319229415119236,0.06377798039490243,0.17283343672537838,-0.16381354170882176,0.43702717131306945,0.021877396168347586,-0.019791225382668302,-0.1382115115956958,0.48384666797337195,0.17369028615053836,0
-0.14215398257462264,1.2596907755556463,0.06617056255698958,-0.4384833136369942,-0.5137433803759762,0.7108757910544314,-0.022056615130768266,-0.4192684309577625,0.4015632941756518,-0.019255252485358004,-0.013949742667447767,-0.3044800828708705,0.21758034047197666,0.055073227420454875,0.3861566687208427,0.3023351995292894,-0.2510015654821803,0.23060149209162664,-0.16765082385030491,0.3707189874179709,-0.14043404389931444,1
-0.4593617304754056,-0.6557701965132202,0.23928466539571364,0.13585180047902676,-0.2697016796987706,-0.1593270135217863,-0.42017696087536305,-0.5435525464243853,-0.23465808703700633,0.2314392685094661,0.22065819279116364,-0.03419387030201997,-0.11960158999059374,-0.20314837645814562,-0.03485826152730201,0.08160333499629135,0.09625707710728898,-0.2838896912976904,-0.07543796777391616,-0.22407639767940765,-0.126030875349925,0
-0.576374366984016,-0.7807299842554922,0.32455197666803987,0.032117407487778436,0.002733892829702876,-0.16872577806760924,-0.376191254433303,-0.4294941177131106,-0.15898156637263408,0.18562103568043822,0.3067911820013518,-0.11627589480551309,-0.19153437904330223,-0.16666209110216,0.15487807360914274,0.07239723354156676,0.1708912030044662,-0.2025959789025305,-0.05108809973198588,-0.15218464380112878,-0.15260513448260474,1
0.18248982390222468,1.6473356587852026,0.37592190398287817,-0.23547997254349537,-0.2528270185132406,0.7403413317664003,-0.074105157766705,-0.4695028613203906,0.4430099421576927,-0.31980837142116636,-0.10741678360500646,-0.4480872847972713,0.04930255619024275,-0.0596424202413192,-0.08374219228328761,0.2996603514555991,-0.06171907744774873,0.11119988959992923,-0.09740001871603224,0.17810295305701615,0.18139126880001116,0
-0.36086463231661847,0.9626176709906452,-0.2018657367079152,-0.34553564350324417,-0.5099704694422371,0.40362003266498614,0.008372090509360618,-0.09928167747355271,0.1656446906896641,0.01878461107591261,0.08617410150817038,-0.22775699165085106,0.09295960150822082,-0.051693714315867424,0.17216760510961915,0.16308337066941006,-0.12940823129624704,0.20690810590297687,-0.178030807628979,-0.01645344646022674,0.014626847438638176,1
-0.48631540318655264,-0.7738404583837376,0.3823112916900398,-0.007566283177919805,-0.18121036455034473,-0.3543093101086648,-0.1622644980798965,-0.7148858004290821,-0.2764097453505801,0.19181965225904793,0.2950306829667492,-0.00015071852567447928,-0.0929179673512883,-0.11404662978474395,-0.043371270101847485,-0.005211174086948601,0.031981805954901354,-0.2195664068160113,-0.07480382215489831,-0.1155794513870377,-0.04850534426802784,0
-0.6050078721347566,-0.682529304114638,0.37016104191504945,-0.17109038698032758,-0.03971700600741758,-0.17230337963686554,-0.10659697715396148,-0.4994867004684588,-0.18253041510676682,0.2727701919755448,0.4634976849243985,-0.034690866836572465,-0.26608097365949845,-0.11238928545311881,0.23486966666521977,-0.05485081922592665,0.11784013476845526,-0.05239627838870505,0.08232793073382783,-0.04053033833591438,0.018531447350599715,1
1.920059788542845,0.48026305128919244,0.9918088789403837,0.024531331369309677,-0.501790864046099,0.044304753201236426,-0.32422582138474565,-0.6545452145813658,0.03649420647669513,0.7259630644494786,-0.3186399294447468,0.7456281038357303,0.2490135770751456,2.6275690994548833,-1.002376668009779,1.8820958219868191,2.768268198676631,2.255878368964283,0.42839098897086086,-0.3376507517081778,-0.4385772108884367,0
-0.1418104887323366,0.9361756003041525,-0.035602514337858056,-0.3057157622363152,-0.5266287349345241,0.501993322269501,-0.10012534181686354,-0.3691868432821149,0.26840997535274486,0.06973607573470625,0.08443242628274339,-0.30848411406264664,-0.03394645468653432,-0.061750674451194636,0.3503674723555404,0.01899860878752992,-0.20934343412353795,0.2233230580024927,-0.22483583732116713,0.15636779892644634,0.07257988819623847,1
0.2951493458266557,-0.6858246487303247,0.4667822628833905,0.491248920835918,-0.8646771348595452,-0.8299603569001571,-0.1606815347057076,-0.9223147053643207,-0.7582021212849601,0.26173503635328665,-0.16656786085749978,0.05769592110127532,0.6116809661383504,0.012407977564023322,-0.3496383001976612,0.046599574992893564,-0.34627628979837344,-0.2118564905968647,0.06861696941495636,-0.026817795235860597,0.027168413737809826,0
-0.6013237896474901,-0.7246035187657829,0.3014782429817353,-0.043441841151279234,0.019100927485213803,-0.08492658279567576,-0.32921876946739215,-0.3653820860954171,-0.14282433571079325,0.21067442404239947,0.35721045212738123,-0.04591503857765621,-0.23567918236453397,-0.13795773934653938,0.22008275101080085,-0.01966749924911988,0.11331493011786778,-0.0561926052708593,0.04425355390009324,-0.14954597284168167,-0.09082175557970931,1
5.023435983385375,1.570964748586136,0.7491386778163791,-1.9916554151907646,1.2903359268064731,1.7899611327843543,-1.3262544343790417,-1.7608240017263272,2.427147998332789,1.7386211043317943,-1.1423430149484035,2.4626533504026917,1.3913325826593137,1.4078386896497024,1.1128183687171176,-0.05270196452800839,-0.10584140900347021,-1.6494565849731828,-0.5561455133677367,-0.11164777839749619,1.1712805908064703,0
-0.34114409608113755,0.9230053006198261,-0.17528033328101336,-0.30390108371919466,-0.4830401899626036,0.38604669105853473,-0.0212650252296497,-0.15391250586823865,0.16199684725965013,0.02243956635722715,0.1274869698201736,-0.18168686561549027,0.0676971411158468,0.024580946302115575,0.23899084079991845,-0.001529942027567527,-0.1578606386028432,0.2508708765358537,-0.0713627601332364,0.12968417306589233,-0.12999710083387622,1
-0.7468616463253799,-0.7409936127493147,0.3858517710887497,-0.4616617830595174,0.43145308097854546,-0.07819147948413878,0.2801341221481975,0.19420156109299733,0.006182018354069834,0.05007694092768727,0.0992152924254154,0.06368246741970272,-0.10582132575109089,0.02640797050003939,-0.030667303983890736,-0.30092991654491985,0.23361261629726882,-0.07495629582277975,0.2971182913941392,-0.13320248389074274,0.47598608047872143,0
-0.803142680237077,-0.997987243849619,0.4290555877321541,-0.25622547179174837,0.717063652629461,-0.0022170527595462538,-0.15832177014389776,0.16881332961814083,0.13813519910034028,0.13202715111760874,0.24273860884329965,-0.12158541448190172,-0.18402773769333017,0.053180057076699004,0.3619499821997054,-0.36971070686084595,0.16970190943808247,0.25623800487345716,0.5504856191238909,-0.024282931180307703,0.5127729612484665,1
-0.3714177988126941,1.2731117167595958,-0.4531705210426657,-0.22688220970879758,-0.29355939179271795,0.19157035498699498,-0.00714303483143322,-0.03400135296592751,0.25045261658286166,-0.14400050862768674,0.06792868130226394,-0.269025213942963,0.14758299371892827,-0.034483240259495715,-0.18387228088845625,-0.15347157808284087,-0.061011882896893486,0.02865792772113278,0.09997562777831351,-0.26165640347259106,0.20959135902188203,0
-0.4279123269523468,1.1697409245221146,-0.3236429564916783,-0.3522899636280491,-0.4437519636885681,0.34924129569963425,0.03855853406511815,-0.06836302566611689,0.18661927785832652,0.055089888823861205,0.17622569582723122,-0.26227654346467755,0.15148374268436066,0.01161514547433097,0.4044788202733917,-0.02017493075397224,-0.3165352169254151,0.3343546525738284,0.016009584549656602,0.2028940567352587,-0.015277529233713335,1
-0.7109444290444178,-1.115234972084476,0.24910282496120933,0.28606561447326534,0.7498073774433902,0.21483171689215147,-0.4558602389662622,0.17292695633249672,0.17395466650639652,-0.05643549361408367,-0.015662806717766427,-0.1562103251327863,0.17758498683760518,0.11770874274758156,-0.18551400107158528,-0.2630156759082948,-0.09520647520677063,0.043891087179680655,0.09640886803029446,-0.032377890999944224,0.48258729227786257,0
-0.7033888118323879,-0.9140447570599134,0.23733578958310425,0.15817503505089492,0.5212797853631632,0.18866612131896646,-0.596720164624786,0.249843721732249,0.07271347461478575,0.13713451895026313,0.2219531327855692,-0.12626246434991556,-0.09600631200863742,0.044535629381381746,0.2743380879758087,-0.2529335054008562,0.09787440849914798,0.15550350155615705,0.39991924957843483,-0.05584414101039562,0.35594091306854986,1
-0.501183082587297,1.0643815032596224,-0.3776162515237224,-0.38967751957766306,-0.4165343216463634,0.2941474506310645,0.23518076726494175,0.31463522717527015,0.007679508851284235,0.003284550806074078,-0.05742653916077521,-0.13291354600612695,0.20183989034342187,-0.0037978794037415967,-0.06190769456011894,-0.057951864847075,-0.12361477622602954,-0.03576135244142575,0.05204456984941859,-0.13765525230396541,0.04242692456823169,0
-0.5891714130338919,1.1579617365793715,-0.5060496260724221,-0.3617446697447958,-0.3303007681851317,0.1095970209890404,0.2505216414834345,0.4247898753630994,-0.13414235952322276,0.14731661090553033,0.05112595577738118,-0.16145770531685813,0.11100190315812151,-0.054111069821188976,0.20959958004603968,0.07509323003497406,-0.20426788908112534,0.16999438311920703,0.002958229291183816,0.05688860888165542,0.17865006213010295,1
-0.7769833756768103,-1.1144956726722115,0.5666577288589331,-0.41510755061489024,0.7455547630449415,-0.32118154364355345,0.2683309224855073,-0.29499946937568833,0.15639792967904523,-0.12435632527367965,0.09536525008908153,-0.09338092291573676,0.0075103310260691515,0.01064842461718207,-0.15898126887643846,-0.15876857420932322,0.04023890607381323,-0.04092341815149722,0.009294281168897488,-0.06690170982853379,0.3696848904922565,0
-0.8553643748495389,-1.09840475030738,0.4760737937298082,-0.38583941932127636,0.952204356380099,-0.030709363036733443,0.002493265511296874,0.37192673171655977,0.2665052506043393,0.001190456675471226,-0.009225536183828962,-0.08255571216097664,-0.10972334876093702,0.11203361455397615,0.24387122314678228,-0.38880879044783345,0.13097502867727293,0.35735915336852914,0.5038545013760857,-0.09574982700129493,0.38312065618484104,1
2.5098871899382216,1.8555871361275778,3.0006345600126507,0.7933502069263333,0.5235607727717511,0.7462879639532124,0.1278203907754017,-0.07423934635467971,-0.7209725492552761,-0.4853372759347916,-0.0012435831886296554,0.5413421210022014,-0.29794425654779116,0.5606841087510066,0.41034076647557055,0.2803953715884997,-0.47635809312924215,-0.01867163941879005,-0.14283924831191075,0.8960155530589217,0.21722076428395787,0
-0.6604197158389372,0.869982146059231,-0.39417390118501866,-0.5108317383078951,-0.294624142918539,0.12650678178498614,0.5718861736761701,0.995555783964159,-0.432622247960422,0.17436278619712953,-0.21855052513410925,0.1430781524494192,0.14768966512082154,-0.02468784051384647,-0.20526219960503211,-0.02821649308179017,0.027445590239949025,-0.3070277845108786,0.12441068599930394,-0.15554279179817873,0.20740390981725854,1
-0.6120909542243822,-0.7129516232916348,0.23075084453388617,0.07983340923107717,0.12000403786212106,0.038559696923554744,-0.41804096578064237,0.06725123353430501,-0.04426458509760371,0.10306692516060414,0.30778352698465594,0.01602189987004888,-0.14046945213336415,0.0197549006426597,-0.064150562808393,-0.31580730170189714,0.21407571061682226,-0.17474710079337832,0.27859005939631953,-0.05006301163237108,0.46749156730036123,0
-0.6808901530202114,-0.7256522217768088,0.23993655990212004,-0.012544358002472805,0.29571020399637815,0.11358530014770385,-0.398306788690002,0.20049096480922055,-0.027523043309965096,0.20413042995933395,0.3458485075304281,-0.023634844735856246,-0.18705776528076448,0.059831666848485336,0.28759005409621735,-0.3938129388082241,0.17327070445271492,0.12820799231367064,0.462655565659061,0.008999154220193283,0.44045264731249906,1
1.3510623044004524,1.772207147660777,2.4236739742195357,0.9385749357822509,0.10687702307323452,0.5092487090555724,0.36206385800861157,0.15906936856044204,-0.32915848721575874,-0.589858131565661,-0.0544534261720432,0.07060432420552001,-0.8979968554107385,0.30536776216064954,-0.5441094032557197,0.25183494266376105,-0.19373216661185297,-0.19949166146963593,-0.0429141251934351,1.2489416365478176,0.21458737348081802,0
-0.6908138334047824,0.9153854455710508,-0.4234793938924436,-0.5792398504289986,-0.3005921973525306,0.11888427376014364,0.6743336282299536,1.1536935560706858,-0.5110471061701719,0.21851375123988304,-0.27599947784449164,0.14434035276017496,0.1615793504266562,-0.0818384831356242,-0.2385618028237246,0.13116265394450285,0.06586861460574862,-0.41100639495474806,0.0712970492699285,-0.26333099313911995,0.37262043513403514,1
-0.6145510714242942,-1.0401872567213557,0.4800031767633767,-0.030209411239241195,0.318366356200799,-0.38256553414269207,0.03006726221753666,-0.44598306110345987,-0.031061349875094686,-0.1257314468787702,0.19367267635708937,-0.07055172585924642,0.19591755448638443,0.17498443370889508,-0.3124895434372468,-0.3344013523345562,-0.08314527577419502,-0.16430265994933885,-0.050444650806140835,0.18254932251145561,0.46089484910982037,0
-0.8086560164806472,-1.051471375788919,0.45143509486324523,-0.2758958511769731,0.8026315750085655,-0.03380294170365409,-0.06252483065421349,0.21427679630052604,0.18812238186395436,0.034186816885260624,0.12451393752765182,-0.06724971498836889,-0.0900216211190058,0.13422525413380568,0.18288246377453182,-0.4908971324479335,0.11131973259963307,0.29204967494968126,0.4515249286704962,0.047085837642262575,0.49612266865062077,1
-0.617732000054466,1.028358216611462,-0.48688866503553424,-0.40330057659816354,-0.2722559418235358,0.09376607464511179,0.43898356232908053,0.8023332121567728,-0.3025632491285259,0.0768569180268611,-0.2103865363352281,0.04530527959362829,0.18727243723823292,-0.0496584782863421,-0.3467117547303963,-0.035425780187575716,0.029364392373320718,-0.31546515145794607,0.05624445252884039,-0.36967915760983716,0.2804876667725235,0
-0.6414354959164693,1.0565282890651502,-0.6185539753205503,-0.2849708861747991,-0.13196096593304057,-0.088769281987796,0.27467395339173645,0.7160724822586199,-0.3387524783175966,0.21909441504802793,-0.03816812012242206,0.057553883973099774,0.07899036327316734,-0.029042008436524294,0.07590630362054449,0.008961604506928476,-0.11627932345966896,0.055598432327882905,-0.02654063009150161,-0.1801568169203644,0.25160781702391,1
