0,1,2,3,4,5,6,7,8,9,10,class_numeric
-0.28288297752915575,-0.18546102392497935,0.2296162447477963,0.2300404527797443,-0.07800810824127577,-0.04768048516752226,0.025078587848141595,-0.05642846374150412,0.06383919123937852,0.008812974632523486,0.003391218804062775,0
-0.35378069372853727,-0.3413652394152729,0.3554970177970381,0.1708781053592545,-0.0692419892205452,-0.04152474555580556,0.02336713184550067,-0.029360926450623083,0.08225909307440947,-0.020798707343589302,0.004237071872803968,1
-0.37312532419234323,0.8656295056480384,0.16705659593622563,0.379872861876027,-0.14774079996884384,-0.16251780257022996,-0.1699997362578278,-0.03963275041926247,0.28184480900084785,-0.16219201372354092,0.06710595717193545,2
0.23560834758636573,-0.4310704763186139,-0.14143395193874983,0.48294301137924656,0.012625805940621222,0.414755927152677,-0.10030305868797004,0.04575004563159998,0.07984489413061135,0.08765260026809306,-0.07126209895348588,0
0.33130785068052476,-0.5318706696586054,0.2171237247980395,0.24952825698557735,-0.12492481781227284,-0.13656126998602142,-0.08948858310999963,-0.03709889094473592,-0.06134342066006028,0.060592422919001174,0.014967015155523183,1
0.5129284862332824,-0.29050182130036806,-0.08250655582168873,0.2739346227943255,-0.08457258827103048,0.021383542667966472,0.05161717652340904,0.03789208646820433,0.019526913080587058,0.011190624649290609,-0.009688862579664507,2
-0.2899616493845576,-0.21936758796169809,0.13566373148776575,0.16340358468369073,0.05191547411802162,-0.03485913168017798,0.042871579986282334,-0.029182749622066115,0.07741879665194924,-0.04078976978946653,0.003386089766679979,0
-0.3501420700145925,-0.31911445768673297,0.26723278174801324,0.11452943985226988,-0.028910514141551796,-0.0759057171485975,0.014448223111958668,-0.04882605589090151,0.0711306954503416,-0.028300370496642347,0.008192765276563815,1
-0.46137458895789346,0.3661704259668208,-0.02764118929590245,0.2706844635043606,-0.12345359284012836,-0.08289470254484742,0.0066172220354671855,-0.00957278342816898,-0.03871806629843389,0.10157403946111236,0.0027811644916402502,2
0.3241344832797713,-0.6448082398096457,-0.03607598799712658,0.3322195874300967,-0.06677099773012823,0.10845640610041787,-0.09067565559508885,0.11776070612855656,-0.017294272045091156,0.0014279219245722373,-0.024855588247920203,0
0.3355877981864019,-0.7145237033846632,0.3782228021161409,0.19460109597299294,-0.17072720313749795,0.04993430861141362,-0.033378699206782186,-0.00322107259251394,-0.05043291399554698,0.029327714882468926,-0.02574354002141383,1
0.5908553088464916,-0.18351888888571663,0.15058007917594457,0.35761090490687353,-0.14449107305077324,-0.023989313031734887,0.08268453734844437,0.018505358133592352,0.05644525072128973,-0.020632391470627356,0.028996621009837697,2
-0.3362796495767203,-0.27927542411386413,0.05739618657901437,0.23152075260836746,0.00020074126623571253,-0.1054444858453943,0.0024309725071081484,0.006239187736664568,0.07163013018781758,-0.054253620394866045,0.025618676638580903,0
-0.32265264433005103,-0.3181593469913439,0.31702820205007703,0.21787217201214365,-0.10096368569948284,-0.09406888494145908,0.025765842263724904,-0.018834313156084703,0.06769450169352513,-0.0264723354318751,0.000947388456300198,1
-0.39498785955482707,0.7728695035747898,0.06391960393641236,0.36409902698284746,-0.0005574564770201249,-0.10104690875983134,-0.2053113163138281,0.01887508046502788,0.18498490066728124,-0.1426985613895424,-0.028691758293430635,2
0.25781051864972815,-0.4554322036486349,-0.23558075211148968,0.5211411803332263,-0.040307738199166054,0.0013404879950977347,-0.0892806531820538,0.10806764261728939,-0.007119474598008184,-0.021154363258309633,0.006236097368130412,0
0.38270894465694916,-0.45053541375590256,0.4234893708874247,0.28734600109370756,-0.26465415556036265,-0.15062433970463734,-0.1225383868986642,-0.03652074337473315,-0.07221744267559442,0.1143570046263201,0.02095096744002802,1
0.6992160143311908,-0.0199895284057834,0.18129660638012038,0.46037331467350423,-0.1429939216954778,0.061589893230776356,0.047688381985914546,0.0672317545499895,0.13421616968080957,-0.07175880721786305,0.02604112894892063,2
-0.3017046547164922,-0.16833232112319538,0.22014405592209874,0.25565487960816113,-0.05831980674271718,-0.07838313304522915,0.07046659590281908,-0.051466573204689336,0.046772423829915054,-0.005004823166002504,-0.019750112022994308,0
-0.3053355302275552,-0.2817596925902753,0.32413985081867713,0.2391903983452177,-0.0662727655900352,-0.09165499047880041,0.0722675874592901,-0.03147901990629894,0.07679319212380474,-0.01569962274017781,-0.009011991715360239,1
-0.3126865089144346,0.7963879439404872,0.07919099351593989,0.3575506035098786,-0.05404681038068369,-0.18670917775109658,-0.11055540556546904,-0.04547046803042295,0.22975131390504624,-0.14315831677934884,0.026924897806719666,2
0.2754773696595177,-0.4996401921536392,-0.1207751634759351,0.41876823855440864,-0.07762088628407601,-0.038989469333956535,-0.13667028439842022,0.06734998868782414,-0.07511183121447992,-0.03440073033746541,-0.02212548335958548,0
0.32153554151862823,-0.6979115662644202,0.35884036829396326,0.20143838119675747,-0.09496273879973365,-0.06999427527853859,-0.04053207817838833,0.003513609924901473,-0.05919061137535089,0.04248405063431606,0.014263574654550866,1
0.6059668787016587,-0.29357693656443795,0.15877230855772226,0.30389717344276557,-0.07100236167860273,0.0058124662739334814,0.007950473382769937,0.020556289275739263,0.049571583106004964,0.02012169157524769,0.034045003519414224,2
-0.32666865799970846,-0.13852396003011902,0.17570862933193784,0.13123192962064492,0.044093862538337844,-0.044925919030163894,0.18542591866106287,-0.08295129981932033,0.06456256610236215,-0.024907581422673356,-0.0217818299023567,0
-0.3267524543747418,-0.25316331842431344,0.20269858861820722,0.0364802041866434,0.06648841471782624,-0.1347187607396333,0.14020312303145602,-0.11455161306686205,0.08762817507994218,-0.024276914892919325,0.02812732635491353,1
-0.5106029689791246,0.7060661761025974,0.09006086519329431,0.09328138471166664,0.03151753704132494,-0.1965674037524196,0.13116054941198144,-0.15680927632942954,0.12797212438720787,-0.09922241040130904,0.027276888496011797,2
0.30270517404076464,-0.5051262030709434,-0.19712116341250419,0.25202341151888974,-0.04831398121347583,0.07418475807880116,-0.13404191119247566,0.10315468034807704,-0.026925770876346917,-0.009338994643225011,0.02543216048506724,0
0.3955990021340648,-0.5092016509739103,0.11346947520847205,0.1809898241961146,-0.06280026359830182,-0.04594293969531749,-0.06281820200417532,-0.0028884056232320707,-0.0495843341073464,0.025016462417265573,0.002656789536604221,1
0.6180258633353506,-0.0937801337372043,0.08018156738289335,0.25585859023471064,-0.005975164606105556,-0.015637535688059902,0.06609601720413184,-0.02848127846372384,0.08990114181493575,-0.059478876016979765,0.020950874235773024,2
-0.32227931465796106,-0.21442215783579036,-0.03980226216869731,-0.16789231992027906,0.11335889417621986,-0.08352256374745977,0.08298775880702054,-0.04047171465382836,0.028895501539535136,-0.07747980312227266,0.006188990074448459,0
-0.3751692444012403,-0.19231896363876866,0.01668348942232874,-0.20003460259685485,0.0770344422090202,-0.07662488547021933,0.03163766945161009,-0.05335633542391398,0.0356843387670187,-0.018097414607064356,0.02788345866263278,1
-0.49578106474252787,0.6132026176063531,-0.09631767406393599,-0.12678801506849285,0.0012073074151147567,-0.04444506142635,0.1644189571944455,-0.05172924989027665,-0.007828272541626841,-0.1132715212521584,-0.020263022635638103,2
0.20281559504733826,-0.2389621227767844,-0.31053847998324835,-0.11442274449670758,0.23097482503025066,-0.23759505234952608,0.2050283943996384,-0.08938464668133665,0.011535726951970117,-0.007834231771651292,0.002746163230839576,0
0.13983153329964193,-0.1552667470595067,-0.11013356521008906,-0.10670179681772977,0.10277809595875906,-0.06736518226279262,0.14045904452457725,-0.10356893337105562,-0.009692338938884227,-0.01844778107989299,-0.0140574876856712,1
0.28338782942103924,0.5508131074348295,-0.8222002264225344,0.11636631907659754,-0.11629798426385926,0.1649556417125521,0.09404155258448903,-0.010042655967936558,0.11256005263063747,0.09004842976125323,0.20723342320901827,2
-0.16815058854899803,-0.18730090752639647,-0.08537941540579012,-0.11778524007669929,0.14014257693063173,0.37124066985434007,-0.12235456278334861,-0.4267021167492078,0.07146124539982462,0.044216169547555986,-0.04726414808786283,0
-0.371463257981464,-0.17652649884194865,-0.03623990572835478,-0.24507753944139257,0.003417890608730749,-0.027953339544974896,-0.05380758209624625,-0.05714323397077383,0.016831808224836108,-0.02121812258213694,0.027736151093765246,1
-0.45874677331342034,0.6558799155589924,-0.1880129280356034,-0.27009104100420456,0.07003189273530629,-0.04564165977117984,0.0065446890244469525,-0.04247607062311063,-0.02401951318708191,-0.08859795005156312,-0.04808652827682396,2
0.21076582618035497,0.6444163794504659,-0.3151754954144009,0.2738465463820053,0.5521289554841731,-0.05518374885563598,0.05613029281199366,0.05929562916449516,-0.13657506569372796,-0.15570004749612706,-0.07010831858245636,0
0.20526991636740483,-0.30248694001467663,-0.1384336417104118,-0.01336774760820491,0.07264761371327343,-0.13607436849426263,0.05321124882242175,-0.07320113816181677,-0.004404824817450806,-0.012423446259721393,0.0006771748965285064,1
0.31461724784782924,0.1976952312325156,-0.6692099457326289,0.11979111630436953,-0.16825492878487924,-0.029178185352468435,0.28197055752783967,-0.04856910094051109,0.17420009959007932,0.03990358145704228,0.18235977932999464,2
-0.08403214627116773,0.09791381925000564,-0.03491357401764571,0.006231209773803644,0.11529050156787334,-0.18836365691108076,0.1734158925432651,0.2810179736245204,0.25959636601832353,0.27484012751181336,-0.22109636514251924,0
-0.37927784797959063,-0.17007436833317616,-0.052073457837118066,-0.17967513049206915,0.055333424795764176,-0.09969834021608318,-0.0180464588696938,-0.06599384895066195,0.015833073098975785,-0.03091428824512484,0.034696973369670356,1
-0.43276123430340396,0.5098558376525385,-0.24702813366138945,-0.23664366153164268,0.04803853732759886,-0.05370827538279067,0.08566504762842614,-0.034502923347227876,-0.05533408518924604,-0.05803754268209976,-0.03320311667509167,2
0.20059675597715027,-0.15597017938408422,-0.16604363801877978,-0.024988245259173206,0.08703937963483974,-0.15402140908530593,0.18651725377824066,-0.1218011433393332,0.031537238925303836,-0.004116467440654817,-0.01708955522272257,0
0.1905275845527549,-0.11827731790091749,0.03426588434408553,-0.19945654076856648,0.018971200120632886,-0.13011983923229825,0.07962121411294111,-0.10734059925926538,-0.0008260256693414209,0.034607951071940625,0.022814196626336807,1
0.2437968305875254,0.5541866195731845,-0.45007203029026555,0.11430248859607174,0.04156599479712752,-0.010160391195769754,0.09765745413617682,-0.07445105459806789,-0.014144223333362531,-0.10058928218028623,-0.01158637057804397,2
0.286910015538669,-0.09343439278861373,0.43943130444204814,-0.280387381663147,0.014493413037666873,-0.30557742205077015,0.3791028212187945,0.6601127054182954,-0.059509217115482654,-0.16725983334487587,0.14207721000761617,0
-0.3810396674489462,-0.1372131676435656,0.06108651360909073,-0.24857105718636874,-0.006050376469432254,-0.12992866623216814,-0.06265601748480701,-0.03944627059179395,-0.03260758482891587,-0.01990242707167346,0.02651049538386269,1
-0.5401032476128067,0.5191259830879236,-0.26880675971582246,-0.14439963732865926,-0.08482082868378903,0.016462851509995192,0.13351699542328363,-0.025419823645309064,-0.06595913153952358,-0.0468375138993331,-0.05385170358073955,2
0.1812529350381565,-0.12872774789640112,-0.13903711882776945,-0.08252442234725457,0.070619603081256,-0.1454790399389057,0.16108820934049217,-0.10305474544473803,0.020498285105734957,-0.01192552011925054,-0.0020382357750282024,0
0.1555421986453442,-0.09759146134380871,0.00132422309829677,-0.13104533337807878,0.07925026836893923,-0.0938358205434735,0.11803213013780033,-0.12583236008028334,0.023481153992735544,0.005880134958179239,0.03387577637525243,1
0.2838188971746553,0.30691874398876645,-0.6108380613263087,0.17879570334651426,0.027727436832977365,-0.04612078132654275,0.025048307804596517,-0.0420863680423721,0.11014504907812017,0.02297546188553663,0.029407635321353418,2
-0.15667501278280674,-0.04248964522006151,-0.03731936586228813,0.011933637604240632,0.34201035942053887,-0.027070676570906203,0.027807695235359912,0.3161541639946999,0.32489593074784645,0.2818710130815855,-0.0221898752832414,0
-0.3744929454833076,-0.16340693534399853,0.0733591374222174,-0.14959181326824825,0.01484504485137549,-0.04855768211927437,0.039801904589427346,-0.027919085673318064,0.004020839482504467,-0.02486430211058829,-0.007447748356958898,1
-0.5052458834363523,0.3174323480986707,-0.24065584798608952,-0.08305352233551408,-0.17038782712181685,0.07884319823259454,0.25881038794511924,-0.12509692109239626,-0.027757842595672926,0.05919784531282588,0.006307578455984827,2
0.5402133719715394,0.8204280799507224,0.1560401835362019,-0.008967399302090255,0.002160826224333579,-0.03720413054680149,0.020312418850270277,0.028772577952761412,-0.06777205055557264,0.2645930806379427,0.06260333714858744,0
0.5193183862823457,0.9070217978675196,0.19318885387600737,-0.31297513044963177,0.014569192217134937,-0.0427476636519176,0.045276020194981115,-0.07728403280796219,-0.06317282289808025,0.24964469132018932,0.11757751698471404,1
0.5125476190525388,0.9002600862548515,0.19574150614464736,-0.35282863413642584,0.0311668879587076,-0.07488017836377238,0.06114759460748723,-0.10103757137320855,-0.04847068014079359,0.25616716844110915,0.11304209994575634,2
-0.3149754016657144,0.23233309536072322,0.21132250407148756,0.29342232322275175,0.2719944881968009,0.01683769812208704,-0.1948728759773285,-0.04626698359298846,-0.06343185544382207,0.13805538791743205,0.1391028049297284,0
-0.433392691453823,-0.26700285214054514,0.26320361697968503,0.26927918135019246,0.03695384041115883,-0.00046120569613231175,0.08294676422497865,-0.007778830810771441,0.008314690360763866,-0.022877859511064174,-0.049450959990320585,1
-0.49272618323021417,0.1948465414164081,-0.2157075878585507,0.3575978837381537,-0.07999939289122518,-0.01161185577981661,0.03366922751572627,-0.14018293562655884,-0.14954024371810093,0.11869335733159513,-0.0009645299811509783,2
0.48172990904050456,0.29320060081677835,0.09922272491434167,0.12261885192041286,0.22857352246008578,-0.3142320124550478,-0.005669718667914701,0.07111942708137473,-0.0053296531779093975,0.03883249305515005,0.07900046891705385,0
0.3205292459942077,-0.24912325470133034,-0.06659556311452286,0.08744982733614852,0.08636008235505055,-0.0660126958901209,0.07854922407070775,-0.046924887177398546,-0.02623521185812538,0.010517497960907276,0.0021936430765572834,1
0.574300842712681,0.5533968466735049,-0.10904646352169373,0.210579014021018,-0.21734825212106546,-0.00694296277781553,0.18127649791925474,-0.022814414100648422,-0.10183812183866137,-0.041970977917676774,-0.12345319383615076,2
-0.3181318988752813,0.07106777191876135,0.09496078138461693,0.12080984452986859,0.24683123830326392,-0.03482409511646516,-0.29170923338221855,-0.17309463312106704,-0.040272361150592136,0.1744675803964597,0.0403380262616028,0
-0.4287651245115233,-0.21727381514014332,0.29407325560990494,-0.015550847143571253,0.003216083352213072,0.06416958569054575,-0.01806231727750365,-0.0021010533100708976,0.00894942740638052,-0.0019133135836949843,-0.030194294500353554,1
-0.5559792391603366,0.17975216940530947,-0.4425058982135931,0.12566809475244564,0.050293776229882785,-0.000203666633492521,0.013231414993460536,0.0768723495008793,-0.10845406530020246,0.019552014059124236,-0.020055226808130898,2
0.44203632059145953,0.13394232351786084,0.1383240356521349,0.15045778633952045,0.16343451242554163,0.02885631779958993,-0.11235910384530133,-0.0025711004222588626,0.017052531802585105,-0.02781835945374033,0.17446226992062344,0
0.2565822359606436,-0.22477255691103276,-0.10560760708956846,0.10337660707343317,0.05046959050056752,-0.07728225908689179,0.03755524954675256,-0.039827107376749375,-0.02469035151439915,0.008268662497421324,-0.008270868022749301,1
0.5462542140437399,0.5351596583007583,-0.288082721776066,0.231543784583331,-0.27654798517015566,0.03132569142648991,0.13176584909739905,-0.032147177099622774,-0.1325478432039158,0.02337152335483052,-0.06705118217348781,2
-0.4419305814837811,0.4033082890254181,0.12913663236404802,0.07041183056059869,0.35486166062184515,-0.2814057736347874,-0.11033788358880256,0.1624455595180789,-0.17468154047759912,0.032163544571408256,0.022401969052189823,0
-0.39877705203586683,-0.21481374124475883,0.21727207947660016,-0.030217243244384157,0.05087743836947121,-0.025650528751744076,0.033312583957327696,-0.02830683286104457,0.03621938348696095,-0.006947407754538165,-0.012385913030335663,1
-0.5882559752823393,0.07267124565589678,-0.3883639476821375,-0.0023715777535008842,0.0306803031755193,0.08449051120190577,0.10967051905951192,-0.022739677323042308,0.02021024725514906,0.029681438831882016,0.020390712257861914,2
0.3520325929396882,-0.016273191307785585,0.11492142631319098,0.12342514692059219,0.03108811830455807,-0.02719234359840167,0.12133240668962847,-0.09785904689299955,0.0982624398254997,-0.005621166837558988,0.03511585219849858,0
0.29019341785709085,-0.29649052406890364,-0.118426009753599,0.19776975789753454,0.08923902392814315,-0.11721337942813183,0.06530403320421906,-0.08361686553682036,-0.004093993987210296,0.0030448492021024447,-0.0023905794742439517,1
0.6343340635797476,0.6150659695882315,-0.311655715953054,0.3569959207104388,-0.17677968300028502,-0.03799311103151125,0.1289619935962978,-0.022811166020248543,-0.20521471410382006,0.008319406908931211,-0.13864484597098656,2
-0.34079035709931776,0.00013531206978691153,0.055379640595283545,0.14722896617229744,0.20992232623019588,-0.17502135919039188,-0.021306000596688062,-0.03263112230973322,0.01224874842249473,0.13103889151906128,0.07950470367850486,0
-0.42480716751915326,-0.2891673544074934,0.1396650610571921,0.059624110721352076,0.03834115686617355,-0.005686417329261117,0.016867930753331855,-0.04096148117093312,0.03380500819390146,-0.02918384078124143,-0.010030591570054283,1
-0.5873443908725988,0.1146481219029844,-0.5190143511565459,0.10825302609719961,0.10554222471807803,-0.024810584444628383,0.11330151125324889,-0.11013337441323302,-0.00324150843631936,0.05126275814871439,0.004968702776785415,2
0.3648584468079241,-0.0680153393738176,0.13258069370522466,0.2219506200676576,0.00048233554547883573,-0.005966026924812372,0.06427361520955638,-0.0543554276925408,0.054504295244784826,-8.166484210452105e-05,0.03191959900333026,0
0.28405796440549375,-0.26912374361482616,-0.06685879920268385,0.14723323341036926,0.036662056208136264,-0.07700934670364208,0.06259637106830544,-0.02512466296104385,-0.010892322814084709,-0.00017746646935212255,-0.011673422381169541,1
0.5013452315324219,0.34009584069994814,-0.5680346758553421,0.2677464904081374,-0.09900368036375791,0.0723496626440519,0.008310245124341474,-0.052937564558507136,0.007074548096053552,0.016738180183797986,0.031015157008399023,2
-0.30400284406337036,-0.17174314139737243,0.10488911265209681,0.05060708500978319,0.006596339875728853,-0.051867720912706375,-0.00403937301741475,-0.01239415095448334,0.007152695965284836,0.0006150399103568915,-0.013210418734520418,0
-0.42135601561573033,-0.2659176051424907,0.19007501456914677,0.01569130832511057,0.05520007663318061,-0.004618725615073838,0.04064889784047622,-0.028143919225612588,0.019675849966655966,-0.032085099444805455,0.0025587610538020493,1
-0.6069830690329785,-0.026739957258712765,-0.7143720962961022,0.1827757590906004,0.06482232132116965,-0.07606276808439898,0.000338549191630258,-0.08868386901216942,0.04327261261178703,-0.039239722996622976,-0.09302384344759132,2
0.4585340764400572,0.2451065115833205,-0.006079294474109581,0.1489952005979739,0.22399897232403765,-0.2117709589162848,-0.12830036435240635,0.21884124190512005,0.013294246881255798,0.03899650983320892,0.07980949399036728,0
0.2767380567013239,-0.2135374587584937,-0.16465602261336038,0.0885856662106316,0.09272730020894916,-0.030278413000717597,-0.015879544202784632,-0.029056894887643594,0.0058214802188954,0.024109487315600087,0.010752783618913164,1
0.45217862291657746,0.7123081413569684,-0.15820045085863899,0.20157264539868022,-0.2076073855605876,-0.09065232461696002,0.0333980891988861,-0.005039170809804907,-0.1514419964127675,-0.03572983869567269,-0.1428299431698049,2
-0.290613491664975,-0.2100100707467908,0.02917083366222686,0.026553505872221182,-0.06009833112867263,0.019368608410724453,0.0005892632763326015,-0.016687901190590475,0.006358593157249166,-0.05158558090321468,-0.01466798846569756,0
-0.2587543239196944,-0.16104577810612286,0.08675823848840163,0.009379526524526848,-0.04271318571604466,0.026896866607208074,-0.060883605677093465,0.05386777762721832,-0.0003106418367061264,-0.025419116906987674,-0.025971880397317907,1
-0.43955745444348227,0.27137345031235816,-0.301182086647528,0.06331687987873254,-0.10443162366427937,-0.03869465258602645,-0.09435638706309443,0.05725498096574722,-0.09407727950906407,0.07277517853234206,-0.007878549650333322,2
0.28120366225870463,0.24283315357198065,0.8255164324250867,-0.1580381382417018,0.31085298739693146,-0.12653302708790892,-0.19645615454540238,-0.12367519769835689,0.0025513969951554555,-0.06976546981275512,-0.19539733725707167,0
0.16378001762091618,-0.011288232488911504,-0.004535101406697245,-0.17444301169153842,-0.07803888654219975,0.010763404155449307,-0.10681947862310093,0.05377206173199807,-0.011613905333521192,-0.000348077306821783,-0.017386303308497695,1
0.35840326065435196,0.5262659260239334,0.02165976531730437,-0.14278993148190736,-0.18503863462192896,-0.0378707286555151,-0.08946115958725347,0.04803286206905672,-0.016911909306086475,-0.09023097816436089,-0.07913176499361484,2
-0.17726469044347729,-0.015280642575823846,0.2717468587508301,-0.10656448977390715,0.03138154907080175,0.12100871314327347,0.04814910051675556,-0.0038780484433133806,-0.06059679901000041,-0.1278013339924121,0.19515462321372432,0
-0.2533686665180762,-0.13220838523093628,0.12800550168999072,-0.06900782457014773,-0.01767977131854438,0.02150519458664105,-0.035550730829854146,-0.014599402835596064,0.01002288385951861,-0.020184975545851764,-0.02465915983365863,1
-0.3704019776971879,0.3400453909527459,-0.21383973599114978,-0.004500349068520282,-0.0918391557110478,-0.06479256110835421,-0.036730146361244324,0.013998837675426515,-0.047924114486731235,0.06798799859708293,-0.027485559513978627,2
0.44325153940193257,0.06124037778189732,1.0939734458431134,-0.22355203442617463,0.3623727382379989,-0.28308295580837844,-0.31555923352266363,-0.0009828596354784912,0.06329033090438053,-0.08592004676646231,-0.16164636153477632,0
0.14780465489391884,0.007483435008832017,0.009258882987431947,-0.22104290075594574,-0.068297730027983,0.04249776311464721,-0.07949320069189675,0.015616813774863557,-0.011637919007941273,-0.005892076106575353,0.0047483576345598135,1
0.30425640483643407,0.31860021432863045,-0.05538341612360216,-0.19390308099444029,-0.18901902457925446,-0.027826196571846925,-0.003050639218667077,-0.06999909319643524,-0.010007291859034026,-0.08248341996323263,-0.020100687741715396,2
-0.47300158027928524,-0.6270433513135496,0.12484072139287324,-0.15280895609870218,0.31270935099769254,-0.005478674754754204,0.06074354921739983,0.07595178941206436,-0.10577941656895128,0.2323994482536661,0.07537583355382686,0
-0.274730227764195,-0.17405220879802627,0.1298051800740519,-0.09152578693679952,0.027810465588057463,0.03234769355289967,0.04135434644623981,-0.04727423988165441,0.002842986525024216,0.01302999763271676,-0.036508271997131,1
-0.39641911448351796,0.24924942579369544,0.015764828380334904,-0.03530208767016903,-0.14388764147671534,0.016186264948168785,0.059212670830348944,-0.11256585284225465,0.013603743882288891,0.06562457298341534,-0.04654279962606752,2
0.21162474749259713,0.03158680950391235,0.026078712273646797,-0.17659882352433215,-0.060419717228184414,0.12015068508556072,-0.03648596575330436,0.018413970119518674,0.0014071649861150124,-0.036167064012729226,-0.008627085123077461,0
0.2883528845189866,-0.4695570986590287,0.36914072585757574,-0.42952898519665783,-0.1026079468224023,0.35676468137325346,0.32210991851721515,0.27173223148055425,0.1713545917824996,0.20151709581086732,0.02750552229214943,1
0.2855615832156027,0.20272319932457894,-0.1595003184171245,-0.182575078022813,-0.13920859201779537,0.02892971234072233,0.009147594458928947,0.011959718060901426,0.00762604330609801,-0.06864215202260057,0.007697729926361492,2
-0.3182275290739583,-0.23847027751565164,0.07577533476473972,-0.07983631162832874,-0.002826613336986008,0.0066372205371058755,0.14194232733719542,-0.06109706282161393,-0.0345354955805182,0.09173686721312908,0.12410767005024886,0
-0.20651649190996602,-0.041974295712359506,0.11196337928594566,-0.11743659189756069,-0.05586890098324866,-0.009621842339253173,-0.013433457044971894,-0.047287891799138275,0.02974242701677428,0.011336920822031098,-0.0009233083398097491,1
-0.3449472691614891,0.09608819419503298,-0.06661783059894012,-0.10320163963675318,0.08312430643774485,-0.18460398693504962,-0.01628109189129393,0.010505838049819,-0.11501942004142805,0.06445388240228138,0.23562596907052363,2
0.2585107720588682,0.023003430049004726,0.08284164464165261,-0.19280009140192947,-0.06698810286979925,0.11307444460012296,-0.02278364627789188,0.04296811020881326,0.02251187804902613,-0.02251866652683196,-0.013008403880836957,0
0.16166754229894886,-0.07102342123209796,-0.08286473138801015,-0.2126818439776721,-0.030512308502114557,0.034577224253780424,-0.0879537536039384,-0.00010602109722458385,-0.03000756652565759,0.0031864362521948114,-0.010010837766272774,1
0.4357661977677248,0.5842793953342142,-0.19664055097283684,-0.1474945102543978,-0.16413792279895859,-0.04763606468974959,-0.10571049927196051,0.015711708697919647,-0.07295560775927452,-0.07713374300930204,-0.1545029522795324,2
-0.21601537069079568,0.005965336684584285,0.13429667413124197,-0.03800983850910599,-0.03692396565726893,-0.0520343623871751,0.12872176285454065,-0.06364682681091621,-0.006946311094923027,-0.00775987487187825,-0.04353714672269679,0
-0.21406296920223641,-0.02134935802521599,0.17672021391126344,-0.1300485842261767,-0.0351978172442749,-0.03263519806684165,0.007018336529739197,-0.07284570878191934,0.013188848735450807,0.013546759294667286,0.009247556300603805,1
-0.11826429692670305,0.2701335698494705,0.11930044661799334,-0.0818042815100799,0.00860998267760928,0.062171535519008905,0.40793532188701265,0.27956876482325715,0.1894372496522605,-0.00763661936365133,-0.16937878351127722,2
0.21827819016806932,-0.007291107273744169,0.19133921550173738,-0.2618382535507233,-0.14288786546936239,0.23610478097421145,0.08085978668382904,0.016939852974854116,-0.047759926847781374,-0.12156051023999098,0.12095679006915898,0
0.14852158195161175,-0.026307882899605194,-0.04030097427962896,-0.25611971115274984,-0.022593896739256762,0.028744243762161302,-0.06496693847047824,-0.0008315552569757386,-0.03398797890086501,-0.011147093467846455,-0.011066546954187436,1
0.2926425581887217,0.4278584711124452,-0.14181210716643905,-0.21250364311422482,-0.17294020461715143,-0.0008636160807493068,0.019372830891645546,-0.0454461242881472,-0.014202800355747287,-0.10436253751435075,-0.051414995917669175,2
-0.18195625889380754,0.7654518652273212,0.5162315463575124,0.146691693939809,-0.07831105167027487,0.18893017487971392,0.013974698290757424,0.006198331192969178,0.18186471010575966,0.03405212918301967,0.1424328199815881,0
-0.44853131402178675,-0.14792846909365842,-0.0033684108909961467,0.026704543844646572,-0.057497335742750906,0.08477012785159733,-0.05201490154963836,0.09825063692104337,0.00980850275690783,-0.04937977961542848,-0.036857715399288095,1
-0.5149203958029801,0.19670182373258813,-0.13352551151472236,0.07736346666977635,-0.23546136416108837,0.11687547771671361,-0.004902494551948574,0.04454937841162687,-0.06727734986520939,0.07287422818814358,-0.036880632719015476,2
0.2994046618839565,0.38528907498221326,0.14492534133551788,0.07688114710593469,0.18280404554067664,0.4216662120359835,0.14291425956934803,-0.042683982423159246,-0.018518270588850073,-0.16513412140417316,-0.1752778719386095,0
0.21432155686131224,-0.2888306248638814,-0.40710066373487663,-0.07190100409766402,0.11084787832890129,0.0344112777372055,-0.05947127272092191,0.021077568581764773,-0.04003337545249834,0.002442454492047518,-0.06317718637001896,1
0.3034774858555391,-0.3098670930917652,-0.5286219733601523,-0.11754663020000246,-0.006616621461801413,-0.022528389422219287,0.061905239030295184,0.03775857722883753,-0.03741281219807045,0.016175696423916013,-0.0443603708998443,2
-0.20789517836794996,0.69147088181395,0.439857468723626,0.18862460422316332,-0.07033967563886483,0.2279289348657547,-0.030214535263423742,-0.01607323924676532,0.06622524531000312,-0.023542853284394354,0.11163017961614377,0
0.22472326970205023,0.5013639477577493,0.005974944295972142,-0.045266163461170565,0.3695479753548258,0.2070877484781708,0.15949141583869184,0.11837648369998678,-0.0012917432581103848,-0.08804175958371249,-0.09672875972637338,0
0.18770833988274965,-0.13477535555837902,-0.28591745389694356,-0.1874521800052668,0.1387661663152151,0.0777073325198758,0.038156532720986625,0.10373722546015887,-0.08211132796131351,-0.05545961129831243,-0.043505721013631475,1
0.16077196483037995,-0.3183253937250074,-0.616385079986369,-0.2663772763254053,0.10450754986064223,0.08892147915612661,0.0509771897548825,0.08609448465364586,-0.09776567775565723,-0.0692081705804617,-0.054560341330880426,2
-0.2191794752008319,0.5656771876905821,0.8285639657125651,0.1336354511392303,-0.11861786090165717,0.2351621582678211,0.2001148755442587,0.03470220734490999,-0.06064917112836645,0.038022002110031254,0.02706459236765343,0
0.3344179952510651,0.6141137377280728,0.24175827830733249,0.07221058479395083,0.11360466073531665,0.1861484255354565,0.1267197723910641,0.1895537376747094,0.05769120513809936,0.1416922139021005,-0.07174870885659568,0
0.265720391612916,-0.20601733300559077,-0.24276854207069,-0.017369189470632998,0.11333435198029027,0.06325303189901664,0.005067525233840331,0.06178985994207913,-0.046184104879499824,-0.03648613803763879,-0.04631524795387741,1
0.23550499518710696,-0.30452497648345195,-0.629031238539564,-0.042539805081777314,-0.020766493908545215,0.06797387400450228,0.06225181940406643,0.10163588546903048,-0.05799682333726436,-0.02681582607105932,-0.013015812961451607,2
-0.4120128250749548,0.2857582533157349,-0.10673903029712671,-0.008707769109324335,0.4444790290815474,0.3145595452499599,-0.16222416287326621,0.13231478822926537,0.11504720559494705,0.10884376027113901,0.010392551901410777,0
-0.6023199305824134,0.07646276411664076,-0.23582660333326663,-0.06398782330260663,-0.16320837920539596,0.12407618390163805,0.010727254833853611,0.003854980537582077,-0.03875742045237564,-0.003721200235103484,-0.037992653762403454,2
0.2136799361502065,0.3769526218540492,-0.11818056053125982,0.019563299593025957,0.4332848971091818,0.20973315893575398,0.016028538028087364,0.13098689945270256,0.03703376152192534,-0.0759943875020696,-0.03404143918263411,0
0.17650200605831654,-0.2324671015004129,-0.32528219600565367,-0.2042931506845223,0.13965110791479163,0.1465234454676068,-0.05783758655386199,0.060772645516024175,-0.060358862277239515,-0.012458948565446305,-0.03389190697303183,1
0.16699018611880212,-0.31131023854346457,-0.4835965751323682,-0.13624040383981173,0.004792448443970681,0.05689142392062624,-0.05262105829117152,0.009972059718997972,-0.060910966064455466,0.0018055804812543831,-0.0058941938760854245,2
-0.25131195065019907,0.3310935811908771,-0.0898389788094109,0.011283492323064576,0.31710031086585366,0.2559826026263521,-0.0982269761517308,0.31078254419058143,0.05480650616855467,0.017359730080615452,-0.06407332928922561,0
-0.34995899118931934,-0.049731808876715564,-0.012540767546031145,-0.09651186367651003,-0.1302686900766572,-0.0720791316658982,-0.10411674117200981,0.03999642173978728,-0.032299870183827566,0.010014990371000499,0.02620864542323724,1
-0.5373067219271888,0.022563652207546546,0.09117611713822266,-0.06362710551057195,-0.13000582234646085,0.09958772263778891,-0.06254048126759686,0.10089018176401006,-0.051313391828409265,-0.0011143266820719414,-0.03849657048191411,2
0.2372951242613024,0.11756815582092005,-0.16542563961330436,0.07584715463819944,0.32520607154093856,0.09662809527390526,-0.3212715491624408,-0.2077602438102748,-0.12410309816756568,-0.03845073344846817,0.14177226530954928,0
0.23136026621362435,-0.2551691737754863,-0.34384982904424843,-0.0357478594081117,0.09178428592276698,0.07876682921778586,-0.025392526615815383,0.060933106905350844,-0.04380286929845807,-0.0034925319190092087,-0.046544831929881327,1
0.2479195484574356,-0.3025627289740878,-0.5672367535215761,-0.059477145418748996,-0.023596333575441983,0.04062230107188224,0.05474278420272863,0.07342814430962112,-0.04214344705665481,0.006358136145800938,-0.02771063904430543,2
0.09864408049120035,0.24682444924765515,0.7761310882068693,0.2642763156298137,0.0678379400804189,-0.042190288492508485,0.026410087189038072,0.09214413990685,-0.28054232890499853,-0.09064839610871508,-0.027633737542497965,0
-0.2734835580236208,-0.1439394543502473,0.05133269566308509,0.1677962307187808,-0.0010751411421026046,0.013255745468597344,-0.005499997265979667,0.08946118516047906,-0.011758813409786755,-0.03483852556268283,-0.018649211535517105,1
-0.3279202058654458,0.11369113889031411,0.08365334383840568,0.2033576878206988,-0.2892963428713828,-0.042843086050281316,0.05828359906593158,-0.04384427448194703,-0.08158369268260017,0.11426558604307248,0.014834188843790265,2
0.2731610963706618,-0.18079500922609354,0.06524941924007573,0.06969663731755436,0.010419499170577414,0.04855739218341213,-0.008391109879575583,0.005073371472982251,-0.038728712453173234,0.029816394382345544,0.005144166783700722,0
0.6364059595812734,0.1502870529646671,-0.006601292478065991,0.05984241194420823,-0.0097051290536942,-0.05702119675614122,-0.08537779998331327,-0.10852143949869929,0.0317386093385611,-0.06674884737929146,0.01633889993783679,1
0.7102647685613572,-0.02018400367351988,0.3200560183629277,-0.031064682185666322,0.001975153085192997,0.11884226866378678,0.005548900842982455,-0.028786301486439164,0.06107431263248341,-0.05826545911796813,0.011638886134096957,2
-0.221934278736503,-0.0674389230036626,-0.09522955931042731,0.3374452384880435,0.240832579821098,0.36073778133072953,-0.13328989314967538,-0.48605304922854636,0.029761362371144722,0.0652287921360667,-0.1337392426339936,0
-0.3615121045148371,-0.23736932623659796,-0.001086721506072683,0.20667995195105868,0.08168649573258427,-0.03118869613302649,0.055998314885645877,0.0387541228200889,0.006666404563706442,-0.05500325229515583,0.0036887583275823084,1
-0.4082976793700632,0.11257903369265268,-0.07137373310771165,0.3356919673100375,-0.20188742731244422,0.05210729423081602,0.2510425833935953,-0.022298949312433886,-0.044131702455085575,0.11093291986342121,0.023386909152231995,2
0.3053803800981766,-0.022613220648146977,0.07735819856742536,0.06936720310074687,0.024702263209866404,0.03469345789845487,0.005721441311268712,0.06744533396279447,0.020277785847970443,0.027875670840104297,0.05105523894179257,0
0.2918779649283049,-0.1302859851426338,0.11210703618340322,0.014415790439057273,-0.044916584045801185,-0.010719923872412713,-0.031187989183732265,0.012468585077597736,-0.021644065505919508,0.03643868041396067,0.019476104628800135,1
0.4558566511481432,0.1508161953718983,-0.15544362542064555,0.07739796352466576,0.012992854060239416,-0.1188745296873535,-0.14825424993190173,0.004197108383895641,0.016228667936312266,-0.03161950613605583,-0.036472405517083126,2
-0.2897940308697981,-0.2536207093924975,-0.04999895060769815,0.3626999196311905,0.20709395747788664,0.4671978999621943,0.2637274236683615,0.029985014724541893,-0.20477404608890057,-0.16854389276664652,0.23759340223779643,0
-0.3763494067309356,-0.2957947692158498,0.019322757560971498,0.2972963526716434,0.023543412999478718,-0.038766968287796265,0.012314891978327202,0.09308612178788186,-0.003093868723568349,-0.06787543676205317,0.009215007878138047,1
-0.3768774109596016,0.27492246418031696,-0.14148937405347486,0.446279164929389,-0.08095671552289034,-0.06529488864650662,0.04599660146147333,0.010094005034053792,-0.1309804605729312,0.09300912104346531,-0.045125326028634526,2
0.29665361362103554,-0.05511258370458477,0.05652135558214044,0.05519835199957664,-0.038091636223882654,0.05901293172890033,0.005741981753505199,-0.023253532223707005,-0.009359724938702707,0.00660083893753561,0.0032575476053946758,0
0.29259492321608954,-0.15537623769969303,0.11244694189049384,-0.007970321636276336,-0.04168788030321693,0.009328660865964573,-0.027948292729116052,0.005003805652776685,-0.026520630609359316,0.032868456036591796,0.015596815777697942,1
0.45629938599553255,0.16026115736345573,-0.1641716357611828,0.07398236495867634,0.008315847621482998,-0.12398879676465388,-0.13792021778736074,0.0030904804138189405,0.01624633163323218,-0.025209225791333268,-0.03969918701210672,2
-0.24438572707837794,-0.1470959856546814,0.0943049530468116,0.3462962294951216,0.07600225630235002,0.12538811465746386,-0.00033443942148607685,-0.07501544681857777,0.035860730829846386,0.09878867474618534,-0.19440283762555002,0
-0.35050490400829926,-0.2956455600652724,0.0021130997797602774,0.29195814087685,-0.011244144666064519,0.034345265131745295,0.0037678175673616435,0.05708911982473621,-0.002416476952241778,-0.06722019057640741,-0.01640628813995721,1
-0.4054977210439371,0.20353888031539294,0.08002249447859403,0.39108846807606246,-0.09159947262069976,-0.0012388221574596314,-0.004835555032158391,0.07792266071961344,-0.10705326703193065,0.11173239682671049,-0.04804762740014646,2
0.32921794106213853,-0.06572107861296698,0.11676102341954579,0.01348187467227021,-0.07645638093241339,0.08138294864837459,-0.077563331964455,0.07310151455439887,-0.04199987201942291,0.03553532009150349,-0.0019281039305887808,0
0.3163863585826144,-0.15817070127358515,0.09428636551028687,-0.02915227904910105,-0.08830810594967727,0.08088526906022286,-0.09566015943724335,0.046360164594990254,-0.049156082107046674,0.055846012971147066,0.004841232035650432,1
0.7651819485585024,0.1267733573501107,0.09847621224405995,-0.055300855938405634,-0.039256253153209554,-0.04284220522890524,-0.1142725805930687,0.07811133373206415,0.08604649477335509,-0.04809475462875274,0.003373399663441586,2
0.2203820063601827,0.25668631660689745,0.7987489493777964,0.32574692826845025,0.12446399472273097,-0.019928453979565556,0.1443972504494243,0.047424452768927525,-0.18122574933366123,-0.03838424560518622,-0.040935622306103946,0
-0.3655251674664158,-0.1702676285309879,-0.14054768129050502,0.2635239482377908,0.0970304814270187,-0.17502495835465742,-0.14109810742093104,0.029955382826060726,-0.08223198057470645,-0.0565800409248864,0.016554163800621316,1
-0.4042739102139889,0.34422872640421986,-0.10083140547892926,0.38686619142384127,-0.04903319346755127,-0.00554715497482491,-0.03496903611551998,0.11636597903494443,-0.12665064379513916,0.05737125570461476,-0.02807952130515963,2
0.3299408535053677,0.011755096587297585,0.2851590017002368,0.07297460455160668,0.06463793014252166,0.3235477914641869,-0.1414641374757696,-0.11304848587543069,0.0711820190675201,0.05456622962240719,-0.06216174942408217,0
0.3129084324384133,-0.12635191380715774,0.10070306490509778,-0.04500400138042961,-0.08030567339020789,0.008811333593465835,-0.07685173139499821,0.03610811598532409,-0.015731799021316974,0.03851115598866081,0.021922493531515923,1
0.609953285839099,0.18627867908781442,-0.07478723029848817,-0.02955903649388015,-0.17815636757265213,-0.014442895718926803,-0.04260063368279486,-0.010033664977206801,0.01211470641263964,-0.11198135659125942,-0.02573340321614093,2
-0.2467001649381691,0.00034365236797496426,0.15700805554442238,-0.007001390375302255,-0.07789412005550493,0.01223887166440597,-0.060192123581354014,0.027300720460566363,-0.06638467480449826,0.024892450806985912,-0.03982495502426871,0
-0.2531677524786971,0.0779510899856158,0.19084935953636184,-0.005198254535419841,-0.07960805709956342,0.012673355677087016,-0.03627707250437575,0.02377312394834925,-0.055161815311651145,0.03867697021568024,-0.03360658066661206,1
-0.2710356399804501,0.409872823483166,0.0025437695517119717,-0.0057247355565041525,0.056903178136815794,0.04362487345364538,-0.03477178144438934,0.07411994063053726,-0.05394589387579045,-0.01914835813791414,-0.030228439275878507,2
0.3441187211707213,0.08711685372157005,0.14026624544849792,-0.087543191111057,-0.06835691804901313,-0.013917698158781038,0.011181960975310568,-0.034406948620169846,0.05433026743986243,-0.03310914913378063,0.009289077863496125,0
0.30198198032948076,-0.08809494839597569,0.03569753649736339,-0.13016426015844504,-0.025203936645029495,-0.01671175702953028,0.012831516566869264,-0.01861502505995108,-0.017580839715995684,0.0036151730648922424,0.00917228004544569,1
0.28367076418587184,0.10963871969659386,-0.18983298033923815,-0.0655679085730959,-0.13457824813737293,0.05441681913570397,0.12517805922280212,-0.023011194596633328,0.09701459846831023,-0.015247278954351268,0.032690118889415386,2
-0.12258152140078389,0.11076662309171478,0.13412651291004768,-0.08145582446549635,-0.09104965611677783,-0.004726531838442105,-0.03524591561640095,0.007664821012628207,-0.04761479091551176,0.01510873459532364,-0.017277905867287453,0
-0.17903324509999086,0.08178202721900059,0.1142129560555126,-0.05700198441988969,-0.10582478166518726,0.03190436518123636,-0.08368407424571084,0.05204551519429749,-0.04196928765544448,0.02446618386742842,-0.01769941834369589,1
-0.23487242742288575,0.27470785091351624,-0.06369152471069661,0.00024149355887502993,-0.03757277976462541,0.02905981071812085,-0.08873967142607109,0.08181835370549907,-0.051833900896809705,0.030808325749839008,-0.018228820033871527,2
0.2995891326041252,0.05770222039912252,0.09861949210950408,-0.007978529980117166,-0.011350440654028087,0.0005052755787523581,0.02452586641630694,-0.0426360178604685,0.0317512304389381,-0.009681356971951697,0.011594369934833261,0
0.26750611645687244,-0.09187747046867242,0.0130809139396494,-0.020459897421230968,-0.016561420388882395,-0.077107271459171,0.028219215207810424,-0.05429562619760897,-0.019640151673901457,0.016114052919005434,0.010037790825412965,1
0.28996464102941244,0.2593747092827566,-0.3637382586485367,0.022077963497136335,0.05250618259859926,-0.09329127668335263,-0.10182057839310638,0.0034891623788283984,0.07488478978131213,-0.0018879482376459962,-0.017211281886253708,2
-0.14243893849292838,0.1157909914319598,0.20839764241997766,-0.11624295360616105,-0.12891716969753833,0.009739830502608153,-0.07862346732097984,0.023643608486127253,-0.06322513694944858,0.020838318137872493,-0.02800705823629211,0
-0.16461530938658414,0.12415167134717607,0.20289234214879526,-0.1047701072971781,-0.12607180094338669,0.011666337526943795,-0.0682192811077481,0.030235830536987893,-0.047302395468397915,0.02486322817153147,-0.026847693565225754,1
-0.2404795481592679,0.2955855208464741,0.015237005008792359,-0.10755482601121234,-0.10066681654061412,-0.022992402724153666,-0.10690823569442498,0.038298173987508954,-0.052886112820674805,0.02482935730916781,-0.012470919176946984,2
0.27958506504936187,0.14959350178494307,0.19113828442859704,-0.07606308581748943,-0.12744080953540513,-0.0068571403362846116,-0.04079491442134652,-0.010008332568401225,0.040502505267639204,-0.022819384501522367,0.00233397595972243,0
0.22697647345130914,0.033519070829288976,0.11325630003816502,-0.13254430748980753,-0.06910161212284538,0.002718728648153517,-0.0022595934027909432,-0.021836390296050178,0.011153392252225695,-0.013705168249571192,0.0019277548049314993,1
0.334957302624569,0.14883981275665076,-0.1651463562500469,-0.1252408173229664,-0.01279725075610838,-0.0470620010397987,-0.06111010008573388,-0.011389347067428961,0.05992521389928245,-0.024893123417301516,0.003448444755299403,2
-0.14756168634777908,0.11625948863417798,0.20167897330945897,-0.11603553466885591,-0.12797517284959373,0.014869055350274732,-0.0814979383329853,0.027281771651587353,-0.05445175435147688,0.02880980269743202,-0.0398287285245531,0
-0.15995994385706674,0.12474016941009523,0.20952728856670988,-0.10898759857522858,-0.13313516643697781,0.01692873719756435,-0.06907389222622483,0.038405976353860276,-0.04440415761324813,0.02382909724121916,-0.0313439746359918,1
-0.24149908043977722,0.30039654612201083,0.019783211679503407,-0.12141185872068261,-0.09602495266834939,-0.027219651526043314,-0.10068885009522152,0.04743118744353225,-0.04618651114890742,0.03126647627005813,-0.018143043532852128,2
0.2919831609440849,0.14134536382935528,0.19177165550518202,-0.07969151276320825,-0.11227638865465656,0.011949094971933565,-0.009346511517998531,-0.028306837372565966,0.05464945143731654,-0.029044842503686014,0.005000398059581076,0
0.23119332318517377,0.027702286856813686,0.11386316633126366,-0.13925800362779742,-0.0918442092434649,-0.004463782712464728,-0.01824526609717283,-0.0069726276295851665,0.006739795254575674,-0.007089078535050793,-0.0009562044984434423,1
0.3219747073451592,0.1821913629141138,-0.14368824507811587,-0.13462977368399856,-0.023505422419225097,-0.039943848630613586,-0.08024888333547534,-0.017388033649480616,0.07162168051650462,-0.02432560699468903,0.001664784864159508,2
-0.1371688810134066,0.13991638617529417,0.1762978234466405,-0.1411402121859127,-0.10105262872181606,0.005242382729257727,-0.04894053464635992,0.0051427944830984085,-0.045574960394801134,0.020043520608360815,-0.029055556457167286,0
-0.16634758816171974,0.12862755173189097,0.19770570958581057,-0.11183677790760413,-0.1048676934601268,0.021869032010569247,-0.04317043673856583,0.018148780123538936,-0.04298493917688997,0.018231902764550924,-0.02967757255276214,1
-0.22267181270500921,0.28262092387437626,0.10908159512231744,-0.09913391413181788,-0.11313859737408406,-0.006834031705008121,-0.07216160771393972,0.0322667426812951,-0.0242893405341543,0.03348662777198969,-0.014251216296011284,2
0.21931333254738394,0.16887265923954875,0.1898342893090126,-0.1906453409420854,-0.09973160172150738,0.00024010604829723895,-0.02905813179665691,-0.01640539036012454,0.024427052775369624,-0.027974822529863073,0.001520020193233621,0
0.19604979360909444,0.05868938779145513,0.08949559262380352,-0.21025020539755368,-0.07370911377041867,-0.00019087319671474547,-0.015926627266980516,-0.015872765425164716,0.004960511735459594,-0.014644356226694832,-0.0002446892984215788,1
0.2855560488648491,0.28367071881577677,-0.17878271650670485,-0.1858972578324249,-0.01957731554592053,-0.03163796099529253,-0.09489105723893296,0.03183555422235099,0.05382061017913699,-0.04675681224850287,-0.015233162401749026,2
-0.3114406305956871,0.03748243962892239,0.12437104386159492,-0.2928768434643523,0.10582082634651328,-0.04974990086924953,0.13878893933597747,-0.10613252654041368,-0.009490046775676378,-0.015272575941609605,-0.02066522742139797,0
-0.4210299876543024,0.02627286941811646,0.28769820346578917,-0.41407567699824493,0.0532357762726488,-0.03181745794992267,0.10490754035351024,-0.12337672722087499,-0.006139969757996797,0.0278983558592638,-0.0213568815980848,2
0.29609225657351795,0.04391414796713836,0.16359877862778616,0.028641150585465895,-0.0969945431904897,-0.01080849044178133,-0.0205164480442697,-0.009051863242046676,0.03064763042993677,-0.005411854239448084,0.01325943373440395,0
0.294437658351499,-0.2570055654234259,0.13863763568994816,-0.09911097053046315,-0.004411571119159123,0.011279374381167238,0.0581425725488686,-0.05674668907260119,-0.0068325579699018615,0.017595778302819293,0.009455902013553707,1
0.4438821597609855,-0.16921626915376028,0.11478490528280545,-0.04862526254405678,-0.056787435670621826,-0.006302926601034721,0.015098080344405324,-0.03359869882565915,0.036424749047249384,0.017116390194567392,0.0022036813013498044,2
-0.36699308087795685,-0.16377276238973326,0.1021718662551418,-0.06927538205399617,0.05431223358184208,0.03266784614230273,0.023802321176911688,0.03719275978318122,-0.01519743506909248,-0.04824655289692552,-0.048872585770684616,0
-0.42739428841147536,-0.29510579581871,0.023805104345980828,0.022366219953586956,0.029684148131559243,0.0058891299026254,0.01660725002753155,0.00023646810565206805,0.012285511779734333,-0.06304263851596661,-0.0022580641657136053,1
-0.5259213295226981,0.0028390377366535736,0.2700992319563827,-0.18989214424598655,0.040066416697719,0.017995792012660113,0.0594621424154269,-0.05014686173697256,-0.020789362564339345,0.020944386425748574,-0.03120857081556821,2
0.2967223607939079,-0.0019706779744684943,0.16572505077527683,0.014683277479959147,0.007024763315327974,-0.052885927664270846,0.0932140138750397,-0.09713915919562732,0.046371732990272564,0.0004643293826315736,0.034958053161662,0
0.24453443321323537,-0.28661347005334015,-0.05324463377218997,-0.18927203962632966,0.12015175425546759,-0.009653071707389237,0.1301077423143859,-0.08700086046164192,-0.028090428313293496,0.005980673382207306,-0.012475732927617706,1
0.3616868365681367,-0.22177036240305906,-0.026152589370755937,-0.11023729999936259,0.05520393079599529,-0.017675514098091646,0.07715097608321114,-0.04135443444646332,0.005515653222732451,-0.006173154949543725,-0.014099702151362054,2
-0.35786724110945956,-0.19368728580760605,0.031003384330670097,0.09003342040958719,0.03186841539740487,0.00918861722932308,-0.023486561146466075,0.04557450236800931,-0.006689389681149698,-0.045003449781901114,-0.025572278077409288,0
-0.4106562208538061,-0.36167883576152254,-0.02545646754666697,0.23981108169313237,0.06801299948258956,-0.003875927924676919,0.05553779158949129,0.04396370195804695,0.019050799685806925,-0.08233981207918344,-0.00033286063361295185,1
-0.44429071775609424,-0.13884045157627073,0.36194105767402995,0.01384578227236249,-0.003279903514711764,-0.024915483317671433,0.06406647157142115,-0.0412030099325291,-0.009995069834907914,0.03482243111352768,-0.024039156156727713,2
0.2828575808220694,0.0090751333244558,0.16689946926488317,-0.03549227024124462,0.03633723341183686,-0.005018986576809441,0.11938812515791396,-0.08150369592733651,0.05421022953449779,-0.025825618708704843,0.0015521274060836265,0
0.29038251752378225,-0.2512308019332826,0.03369025861834085,-0.17491912518466513,0.08309264756130234,-0.008614876325286153,0.09954811366198481,-0.09425125969570623,-0.021299028718631794,0.02024858233358449,0.0005379477770754329,1
0.39780027865899903,-0.19727135134334114,-0.025953316556737088,-0.12297428627734694,0.046743151194909946,0.005306259739305681,0.06565226946300465,-0.05502421816400546,-4.1886544453167844e-05,-0.0022129057096629554,-0.01528781315557295,2
-0.35798346278318866,-0.08920552521471702,-0.01508373395294605,-0.13366369881242368,0.0996210508368118,-0.04295603908447032,0.07157120519956203,-0.0025984037095206657,-0.019931542224594312,-0.05012215441563161,-0.034116562729669495,0
-0.3936005204133792,-0.2160372644560793,0.07888940061563139,-0.04878955836608622,0.09116891548565496,-0.012201746105402436,0.058058568822345856,-0.026912059724786108,0.014979594164601888,-0.046729566301141945,-0.0181809735177619,1
-0.47244573549204083,-0.0265104227015963,0.25093610953293066,-0.33562762797222134,0.10307687804185227,-0.048788503149241165,0.11729465025482119,-0.11791515839893729,-0.012472301302104426,0.020394631272958656,-0.016712815684718475,2
0.24211382861775277,-0.014268335159946782,0.05948478940245807,0.056269318758025134,-0.048704689671520286,-0.005348176524425761,-0.02051649190104554,0.007701773062553482,0.00812285510448639,-0.001099751338919059,0.008651525503780082,0
0.2787304845549252,-0.23528200700011054,0.02116593605743636,-0.018481469842528905,-0.017823884033762123,-0.0009099491939150027,0.02129271788794561,-0.023636429958993118,-0.008631921574202006,0.008658159158048503,-0.004783200713776441,1
0.3407245655041284,-0.20672411320059725,-0.02609060215383325,0.010106535454754638,-0.032579677662821015,-0.018590547971640534,-0.0146664026158399,-0.0031240449925303672,0.002304653458293971,0.0054946089199062464,-0.0006478973673282874,2
-0.3826469394693345,-0.1708851311656481,0.03433521188205483,-0.08819782256373107,0.08603759148704197,0.01977990575718829,0.05463086477601278,0.05381002505191425,-0.013645899710601279,-0.0736830266987095,-0.052807697269204826,0
-0.43030133272854704,-0.22049345807028625,0.0029180227619535065,-0.07016633240631154,0.07752166982372628,0.008410608047099937,0.034908470906827554,0.01423638469932085,0.014308112121612277,-0.05906071216906389,-0.023970089477576333,1
-0.4469344524655082,0.03769857964313355,0.3241340634407771,-0.1678206412648167,0.04414130699330874,-0.060948893095975114,0.12789553554118754,-0.11396283436510712,-0.029144905764606183,0.03830690972803262,-0.016211916437360772,2
0.2795497630105931,-0.04867916100586599,0.09778364817108234,0.07940794555578014,-0.047872334899331064,0.010960530547971166,0.05526349291829124,-0.007460855147449766,0.011845899944688312,-0.021004186531899265,-0.001693340777572993,0
0.2678033248958508,-0.2738326413873739,-0.027885662252492283,-0.016035593171110918,-0.01760179209894853,-0.005407077247676139,-0.016839321647966726,-0.013362344271348194,-0.04053437162240957,0.012698493633337506,-0.011235328554425786,1
0.3718762644776688,-0.16980706222787126,0.05078684809192707,-0.03934384794087922,-0.0420576423230513,-0.014549521279638447,0.019997550619042584,-0.030167168763430258,0.002565164500730563,0.005468168631976607,0.003789342927220681,2
-0.2582860227387728,0.049144962961936406,0.03301284036278426,-0.16244892411260226,-0.02995757435012901,-0.047550079656871934,-0.04639863211390214,-0.023954576030527832,-0.00678269414842045,0.012003252174721743,0.01583421684992599,0
-0.3366599810553851,-0.2301367321930096,0.07072743660887779,-0.16140045843709772,-0.028817729975520852,0.018177357662472183,-0.08371672888149763,0.0291215035242398,0.03115827680927461,-0.03670545714749881,-0.0071856232985435505,1
-0.5234709228172916,0.28851279430843824,-0.3831906129323591,-0.16611640666679373,-0.010666056623387956,0.006453480742012861,-0.05788563194080294,0.01169723338919629,-0.03479250220398796,0.05146654115252226,0.008858835550246925,2
0.3129350737856526,-0.039997854105787115,0.04339325029581881,-0.07664212132861138,-0.08397526791325362,0.04966832379572289,-0.04692474810013144,-0.015138197093666783,0.02234635575757238,-0.018204769905437335,0.009191649584694777,0
0.19494240118672101,-0.3660639403630096,-0.369158843670199,-0.13429106670360846,0.014933064847269757,0.011283365335808865,-0.09102689307113666,0.13543766971897633,-0.05288997751805647,-0.03693939251614713,-0.027766981967336114,1
0.3477312227623954,0.25627127596090027,-0.6081249957721716,-0.031115051901309997,0.014522241720810788,0.06509259056814636,-0.2891241043811966,0.08115027016788692,0.10118505936294243,0.04341377295272369,0.046896508427021845,2
-0.2580875602540684,0.07897811401881986,0.15856419713728503,-0.13212890306493805,0.009788923893291715,-0.10798871303354585,0.020110969327101907,0.062204069826648785,-0.04632747376162285,0.003423158751926733,0.06528344040212557,0
-0.3819699040225515,-0.2798756225632956,0.05287295375542448,-0.09781218350472135,-0.0022235010940153685,0.01569132290857294,-0.034958492811231964,0.030743094707004297,0.02907542220783408,-0.057644347589227596,-0.01603179220526538,1
-0.5558450668686675,0.253479972634431,-0.37930001492648646,-0.0760428554150049,0.009055821286549047,0.010209891303119834,0.011778610562491038,0.022485350824009247,-0.048557449761614704,0.04283346368350686,0.013086825763915715,2
0.30199664004415905,0.006347210257027398,0.11518397594411509,-0.10948462848395048,-0.053638750565722274,-0.018132526740843907,-0.007818956460461417,-0.0030536608660498028,0.03586374921956107,-0.018674019871363547,0.017108060804106397,0
0.3580940084861771,0.306386665768796,-0.5230133726814652,-0.1159359378630086,0.10531521057714452,-0.03365678655865094,-0.1826668427871488,0.030228166342617827,0.13544463924956118,-0.009652915239904103,0.04834690826512531,2
-0.291306504524567,-0.045867470650765144,-0.04604075585099101,0.013110456688178462,-0.02840511280894374,0.09439514515836747,-0.059545314859364,0.09059431130719771,-0.020957225369273982,-0.05126399584111553,-0.007721705950869039,0
0.2303564539980825,-0.19092433598893596,-0.11513544009472534,-0.3450925224882349,0.04142115418936244,0.034074237109893414,0.01776256251130705,-0.038564772579970145,-0.03570009893837482,0.018276885957172213,0.003332871274808786,1
-0.1053693966081349,0.10654220296417914,0.2664204279589635,-0.09621209117255668,0.03679890916227328,0.2113781312169657,-0.04631938824092528,-0.03890217137098995,-0.13368704249078328,-0.2007241653837377,0.26626935483647657,0
-0.4834872564020146,0.00937173267131774,-0.36552173808610705,-0.10253765718184372,-0.16602485780278192,0.09124384237304625,0.031550678712766546,0.008342332973083857,0.03080308647108524,-0.021322845053563,0.004078427226643951,1
-0.37766821835804104,-0.2398253605288496,0.018127248504996234,-0.15300238752695203,-0.05377619233819338,0.0629650894632391,-0.10906332519734646,0.0591031043272059,0.05577597088048897,-0.04283165618842241,0.017642561060139686,2
0.2842882243664257,0.05953953380454446,0.13096675289606244,-0.3031807992900986,-0.01779964754635033,-0.013289542461891063,0.048541128296137506,-0.09555874277985486,0.03456069746424954,-0.028417765404234525,0.005011950144572774,0
0.21355891510978814,-0.20161449872596143,-0.14988645901526598,-0.42800797456690504,0.10817146090986374,-0.06081152414188025,-0.001930751938242055,-0.06352598849181813,-0.060181422170747505,0.030035159624731876,-0.025858078364241394,1
0.30172392425914846,-0.180780843866133,-0.1234835722997948,-0.4242378342794674,0.003019224537139577,-0.004147163432819276,0.0866543973841799,-0.0950831245454625,-0.0765595228208584,0.008109196854725147,0.009298379683590393,2
-0.2625744490486424,0.07051047999824561,0.014476702174342193,-0.321194208182371,-0.00681095372603402,-0.027363171032004197,0.02402105466068492,0.03265289704057987,-0.008573777500295901,-0.024599183911803046,0.017017994209045005,0
-0.3021980975346166,-0.09595885594510459,0.008094442175869885,-0.19496482733590986,0.032876784798270726,-0.005163610649762316,0.003101369616999401,0.008440118318611921,0.01923511554439005,-0.03488296926150806,-0.011138670680646797,1
-0.5150823874234319,0.21867965833746444,-0.3762597463949207,-0.2374072850187356,0.08088310892443196,0.002107749406580493,0.07720151977471185,-0.02962551925103426,0.015877670166259218,0.006677384858137872,0.010998172043487586,2
0.22688239572490854,0.04010934234221446,0.06249592292211864,-0.13597146830331447,-0.0347120694470489,-0.040234982961291375,0.031396088459608555,-0.08246755122046946,0.04579126341733425,-0.026897159118289833,0.013497314444640938,0
0.22854819776036084,-0.2479227860206855,-0.12895128606623144,-0.270742421980618,0.0577211395681977,0.0021100648742156274,-0.005042913415345971,-0.04960257905975199,-0.011453402966643565,0.012229055211331845,-0.015771043538647545,1
0.3460636249824009,0.18019621596032795,-0.4645069289517545,-0.14966203943725592,0.04326074248424209,-0.042561312098011846,-0.047927417017681245,-0.02249305846662993,0.1446451352454487,-0.03236016793875183,0.03382966639958245,2
-0.134148095080486,0.2388167212353158,0.23505281232468692,0.05901673708098325,0.13344380929651498,0.0744133363514779,-0.06637718097346137,-0.010171328665320093,-0.04248660760057712,0.06375167811458808,-0.0618185776005881,0
-0.2285910515647913,-0.01452120188082397,-0.006475783362305347,0.024512461046084028,-0.012703532511847295,0.011226133880400264,-0.026457359327690208,0.03120488271040697,-0.0087685188226932,-0.009108631401021805,-0.009790813870298844,1
-0.3936790217740982,0.0007930336144460376,-0.26771845335799277,0.03565112840131476,-0.07127627486838069,-0.04612757279187051,-0.07568107399876761,0.007942847174945512,0.017413424225445645,0.022085109561549264,0.013997113004148168,2
0.22848526814299178,-0.0003859751079782586,0.1200828481366273,0.15658685787011778,0.03701268288938739,-0.04777934889605118,0.09660486884474298,-0.04903637053220277,0.03904267952885657,0.027152935843743373,0.01367179835514148,0
0.20607303532140006,-0.12676162972904126,-0.028558997642591216,0.20076043330718635,0.10720740729503977,-0.08844197283719517,0.10833878156607626,-0.07195813794938301,0.008114337906943036,0.00469915433465137,-0.009537274362992778,1
0.2218162301215926,-0.11409950905905226,-0.14205076934660224,0.05984527354466238,0.07623372968619482,-0.0797272226091698,0.08040447071380033,-0.06509928978728649,0.026574117273105304,0.002172120943547759,-0.01336050908725957,2
-0.215306877703756,-0.049119900579949895,0.2571437021483528,0.2164220855803278,-0.024023268585905436,-0.025950769318992272,0.12116339287611344,-0.039756563502823875,-0.0010872280104149065,0.03175543060932968,-0.03124820615607759,0
-0.2894849115973121,-0.16517752064960345,-0.0034041731052498535,0.25701807331207466,0.01968364602277294,-0.056527038579295016,0.02737786532723188,0.032415902395431295,0.007351581245487438,-0.038381923245651275,-0.013321260461104307,1
-0.4150400793371463,-0.11719873372174837,-0.2062196999478539,0.2201516452177003,-0.08089542398834641,0.006891328140473777,-0.00561037045584211,0.043263406375799805,0.016122594065035467,-0.018420476365235295,0.03699003011423248,2
0.2844402077122462,0.08854642914683603,0.31596084007627045,0.1245056642330363,0.06543251116502219,0.1505921328903327,0.021822522136077254,-0.14572900027588134,0.09372112168580983,0.07147040846342122,-0.07967396816924227,0
0.319247221422897,-0.15397196588499176,0.0025511444333028944,0.07935936767839682,0.07239751450375723,0.00935077930022334,0.050781027551606656,-0.015743850957838833,-0.00781333287966009,0.020545276152023943,0.01560325035512609,1
0.37049787318461025,-0.09841296652010104,-0.02375583828408923,0.04263996881766054,0.05591202629867037,-0.07004218490276827,0.053515378575958644,-0.04430353816564103,0.010132017867217454,0.016537493291676288,0.010033852979860773,2
-0.23036342222635936,-0.07084965050326153,0.02013322215207409,0.1908567925268728,0.06333890868248405,-0.05978798406368154,0.07150561881660608,-0.017071787065782634,-0.0026088684952745105,-0.01721270041793986,-0.011671658998727429,0
-0.3100237208798848,-0.11322363798650031,-0.14232144028933014,0.18711336453260446,0.026513630638868517,-0.07180364212345326,0.018990484138951342,0.017561839943846497,0.008688398963981124,-0.03533860372304496,0.01307033659830493,1
-0.5011277180460061,-0.212770433263928,-0.5104957602413362,0.22491082610933968,-0.042918706214371924,-0.12423460074900126,-0.016185482858671708,-0.013808456815904691,0.07263728882400332,-0.039703021559384696,0.045932601863641453,2
0.26994812191149964,0.03161569141306586,0.10261801372071667,0.1342434245241835,0.07256399284896639,0.023426085772059506,0.020997903865257277,-1.1809058047178367e-05,0.01666182699936997,0.004105407132867651,0.02160601420131242,0
0.2777081670282317,-0.15916053022512333,-0.11287457708499644,0.018820401737584605,0.11946514193627313,-0.02703887084628986,0.040761771765702226,-0.025501498073361013,-0.011022249191252515,0.004303304514797765,-0.003901471203347253,1
0.3168876452383143,-0.16643674283588591,-0.24427626304627215,-0.017160933543009595,0.0995882391098571,-0.08580500279152845,0.04565215420219122,-0.05341755884541055,-0.01640568924867278,0.004921080417915211,-0.029914228493547336,2
-0.21059798159605725,0.05292162373060843,0.07397034649733869,0.07236015063571774,-0.0184640344850923,-0.014284274695208961,-0.01154270379165735,0.0428281205588845,-0.03643421570775942,0.014648357334175988,-0.01989238142013432,0
-0.2696663703165478,-0.08910286206867557,-0.10182088013480871,-0.0019512504504390525,-0.008560253024029085,0.006452826082143066,-0.04487636589481962,0.04562851265073441,-0.006742987375809786,-0.0247786140189003,0.0006713506213835037,1
-0.42781059494905227,-0.19374933912372194,-0.328771164925999,0.07314759875277065,-0.07939326250721421,-0.009585390144264324,-0.045490302807819114,0.03433930542189629,0.05846025224985756,-0.05054424446388363,0.06464337408914818,2
0.06110418239928906,0.2696145069930924,-0.1361463205095605,0.14592426661407132,0.17654562448415176,-0.07423914912593446,-0.11809238275502393,0.10715013447204447,-0.19887829740916416,-0.017091551004087067,0.1629740454966757,0
0.16497466127267457,-0.2162251048417698,-0.30569135393972197,-0.018964000251567963,0.04111023003010672,0.04496070524334378,0.12230084070574429,-0.005110730459912924,-0.01928215746672515,0.02695702622615418,0.01887940274915728,1
0.15159920994378093,-0.053882617916721845,-0.3954726618738815,0.001492838116826145,0.17402230505724542,-0.16343638975246327,-0.1394115624505944,0.04523732513039483,-0.014308262416897876,0.12159113838271024,-0.07941018114312307,2
-0.08152527867828384,0.21321567011902048,0.3372232494595689,0.05490371202773649,0.1694055271297255,0.23683400750562847,-0.00730387338457268,-0.020350477926003793,-0.06103891956251151,-0.06354521855844876,0.09481320242453029,0
-0.2786307334876945,-0.12749036585462933,-0.11010090329601867,0.08536902361327434,-0.007178812005209299,-0.006277784803478557,-0.05149195617884566,0.03856901044951287,0.016955006102737324,-0.0327274446606952,0.012764765131385582,1
-0.42983683755167307,-0.24551314104007083,-0.3722777726669411,0.15569038376250408,-0.036861609302783066,0.0037129255288771376,-0.0308967103852601,0.017220952194836863,0.1100803574860243,-0.048451785697934145,0.06794452382759392,2
0.5088016522663059,0.2579688542342999,0.22145430276979813,0.15059425255157863,0.28058849071484754,0.04865044598047132,0.07923876009803175,-0.04955731629569041,-0.014082590304617235,-0.003853043014490256,0.12561049240020655,0
0.23615411597216623,-0.22440737653578713,-0.1527015810555768,-0.0378776495882985,0.09422898073708472,-0.04432059946506776,0.005147853164705896,-0.0035162810247887704,-0.044515356567367374,0.012567967052288543,-0.017950793474673536,1
0.23827727818706285,-0.2613366912465826,-0.45644504188449303,0.022616562431068205,0.07125831406311295,-0.11594559187814045,0.004705840499781273,-0.04382129547172454,-0.02646934361337277,0.016178841903320435,-0.04041442333778589,2
-0.15500289850851504,0.05375280470519531,0.0980222035600829,-0.14386585687380984,-0.16296641209421794,0.0004441208748703839,-0.06883203809703714,0.032183399003583905,-0.012448603175184326,0.02449056066489546,-0.01911992433655909,0
-0.2111896560699466,-0.15026266465637825,0.132364450639581,-0.18649326682249578,-0.08896467898666942,0.0014812325860309782,-0.11221226249542016,0.019222469707172746,0.014304310194254276,0.01151038079634004,0.0015350528964250525,1
-0.4338046341553668,-0.08868308082484201,-0.09114945669174214,-0.13134773305533212,-0.15913492285777983,0.03835392683148778,-0.12865539220750966,0.043039987088365664,0.0431330334105498,-0.0038255122894602423,0.021498256440931007,2
0.2647399137094024,-0.11649450389471651,0.0034072978058032367,0.055281245683203396,-0.047441110769371596,-0.0534189293725093,-0.0007589636036878323,-0.032536463203608375,-0.00741379894880193,0.00920149878576296,0.013967831138779356,0
0.3032448143631285,-0.3050446453141487,0.07962384956996096,-0.04312363080081818,-0.03254261872273644,0.0037155940813115634,-0.03398384586628197,-0.02787907657700373,-0.02680949433887914,0.040504003995535186,0.012072404437466159,1
0.3019411361229847,-0.392854809695026,-0.44914640848237747,-0.061506633167373904,-0.024237911713325764,-0.028228114130326425,-0.04554169270936474,-0.011745744744188817,-0.01776147779894273,-0.0015996827660109075,-0.04244688173573559,2
-0.15623998355494328,-0.08644331870617616,0.15942039608905723,-0.14570413629639759,-0.08780857095461672,0.0001855485293554871,-0.0657787595461174,-0.003562378911919808,-0.008915615034114817,0.003627628763678762,-0.013123376850150798,0
-0.30157576983910106,-0.25375967737655375,0.12178190582259901,-0.1732718086214871,-0.06388185356392453,0.05770407031145977,-0.11680261626956825,0.007518966425848975,0.034709649170140265,-0.014436410640621997,-0.009692920523974437,1
-0.4524363658935779,-0.15986201360750663,0.014459336707653493,-0.1396665808248948,-0.16932854643490472,0.05064220073538005,-0.08620881345751163,0.03701220504349534,0.04792743671038221,-0.010187309503431803,0.0009707051979881826,2
0.252620943863282,-0.03544590215105897,0.06333418145517361,-3.562245053774663e-05,-0.08070787172996745,-0.002684838160077054,-0.06333864104131542,0.016033470872408848,-0.003899201039211707,0.011639593359034434,0.015681395205705308,0
0.2910046628219862,-0.24173348352381424,0.1537251561243194,-0.11247610513894798,-0.06405393760921808,0.006941130757933476,-0.02939770894253329,-0.007034576341367797,-0.017370205418360502,0.051181034872997425,0.02899884996895649,1
0.3578533633374491,-0.23587706903513722,-0.27811311493721835,-0.08056887540094655,-0.04060358126547711,0.0040726324157171045,-0.04670733372100878,0.001217296245312348,-0.04533193590392394,-0.00510758708756022,-0.019254666186252888,2
-0.17881857271517046,0.037802798137669326,0.12197281941947088,-0.07575463190313408,-0.10473722404080064,-0.009731831679209194,-0.02426484205919434,0.032560505913201324,-0.007538679721600459,0.018625985233930005,-0.014052808530043849,0
-0.2930916520504312,-0.11972469539405631,-0.010459049305269662,-0.17746891852447413,-0.10163955359954402,-0.024073013802757802,-0.17700081923495184,0.06102867753541605,0.021820346613626845,0.01225669922264508,0.023143862928472727,1
-0.463338709735445,-0.06349889268868442,-0.389666668911221,-0.1342543767829829,-0.1435920368562272,0.027425123062878358,-0.11634574952422362,0.03806343998162005,0.07227307743261889,-0.0007654552603693901,0.0697865279660467,2
0.38270362113054707,0.2228498884817468,0.23367327312985442,-0.043913107392278376,0.1547640186490905,0.08507722343983903,-0.10222113261529427,0.09648118146492143,0.04720367694631139,-0.006314465376565765,0.05810922683604538,0
0.24312774924849603,0.024450169868531334,0.09848421386931258,-0.12257100022146716,-0.14381737489306295,0.024608749425089112,-0.0851840253521913,0.02498918640033486,0.01658191447586664,-0.001009197205419863,0.0024502120980497834,1
0.36093114713981345,-0.14154926719423255,-0.14644694753073761,-0.10108398945765029,-0.06207159182487155,-0.007269783210747959,-0.03445570104854523,0.02571238026762171,0.0036100344045740585,0.0011036133805564319,-0.019271268337002153,2
-0.2376950661604955,-0.02466898564307663,0.026644828494205255,-0.1434622787347652,-0.10004798623509818,0.009571922546453969,-0.03827539816929603,0.021503814441732487,0.007177979654881152,-0.004287688920870305,-0.002648722929424823,0
-0.2975512891205592,-0.25408643308705114,0.0019374253782543315,-0.20179722338422149,-0.057977743294759305,0.028246132891498396,-0.11454778019001571,0.027267655483825818,0.05799551120052375,-0.014490519787154769,0.018347706587660106,1
-0.4288264956116601,-0.21065610461869305,-0.21557988670110761,-0.16855967515683792,-0.09432637776199841,-0.011957806145000544,-0.1223724323495472,0.027855251115778953,0.08999167743330848,-0.024936155474456934,0.06539033737749372,2
0.35642807318979725,0.19198196770625858,0.2666967929092186,-0.07306794673634742,0.1270949261278447,0.13281470054552041,-0.0911921477157273,0.02129997162070902,0.04680855240787023,-0.030279641151338285,0.06304460616421093,0
0.22632271959637626,0.06473467072961404,0.11223920800953716,-0.13061350065396626,-0.12955271020327505,-0.0014371312232802022,-0.04499887166108851,-0.004939622904538651,0.031921147457918284,-0.009291220345538906,0.006972711465182014,1
0.2785433284126581,-0.17382355727286197,0.11073203652213534,-0.10913768530044497,-0.08988540934771234,0.04147588755151047,-0.0029309238972728066,-0.007025509760893197,-0.009281423924337524,0.010849011789273543,0.0007926998745452026,2
-0.213151478344621,0.014664101213012686,0.14281440776504634,-0.11086532204132155,-0.08789133027883535,0.004926591127906139,-0.08715959471329462,0.05353896627629498,-0.03228898750343831,0.02815427174251045,-0.021502752672554668,0
-0.21905055105312876,-0.12104963912700503,0.11584768848428031,-0.2413157252758521,-0.11406895126239947,0.05481889153481241,-0.11198290135361294,0.0666436537286678,0.016662385470993607,0.012750999705082412,-0.017283487546706937,1
-0.40572559456202995,-0.10995773204833452,-0.12629333679106428,-0.11097451718903109,-0.13548619646821172,0.026680849485256133,-0.16762377608797704,0.07729409841147125,0.04134499572822145,-0.0015112333568754978,0.028301047809299765,2
0.2161680360569145,-0.020743244793590566,0.05405780392750706,-0.06551854488515452,-0.08196695107569134,0.015226208577740374,-0.04412473299852336,0.02259453367323884,-0.0016014429097786812,0.005476111892644902,-6.681860584007602e-05,0
0.29190756441580373,-0.1693838911439462,0.16103750855536372,-0.10823451512734741,-0.041157086237360876,-0.0754425213844531,0.004335329380652991,-0.07105148051114994,-0.0015291173759792095,0.03146384520916973,0.05193436985562534,1
0.340039468872132,-0.12110315551311822,0.09909732518857732,-0.08469631151060875,-0.08055587970634584,0.0592190692004904,-0.0020565045414075627,0.011050631897094154,0.0036341190013849515,-0.017121658429851354,-0.015247368865015758,2
