0,active_hand
20.868032,1
-15.041369,0
20.88924,1
-15.075937,0
20.896229,1
-15.058689,0
20.86548,1
-15.032817,0
20.908304,1
-15.03893,0
20.897707,1
-15.025002,0
20.90879,1
-15.085501,0
20.927153,1
-15.059645,0
20.94147,1
-15.05022,0
20.933886,1
-15.073142,0
20.925411,1
-15.077363,0
-15.032703,0
20.949936,1
-15.079154,0
31.29681,1
-15.092058,0
31.26458,1
-15.092849,0
31.24808,1
-15.0813675,0
31.159065,1
-15.040626,0
31.162159,1
-15.095976,0
31.147003,1
-15.088855,0
31.145891,1
-15.081778,0
31.14701,1
-15.101776,0
31.157381,1
-15.124926,0
31.114029,1
-15.043488,0
31.112663,1
-15.064805,0
31.107622,1
-27.769617,0
-19.435787,1
-27.59113,1
-19.198412,0
-27.594933,1
-19.201506,0
-27.58604,1
-19.210218,0
-27.573141,1
-19.132341,0
-27.55821,1
-19.164003,0
-27.447315,1
-19.129734,0
-27.48881,1
-19.148384,0
-27.481443,1
-19.144804,0
-27.38737,1
-19.160679,0
-27.435356,1
-19.156242,0
-27.492268,1
-19.179506,0
-28.155693,1
-19.181322,0
-28.16715,1
-19.15002,0
-28.167385,1
-19.176275,0
6.918099,1
-19.214998,0
6.867498,1
-19.218143,0
6.936807,1
-19.190931,0
6.9444327,1
-19.215664,0
6.940056,1
-19.188778,0
6.9610853,1
-19.201517,0
6.9164505,1
-19.189045,0
6.9835954,1
-19.196142,0
6.908555,1
-19.193058,0
-15.71661,0
20.874481,1
20.881044,1
-15.764139,0
20.835024,1
-15.739583,0
20.893156,1
-15.752202,0
20.950356,1
-15.713259,0
21.013988,1
-15.679466,0
21.048544,1
-15.654977,0
21.03858,1
-15.733625,0
21.07254,1
-15.742114,0
21.036005,1
-15.723121,0
21.033096,1
-15.696714,0
21.081003,1
-15.676659,0
31.495083,1
-15.293502,0
31.489538,1
-15.26695,0
31.400877,1
-15.217223,0
31.298016,1
-15.256557,0
31.224976,1
-15.275923,0
31.083225,1
-15.297093,0
-15.318432,0
31.113693,1
-15.305542,0
31.082079,1
-15.175607,0
31.093758,1
-15.291429,0
31.078312,1
31.090475,1
-15.319803,0
31.100561,1
-15.429547,0
-27.58379,1
-19.448423,0
-27.60151,1
-19.386467,0
-27.622213,1
-19.41663,0
-27.659515,1
-19.390247,0
-27.650503,1
-19.430182,0
-28.004538,1
-19.413631,0
-27.98697,1
-19.409616,0
-27.999166,1
-19.429375,0
-28.021116,1
-19.426407,0
-28.024164,1
-19.400288,0
-27.988884,1
-19.387627,0
-27.992466,1
-19.380672,0
6.87008,1
-19.443388,0
6.7854195,1
-19.482246,0
6.8277626,1
-19.410772,0
6.848387,1
-19.443027,0
6.8628383,1
-19.464725,0
6.8333073,1
-19.426355,0
6.8235793,1
-19.424774,0
6.822647,1
-19.465742,0
6.7994866,1
-19.410475,0
6.8194737,1
-19.492777,0
6.8400397,1
-19.454178,0
6.828885,1
-19.427685,0
20.714455,1
-15.582632,0
-15.578977,0
20.676819,1
-15.600407,0
20.688393,1
-15.573419,0
20.732914,1
-15.5964575,0
20.829859,1
-15.60119,0
20.907234,1
-15.575891,0
20.987104,1
-15.590053,0
20.92873,1
-15.589665,0
20.901752,1
-15.530317,0
20.871498,1
-15.576482,0
20.803123,1
-15.580281,0
20.835201,1
31.438702,1
-15.520794,0
31.44746,1
-15.579492,0
31.527151,1
-15.559704,0
31.568806,1
-15.535123,0
31.576153,1
-15.551175,0
31.560564,1
-15.599327,0
31.550552,1
-15.585231,0
31.469774,1
-15.608355,0
31.45618,1
-15.556906,0
31.430079,1
-15.561257,0
31.427336,1
-15.581742,0
31.390594,1
-15.608351,0
-27.407276,1
-27.432709,1
-27.425909,1
-27.414581,1
-27.379765,1
-27.511547,1
-27.420902,1
-27.474438,1
-27.514194,1
-27.571636,1
-27.652927,1
-27.649616,1
-28.188147,1
-28.19157,1
-28.184896,1
-28.190956,1
6.8970532,1
6.8880906,1
6.980373,1
6.949573,1
6.97008,1
6.9501405,1
6.9399962,1
6.9559226,1
-22.734941,0
20.847607,1
-22.71448,0
20.736954,1
-22.74284,0
20.68687,1
-22.725397,0
20.677315,1
-22.750074,0
20.626871,1
-22.738846,0
20.67645,1
-22.744822,0
20.672466,1
-22.729904,0
20.673496,1
20.755257,1
-22.742401,0
20.916746,1
-22.735909,0
20.978365,1
-22.726866,0
20.969374,1
-22.732904,0
31.491833,1
-0.20003979,0
31.5385,1
-0.20021659,0
31.596834,1
-0.15027551,0
31.618568,1
-0.19346787,0
-0.21120463,0
31.615667,1
-0.23211356,0
31.625427,1
31.588358,1
-0.1767552,0
31.623985,1
-0.19627243,0
31.535587,1
-0.1958394,0
31.41809,1
-0.18599688,0
31.429867,1
-0.19193432,0
31.460178,1
-0.19590822,0
-27.538336,1
13.997144,0
-27.510187,1
13.952707,0
-27.524284,1
13.932223,0
-27.54961,1
13.926309,0
-27.560555,1
13.974143,0
-27.554781,1
13.957377,0
-27.559856,1
13.93783,0
-27.619743,1
13.934823,0
-27.647594,1
13.9618435,0
-27.667645,1
13.965139,0
-27.638393,1
13.986186,0
-27.637636,1
13.977412,0
-27.98083,1
13.954766,0
-28.22419,1
13.95188,0
6.8436027,1
13.97064,0
6.8078547,1
13.971759,0
6.833361,1
13.957012,0
6.8675094,1
13.956124,0
6.862736,1
13.967802,0
6.8386035,1
13.939237,0
6.863414,1
13.964558,0
6.8539176,1
13.954782,0
6.8036146,1
13.960826,0
6.8630447,1
13.952874,0
20.967648,1
21.514944,0
20.950796,1
21.511219,0
20.75538,1
21.514462,0
20.726297,1
21.511635,0
20.57986,1
21.53164,0
20.57399,1
21.54505,0
20.569147,1
21.577326,0
20.583466,1
21.531551,0
20.571707,1
21.53587,0
20.5835,1
21.519876,0
20.574194,1
21.506115,0
20.612547,1
21.518118,0
31.592375,1
21.507677,0
31.566214,1
21.506111,0
31.555227,1
21.519024,0
31.561714,1
21.52379,0
31.560326,1
21.52462,0
31.612345,1
21.533772,0
31.541422,1
21.532637,0
31.453642,1
21.527029,0
31.488337,1
21.519075,0
31.421238,1
21.52256,0
31.41017,1
21.512314,0
31.34992,1
21.530556,0
12.798178,0
5.475135,1
12.787877,0
-27.613186,1
12.800604,0
-27.653719,1
-27.683475,1
12.797795,0
12.778782,0
-27.609673,1
12.752325,0
-27.659317,1
-27.64595,1
12.7655,0
-27.639215,1
12.782881,0
-27.653563,1
12.783626,0
-27.65772,1
12.750791,0
-27.681925,1
12.778318,0
-27.664417,1
12.799046,0
-28.187122,1
12.7838745,0
-28.148008,1
12.794125,0
-28.165781,1
12.782139,0
-28.140753,1
12.824938,0
12.811651,0
-28.149317,1
12.809196,0
-28.164864,1
12.783752,0
6.8261433,1
12.780624,0
6.7903867,1
12.789418,0
6.819649,1
12.789363,0
6.79786,1
6.789758,1
12.788714,0
12.774371,0
6.80174,1
-2.892687,0
-0.7537154,1
-2.8763304,0
-0.70144963,1
-2.9057078,0
-0.7060792,1
-2.8992329,0
-0.69616187,1
-2.9228153,0
-0.6997469,1
-2.9083254,0
-0.7388728,1
-2.9500003,0
-0.65664953,1
-2.8597715,0
-0.73577976,1
-2.8832252,0
-0.6878761,1
-2.9021854,0
-0.7359713,1
-2.9664195,0
-0.72686636,1
-2.8499386,0
-0.7576153,1
-2.8815506,0
-11.617875,1
-2.8493388,0
-11.490264,1
-2.8708947,0
-11.57681,1
-2.8960629,0
-11.709879,1
-2.9094105,0
-11.7486315,1
-2.8698628,0
-11.849763,1
-2.8671172,0
-11.894496,1
-2.87726,0
-11.899028,1
-2.8735037,0
-11.799224,1
-2.884468,0
-11.800123,1
-2.8367178,0
-11.870211,1
-2.8633702,0
-11.8578,1
40.33132,0
7.0622663,1
40.284058,0
7.001118,1
40.343956,0
7.030135,1
40.31286,0
7.031282,1
40.33775,0
6.910307,1
40.315174,0
6.3374615,1
40.32836,0
6.054454,1
40.29142,0
5.9445233,1
40.30823,0
5.886682,1
40.267788,0
5.7714314,1
40.268864,0
5.7467594,1
40.298923,0
5.810796,1
40.23492,0
4.8849845,1
40.29675,0
4.8849916,1
40.32118,0
4.8982286,1
40.31668,0
4.908464,1
40.314793,0
4.906598,1
40.31999,0
4.9153194,1
40.31621,0
4.933785,1
40.306667,0
4.872493,1
40.312622,0
4.918454,1
40.313602,0
4.8934617,1
40.324593,0
4.887953,1
40.31588,0
4.855186,1
-21.517328,1
-7.156669,0
-21.552382,1
-7.1496353,0
-21.358873,0
-0.8088117,1
-21.348007,0
-0.7014432,1
-21.351404,0
-0.7610505,1
-21.347946,0
-0.7083254,1
-21.376204,0
-0.76495916,1
-21.40476,0
-0.7582772,1
-21.36545,0
-0.7369312,1
-21.486357,0
-0.7526516,1
-21.361038,0
-0.76092553,1
-21.46545,0
-0.78790885,1
-21.348528,0
-11.516908,1
-21.354027,0
-11.95908,1
-21.327995,0
-11.767217,1
-21.333914,0
-11.490959,1
-21.372702,0
-11.48299,1
-21.3653,0
-11.475234,1
-21.365852,0
-11.463554,1
-21.36026,0
-11.50767,1
-21.363678,0
-11.76431,1
-21.347548,0
-11.721334,1
-11.770089,1
-21.347439,0
-11.801702,1
-21.362673,0
-14.826425,0
-22.369122,1
-14.836952,0
-22.367643,1
-14.8298025,0
-22.34193,1
-14.815445,0
6.2008677,1
-14.815453,0
6.2322617,1
-14.824673,0
6.192282,1
-14.837398,0
6.232728,1
-14.815186,0
6.2851667,1
-14.82824,0
6.2701454,1
-14.81615,0
6.6617026,1
-14.829626,0
6.831891,1
-14.789953,0
6.767288,1
40.14266,0
5.100994,1
40.138283,0
5.2193384,1
40.14256,0
5.567678,1
40.128143,0
5.4518514,1
40.148468,0
4.8817363,1
40.260857,0
4.946329,1
40.159946,0
4.8988914,1
40.148514,0
4.868519,1
40.138958,0
4.8831844,1
40.15085,0
4.938757,1
40.16032,0
4.8800464,1
40.149624,0
4.9468513,1
-22.338934,0
-7.4853144,1
-22.321774,0
-7.386108,1
-22.347956,0
-7.3967395,1
-22.324884,1
-7.3477044,0
-21.933084,1
-7.180861,0
-21.957132,0
-7.209402,1
-21.858418,0
-0.81020796,1
-21.888653,0
-0.69778436,1
-22.026834,0
-0.6953102,1
-22.014725,0
-0.66454667,1
-21.97902,0
-0.6872688,1
-22.07859,0
-0.7290579,1
-22.04822,0
-11.527594,1
-22.03784,0
-11.676124,1
-21.877676,0
-11.761964,1
-21.912558,0
-11.499794,1
-21.90273,0
-11.4769335,1
-21.874983,0
-11.464522,1
-21.987171,0
-11.55156,1
-22.06046,0
-11.6713295,1
-21.99308,0
-11.708161,1
-22.063004,0
-11.663093,1
-21.99693,0
-11.749569,1
-22.060345,0
-11.752607,1
8.298899,0
-26.308348,1
8.2969475,0
-26.313257,1
8.286962,0
-25.902279,1
8.322056,0
-25.798965,1
8.305822,0
-25.743507,1
8.328888,0
-25.693043,1
8.295079,0
-25.703228,1
-3.0777938,1
8.360468,0
-3.0675232,1
8.351603,0
-3.0657303,1
8.372129,0
-3.0220997,1
8.370342,0
-3.040383,1
8.340112,0
8.353544,0
-25.439232,1
-25.35653,1
8.358779,0
-25.396734,1
8.359828,0
-25.361036,1
8.357929,0
-25.338444,1
8.320787,0
8.333957,0
-25.374537,1
8.315513,0
-25.356369,1
8.364714,0
-25.3651,1
8.347511,0
-25.39594,1
8.324115,0
-25.441387,1
8.396681,0
-25.458475,1
8.374083,0
-25.457886,1
-22.29659,0
-7.455048,1
-22.002113,0
-7.2811494,1
-21.656858,1
-7.1663213,0
-21.55894,1
-7.1748366,0
-21.632065,1
-7.130824,0
-21.570618,1
-7.175972,0
-21.615765,1
-7.128872,0
-21.6428,1
-0.79650164,0
-21.846863,0
-0.74269617,1
-21.86033,0
-0.7285668,1
-21.923925,0
-0.6562472,1
-21.95491,0
-0.7148743,1
-21.99567,0
-11.487624,1
-21.859615,0
-11.850056,1
-21.856739,0
-11.454812,1
-21.852058,0
-11.479844,1
-21.852638,0
-11.464686,1
-21.86492,0
-11.528393,1
-21.858967,0
-11.605909,1
-21.907032,0
-11.754945,1
-21.83013,0
-11.629125,1
-21.858686,0
-11.603832,1
-21.833284,0
-11.780563,1
-21.876146,0
-11.784228,1
8.281005,0
-26.291082,1
8.259257,0
-25.890095,1
8.252119,0
-25.735275,1
8.228871,0
-25.696468,1
8.223308,0
-25.64987,1
8.212174,0
-25.65979,1
-25.661556,1
8.276334,0
8.207068,0
-25.635693,1
8.237444,0
-25.64385,1
8.202418,0
-25.64208,1
8.224364,0
-3.0897934,1
8.212011,0
-25.68256,1
8.250521,0
-25.436443,1
-25.358278,1
8.232893,0
8.365613,0
-25.369633,1
8.254391,0
-25.317844,1
8.221033,0
-25.350374,1
8.240809,0
-25.305893,1
8.219229,0
-25.347052,1
8.279526,0
-25.34977,1
8.277156,0
-25.340252,1
8.253482,0
-25.359661,1
8.245789,0
-25.343037,1
8.22228,0
-25.328947,1
-22.359148,0
-10.105887,1
-22.340275,0
-7.4258385,1
-22.348492,0
-7.4038506,1
-22.301712,1
-9.801088,0
-21.7472,1
-7.201299,0
-22.048407,0
-0.90220445,1
-21.950884,0
-0.9321012,1
-22.150837,0
-0.6828284,1
-21.968325,0
-0.74431497,1
-22.15371,0
-0.6408512,1
-22.022648,0
-0.64855355,1
-21.99438,0
-0.7080006,1
-22.171444,0
-11.548614,1
-22.085375,0
-11.557953,1
-22.149992,0
-11.615078,1
-22.006903,0
-11.614754,1
-22.143356,0
-11.705347,1
-22.086515,0
-11.760138,1
-22.089895,0
-11.766974,1
-22.15317,0
-11.658143,1
-22.160265,0
-11.659837,1
-22.134476,0
-11.62667,1
-22.139555,0
-11.6676035,1
-22.126732,0
-11.66328,1
-7.8074765,1
25.688948,0
-7.7780323,1
25.69397,0
25.697952,0
-7.7586145,1
25.702387,0
-7.8328643,1
8.234248,1
25.710438,0
-6.804827,0
25.71063,1
25.70916,1
-6.8951716,0
25.69295,1
-6.773457,0
25.686728,0
-6.817954,1
25.69064,0
-6.844748,1
-6.8274217,1
25.687954,0
-6.861771,1
25.711163,0
-6.893436,1
25.756474,0
-6.901448,1
25.73871,0
-6.8845816,1
25.743513,0
-6.8718367,1
25.754221,0
-6.850668,1
25.765902,0
-6.872934,1
25.746786,0
-6.8982215,1
25.720167,0
-6.858982,1
25.724833,0
-6.8964334,1
25.718039,0
-6.9007077,1
25.705696,0
-6.8657846,1
25.71686,0
-6.8607526,1
25.72628,0
-0.03833852,1
-33.374447,0
-0.11464713,1
-33.361893,0
-10.236787,1
-33.462822,0
-9.583017,1
-33.372646,0
2.4085073,1
-33.3288,0
2.4385362,1
-33.467934,0
2.517813,1
-33.51047,0
2.5836794,1
-33.49019,0
2.5505033,1
-33.51622,0
2.6143143,1
-33.471012,0
2.5490196,1
-33.508095,0
2.577852,1
-33.51765,0
-33.392048,0
2.9171863,1
-33.398743,0
2.9383283,1
-33.508183,0
2.6948605,1
2.6215749,1
-33.51149,0
2.60565,1
-33.516476,0
2.61857,1
-33.517426,0
2.6012845,1
-33.509327,0
2.6051877,1
-33.52816,0
2.5858305,1
-33.52208,0
2.5841997,1
-33.535843,0
2.5947356,1
-33.44919,0
2.5758524,1
-33.4832,0
15.223233,0
-33.037853,1
15.2432785,0
12.254702,1
12.261957,1
15.197054,0
15.242735,0
12.261873,1
15.229277,0
12.247045,1
15.185582,0
12.222349,1
15.038564,0
-24.965778,1
15.007473,0
-26.341394,1
15.0155325,0
-26.381329,1
15.043132,0
-26.432981,1
15.046712,0
-26.497791,1
15.043966,0
-26.617157,1
15.044495,0
17.5081,1
15.028616,0
17.46798,1
15.026751,0
17.450829,1
15.048702,0
17.58207,1
15.034754,0
17.57764,1
15.00341,0
17.600489,1
15.013021,0
17.548277,1
15.004675,0
17.57127,1
15.028501,0
17.579931,1
15.067811,0
17.576845,1
15.0227585,0
17.58669,1
15.02785,0
17.600174,1
-7.4650927,1
-32.922153,0
2.3869267,1
-32.89083,0
2.4552655,1
-33.293243,0
-33.309483,0
2.448945,1
2.5240817,1
-33.19207,0
2.5744236,1
-33.233536,0
2.822557,1
-32.869217,0
2.7817826,1
-32.901966,0
2.811708,1
-32.935356,0
2.8208122,1
-32.87261,0
2.8434587,1
-32.881454,0
-0.5909233,1
-32.87738,0
2.9820662,1
-32.930065,0
3.03384,1
-32.888187,0
-32.9153,0
3.0148058,1
-32.878105,0
2.9601345,1
-32.884087,0
2.9673731,1
-32.886364,0
2.9634576,1
-32.872017,0
2.9439433,1
2.9946265,1
-32.90263,0
3.0101209,1
-32.89026,0
3.0207164,1
-32.914604,0
2.985824,1
-32.933357,0
3.001732,1
-32.90323,0
-2.3506393,0
12.21488,1
-2.295711,0
12.2620535,1
-2.3175762,0
-24.787296,1
-2.3511522,0
-26.343246,1
-2.406995,0
-26.382872,1
-2.3175855,0
-26.482092,1
-2.3595514,0
-26.469566,1
-26.67796,1
-2.4102151,0
-26.742722,1
-2.3290215,0
-26.76927,1
-2.3555396,0
-26.787182,1
-2.343932,0
-26.73111,1
-2.2793114,0
-2.377273,0
17.37104,1
-2.3438182,0
17.38598,1
-2.3835044,0
17.402819,1
-2.3605003,0
17.396278,1
-2.3300762,0
17.448019,1
-2.3978724,0
17.423124,1
-2.3320973,0
17.436737,1
-2.3815806,0
17.429266,1
-2.4063551,0
17.413336,1
-2.3744185,0
17.447546,1
-2.384753,0
17.449783,1
-2.3529117,0
17.49136,1
15.489998,0
-31.202116,1
15.464551,0
16.6043,1
16.648949,1
15.491666,0
15.491994,0
16.690266,1
15.506616,0
-13.348499,1
15.507063,0
-9.795962,1
15.506273,0
-7.455325,1
15.502372,0
2.5803497,1
15.448765,0
2.3710306,1
2.6655946,1
15.430449,0
2.7996767,1
15.452964,0
2.756712,1
15.4586735,0
3.0269606,1
15.453708,0
3.031646,1
15.451057,0
3.0209448,1
15.480182,0
3.0716994,1
15.440196,0
15.44196,0
3.039636,1
15.441301,0
3.0198543,1
2.9959605,1
15.4515295,0
3.0545387,1
15.450176,0
3.0797105,1
15.447895,0
3.0511265,1
15.445311,0
3.0750012,1
15.441929,0
15.474525,0
3.0768232,1
-31.237041,0
-26.454382,1
-31.244732,0
-26.476799,1
-31.247072,0
-26.682499,1
-26.69983,1
-31.239931,0
-26.776846,1
-31.23682,0
-26.76319,1
-31.250599,0
-26.785507,1
-31.23361,0
-31.231333,0
-26.795254,1
-31.22456,0
-26.750624,1
-31.227934,0
-26.695213,1
-26.698082,1
-31.233694,0
-31.24623,0
-26.677748,1
17.047274,1
-31.5301,0
-31.543625,0
17.055122,1
-31.54705,0
17.017351,1
-31.479858,0
17.087955,1
17.037441,1
-31.535713,0
17.071741,1
-31.532927,0
-31.531464,0
17.049345,1
17.05973,1
-31.525667,0
17.063757,1
-31.528883,0
17.045956,1
-31.553667,0
17.04977,1
-31.529016,0
17.039808,1
-31.540045,0
44.66974,0
2.3917747,1
44.674564,0
2.4295413,1
2.437794,1
44.70136,0
44.68618,0
2.4410021,1
2.5365314,1
44.665554,0
2.7063065,1
44.591507,0
44.58822,0
2.6720266,1
44.639793,0
2.7789152,1
44.672737,0
2.8129292,1
2.845379,1
44.66572,0
2.822459,1
44.64774,0
2.845198,1
44.664906,0
3.0285332,1
44.649105,0
3.0082893,1
44.62638,0
3.045809,1
44.637775,0
3.026454,1
44.652645,0
3.0525587,1
44.659412,0
3.0597756,1
44.650124,0
3.0785465,1
44.629444,0
3.0641785,1
44.619442,0
3.1663368,1
44.60027,0
3.1037786,1
44.577316,0
3.046951,1
44.61413,0
3.0398889,1
44.614574,0
-26.462103,1
16.752415,0
16.728378,0
-26.610125,1
16.748785,0
-26.654665,1
-26.707115,1
16.752192,0
-26.666147,1
16.736927,0
-26.644356,1
16.740805,0
-26.657024,1
16.738146,0
-26.649582,1
16.745054,0
-26.621965,1
16.760218,0
-26.640898,1
16.744045,0
-26.650751,1
16.73249,0
-26.639435,1
16.702087,0
16.733002,0
17.090485,1
16.732428,0
17.074545,1
17.04633,1
16.74837,0
17.112864,1
16.648901,0
17.331997,1
16.704332,0
17.342066,1
16.700884,0
17.396013,1
16.685331,0
17.38616,1
16.700827,0
17.377144,1
16.721579,0
17.358791,1
16.74376,0
17.365236,1
16.760994,0
17.515514,1
16.700985,0
-13.827608,0
2.650218,1
-13.872429,0
2.747385,1
-13.848646,0
2.7497988,1
-13.821887,0
2.7820787,1
-13.81363,0
2.8502347,1
-13.853455,0
2.7422001,1
-13.874463,0
2.6996188,1
-13.859511,0
2.7737172,1
-13.862756,0
2.7122757,1
-13.905481,0
2.6083083,1
-13.848623,0
2.737606,1
-13.860809,0
2.731004,1
-13.84658,0
3.1078312,1
-13.858456,0
3.0489578,1
-13.833142,0
3.0230412,1
-13.8138485,0
3.11197,1
-13.867475,0
3.0744574,1
-13.866163,0
3.0879514,1
-13.8213415,0
3.1065075,1
-13.850262,0
3.0511377,1
-13.827517,0
3.0720854,1
-13.834325,0
3.0900066,1
-13.825021,0
3.1072767,1
-13.829646,0
3.0687516,1
0.049942195,0
-32.905384,1
-32.95911,1
0.013635526,0
-32.90101,1
0.021858051,0
0.022928063,0
12.246897,1
0.0047329585,0
12.227537,1
0.031173725,0
-24.88449,1
0.013560275,0
-26.366888,1
0.00460186,0
-26.399021,1
-26.439943,1
0.023852482,0
0.0048909467,0
-26.482693,1
-26.626844,1
0.033662446,0
-26.67667,1
0.006747135,0
0.014940214,0
-26.590027,1
0.0003872874,0
-26.52549,1
-0.026768697,0
-18.557913,1
0.0016308292,0
-18.444597,1
-0.008910141,0
17.411587,1
-0.018198026,0
17.398752,1
-0.024835458,0
17.439808,1
-0.020780439,0
17.410347,1
0.06340975,0
17.382208,1
-0.0123783685,0
17.395533,1
0.035719242,0
17.397009,1
0.011531159,0
17.37735,1
30.144615,0
-13.213257,1
30.12543,0
-13.183172,1
30.086859,0
-13.187667,1
30.094522,0
-13.142202,1
30.08053,0
-13.121048,1
30.083742,0
-13.1639595,1
30.139221,0
-13.150779,1
30.072437,0
-13.207835,1
30.077518,0
-13.206774,1
30.099056,0
-13.227345,1
30.07779,0
-13.1809025,1
30.111319,0
-13.154436,1
30.168753,0
-12.441604,1
30.144455,0
-12.441168,1
30.15952,0
-12.399019,1
30.154234,0
-12.357159,1
30.132502,0
-12.396219,1
30.16487,0
-12.43098,1
30.147385,0
-12.484526,1
30.13331,0
-12.534489,1
30.15591,0
-12.491074,1
30.14185,0
-12.565248,1
30.125452,0
-12.557003,1
30.068079,0
-12.553399,1
7.870717,1
7.881777,1
7.9068294,1
24.272223,0
7.888721,1
-20.873234,0
7.854939,1
-20.931688,0
7.884827,1
-20.902925,0
-20.691578,0
7.8403263,1
-20.589296,0
7.785595,1
-20.864744,1
-20.860636,1
-20.88381,1
-20.839407,0
-1.0739732,1
-20.552036,0
-1.2487051,1
-20.505949,0
-1.1903087,1
-20.555292,0
-1.2297187,1
-20.54583,0
-1.226593,1
-1.2631867,1
-20.5166,0
-29.244656,1
-20.570478,0
-29.434832,1
-20.57795,0
-29.416485,1
-20.586527,0
-29.361042,1
-20.551044,0
-29.276169,1
-20.574644,0
-29.317783,1
-20.546305,0
-29.323648,1
-20.553968,0
-40.61122,0
-13.123586,1
-40.61043,0
-13.135731,1
-40.62276,1
-40.61412,0
-13.202845,1
-40.61644,0
-13.1806965,1
-40.614117,0
-13.228831,1
-40.611656,0
-13.202379,1
-40.63929,0
-13.152264,1
-40.612,0
-13.203633,1
-40.59601,0
-13.156928,1
-40.60281,0
-13.136332,1
-40.604397,0
-13.126064,1
-40.603302,0
-12.514184,1
-40.587658,0
-12.40987,1
-40.578384,0
-12.423424,1
-40.571884,0
-12.465956,1
-40.577736,0
-12.478703,1
-40.533897,0
-12.413768,1
-40.616096,0
-12.428808,1
-40.589573,0
-12.3966255,1
-40.567307,0
-12.451667,1
-40.599747,0
-12.413427,1
-40.610725,0
-12.465692,1
-40.608017,0
-12.536013,1
7.8922257,1
7.9072504,1
7.8989487,1
7.8831396,1
7.862506,1
-20.630674,0
7.9278316,1
-20.90501,0
7.882315,1
-20.898964,1
-20.894531,1
-20.86314,1
-20.826624,1
-20.595438,0
-0.97110164,1
-1.2417065,1
-20.497469,0
-1.217823,1
-20.509321,0
-29.297838,1
-20.413334,0
-29.275253,1
-20.445211,0
-29.424236,1
-20.390705,0
-29.437315,1
-20.416182,0
-29.40744,1
-20.523014,0
-29.430233,1
-20.396927,0
-29.347162,1
-20.386408,0
-29.411991,1
-20.435665,0
-29.364462,1
-20.437677,0
-29.339071,1
-20.527079,0
4.3422723,1
4.4519067,0
-12.955259,1
4.413804,0
-13.085954,1
4.3425236,1
4.3742537,0
-13.065171,1
4.2846704,1
4.3432455,1
4.32846,1
4.3510966,1
4.353212,1
4.3280344,0
-12.959486,1
4.355257,1
4.490184,0
-12.552119,1
4.4515724,0
-12.585244,1
4.347343,1
4.495424,0
-12.526765,1
4.413201,0
-12.507234,1
4.46494,0
-12.504218,1
4.4908915,0
-12.490201,1
4.3812423,0
-12.496605,1
4.3220587,1
4.453389,0
-12.491524,1
4.4192963,0
-12.487652,1
4.41818,0
-12.508322,1
-20.041285,0
-1.111669,1
-20.049158,0
-1.1499038,1
-20.069782,0
-1.137787,1
-20.031761,0
-1.141423,1
-20.015848,0
-1.1366385,1
-1.1529307,1
-20.062382,0
-1.1627377,1
-20.041702,0
-1.1489838,1
-20.03174,0
-1.1353723,1
-20.058872,0
-1.1970407,1
-20.407064,0
-20.067896,0
-1.1659635,1
-20.077448,0
-1.2212125,1
-1.2251797,1
-20.031698,0
-20.061234,0
-1.2425861,1
-20.018412,1
-20.049644,1
-20.061295,1
-20.02993,0
-29.467785,1
-20.046312,0
-29.496727,1
-20.015533,0
-29.331001,1
-20.03794,0
-29.401323,1
-29.272911,1
-20.03054,0
-20.044565,0
-29.321405,1
-29.291739,1
-20.039146,0
4.380606,0
-12.945664,1
4.382186,0
-13.001541,1
4.329677,1
4.3015823,1
4.352558,1
4.310068,1
-13.072451,1
4.425739,0
-13.058989,1
4.4431405,0
4.444807,0
-13.071765,1
-13.037891,1
4.4323473,0
-13.028997,1
4.431329,0
-13.034473,1
4.395058,0
-12.581547,1
4.475024,0
-12.620278,1
4.4673667,0
-12.563676,1
4.48989,0
-12.568233,1
4.472754,0
-12.522564,1
4.4808087,0
-12.582541,1
4.4581075,0
-12.593549,1
4.4615216,0
-12.601598,1
4.4296265,0
-12.653455,1
4.4490175,0
4.4761376,0
-12.589234,1
-12.579769,1
4.4676595,0
4.431902,0
-12.5488825,1
-20.909922,0
-1.0766443,1
-20.705982,0
-1.1151797,1
-20.91178,0
-1.1379012,1
-20.966703,0
-1.1537586,1
-20.929976,0
-1.1459513,1
24.251423,0
-1.1370362,1
-20.800158,0
-1.1393977,1
-20.941374,0
-1.1544092,1
24.263653,0
-1.1614093,1
-1.1667298,1
-20.979313,0
-1.1814072,1
-20.758432,0
-1.1832887,1
-20.811754,0
-1.224257,1
-20.738297,0
-29.246517,1
-20.66898,0
-29.262375,1
-20.67804,0
-29.306658,1
-20.641953,0
-29.316435,1
-20.675205,0
-29.318592,1
-20.739605,0
-29.291224,1
-20.747,0
-29.287617,1
-20.799591,0
-29.289318,1
-20.71301,0
-29.319996,1
-20.676592,0
-29.300756,1
-20.722258,0
-29.311293,1
-20.68454,0
-39.570923,0
-12.915245,1
-39.55757,0
-13.038096,1
-39.564137,0
-13.022897,1
-39.55642,0
-12.977724,1
-13.0296545,1
-39.55825,0
-13.051186,1
-39.560436,0
-12.984557,1
28.180515,0
-13.07113,1
28.169336,0
-13.00942,1
28.169977,0
-13.034097,1
28.175852,0
-13.048924,1
-39.557568,0
-13.054986,1
-39.559765,0
-12.83769,1
28.177528,0
-39.540886,0
-12.666495,1
28.177853,0
-12.54614,1
-12.552835,1
28.168499,0
-12.541703,1
28.167736,0
28.18154,0
-12.564576,1
28.172798,0
-12.599024,1
28.171246,0
-12.634027,1
28.176487,0
-12.537191,1
28.18545,0
-12.540224,1
28.180174,0
-12.543362,1
28.192736,0
-12.5584135,1
24.291368,0
-1.1187762,1
24.279362,0
-1.17886,1
24.275948,1
24.290447,0
-1.1343087,1
-1.1281595,1
24.267693,0
-1.129515,1
24.279182,0
-1.1652294,1
24.260803,0
-1.1944373,1
24.298761,0
-1.189203,1
24.24868,0
-1.1494933,1
24.228786,0
24.258665,0
-1.171516,1
24.231815,0
-1.1682745,1
-1.1875676,1
24.249357,0
-29.234173,1
24.279036,0
-29.255367,1
24.258963,0
-29.42861,1
24.227238,0
-29.45269,1
24.239687,0
-29.36793,1
24.261145,0
-29.252651,1
24.253506,0
-29.263409,1
24.26161,0
-29.276474,1
24.286268,0
-29.335684,1
24.213589,0
-29.434727,1
24.252375,0
-29.443022,1
-20.830084,0
9.006879,1
8.953923,1
8.961245,1
9.026335,1
9.067898,1
10.413664,0
9.086082,1
10.335881,0
9.101124,1
10.385897,0
9.129678,1
9.1196375,1
10.34632,0
9.157892,1
10.141659,0
9.23816,1
9.673592,0
9.238005,1
9.889878,0
-3.3341265,1
9.443088,0
-3.2899003,1
9.426279,0
-3.3695343,1
9.557666,0
-3.387614,1
9.467047,0
-3.3469787,1
9.407396,0
-3.3871028,1
9.482651,0
-3.43627,1
-3.4135833,1
9.985108,0
-3.4205668,1
10.0142355,0
-3.4801755,1
10.025336,0
-3.447058,1
9.929879,0
-3.4510736,1
9.616785,0
9.865527,1
9.823907,1
10.033109,0
8.924774,1
8.930325,1
8.8140135,1
9.557847,0
8.8325,1
-9.597043,0
8.754183,1
-9.561364,0
8.000682,1
-9.573876,0
7.8216996,1
-9.554837,0
7.733758,1
-9.565433,0
7.364551,1
-9.58226,0
7.227896,1
-9.563094,0
1.6455407,1
11.08435,0
1.6430043,1
11.127653,0
1.5810902,1
11.078833,0
1.4573662,1
11.037195,0
1.4874817,1
11.109475,0
1.4937433,1
11.037001,0
1.4586946,1
11.055493,0
1.4243762,1
11.02542,0
1.3807187,1
11.008912,0
1.4004661,1
11.054094,0
1.400987,1
11.043867,0
1.3517401,1
11.018937,0
9.915397,1
9.933376,1
9.541677,1
9.409382,1
10.374756,0
10.452939,0
9.299506,1
9.2630625,1
10.444611,0
9.224303,1
10.46315,0
9.228093,1
10.445928,0
9.2848215,1
10.4792595,0
9.260288,1
10.41732,0
9.238813,1
10.442664,0
9.220497,1
10.451133,0
10.78174,0
9.130875,1
10.813203,0
9.040313,1
10.8529415,0
8.927608,1
10.794798,0
8.92778,1
10.8359,0
8.880142,1
8.60651,1
10.746202,0
8.072981,1
10.896166,0
7.8278217,1
10.824244,0
10.838784,0
7.7627854,1
7.6212683,1
10.845185,0
10.822126,0
7.320748,1
10.838499,0
7.1138754,1
1.7098018,1
10.985269,0
1.7148911,1
10.96956,0
1.7412453,1
10.936559,0
10.939467,0
1.66988,1
1.5304481,1
10.972178,0
1.437006,1
10.946684,0
11.488421,1
10.970561,0
11.505884,1
10.940772,0
11.513605,1
10.968392,0
11.497372,1
10.976131,0
10.954603,0
11.4859495,1
10.912407,0
11.522619,1
10.016101,1
10.077075,1
10.100665,1
9.984963,1
9.922275,1
9.942882,1
9.904079,1
9.932957,1
9.898329,1
9.929476,1
9.770574,1
9.551651,1
9.677434,0
8.915072,1
9.507592,0
8.92802,1
9.56194,0
8.942395,1
9.792386,1
9.851439,0
8.929333,1
8.897162,1
9.916746,0
8.772792,1
10.025772,0
8.770165,1
10.0433655,0
8.636941,1
10.110897,0
7.9095287,1
10.240587,0
7.7670684,1
10.2818575,0
7.755754,1
10.220596,0
1.6690701,1
10.104835,0
10.08773,0
1.6616738,1
1.6659509,1
10.115596,0
1.6574225,1
10.026048,0
1.5135021,1
10.061141,0
1.4454404,1
10.074295,0
1.4629582,1
10.10252,0
1.4682214,1
10.137586,0
1.4487145,1
10.157816,0
1.4085697,1
10.12914,0
1.3957592,1
10.176843,0
1.3775742,1
10.168414,0
9.101626,1
9.231176,1
9.219498,1
9.209774,1
9.223046,1
-3.439735,1
-3.4647737,1
-3.384875,1
9.409025,0
-3.4176457,1
-3.5385113,1
-3.4555728,1
-3.4113374,1
9.683275,0
8.901548,1
9.582802,0
8.897777,1
9.66446,0
8.921537,1
9.67898,0
8.706437,1
8.7003145,1
9.667401,0
7.808358,1
9.67559,0
7.778621,1
9.664067,0
9.678817,0
7.5969834,1
9.668098,0
7.1906314,1
9.6570835,0
7.0497026,1
9.578783,0
1.73195,1
9.633995,0
1.7560244,1
9.4809065,0
1.6839904,1
9.495119,0
1.7224178,1
9.506114,0
1.4939319,1
9.546355,0
1.4476922,1
9.498606,0
11.506836,1
9.476852,0
11.472617,1
9.484443,0
11.484477,1
9.47665,0
11.488234,1
9.526752,0
11.50432,1
9.49579,0
11.508513,1
9.525137,0
11.49576,1
9.474986,0
11.508444,1
9.265139,1
10.476014,0
9.25672,1
10.52385,0
9.271404,1
10.445673,0
-3.281805,1
10.450731,0
-3.3365219,1
10.437467,0
-3.2953002,1
10.513012,0
-3.2952938,1
10.56145,0
-3.2690835,1
10.548715,0
-3.3016143,1
10.503822,0
-3.2746975,1
10.554791,0
-3.2879338,1
10.522278,0
-3.308601,1
10.554052,0
-3.2957456,1
10.567167,0
-3.2494903,1
10.510036,0
-3.3189213,1
10.546269,0
-3.2791164,1
10.538096,0
-3.2818544,1
10.5110235,0
-3.2753716,1
10.525593,0
-3.3932104,1
10.5282545,0
-3.4887824,1
10.607484,0
-3.369693,1
10.504466,0
-3.570045,1
10.533468,0
-3.461713,1
10.492014,0
-3.4331489,1
10.516394,0
8.710066,1
-9.528014,0
8.499367,1
-9.538613,0
7.80639,1
-9.527825,0
7.5947523,1
-9.528005,0
7.2011952,1
11.128622,0
7.0509977,1
-9.56424,0
-9.559804,0
6.942892,1
1.8074217,1
-9.587774,0
1.7418957,1
-9.575963,0
1.6814579,1
-9.544102,0
1.7050171,1
-9.565474,0
1.741969,1
-9.534913,0
1.6721506,1
11.149632,0
1.6581539,1
11.13463,0
1.4306433,1
11.087677,0
1.523013,1
11.146371,0
1.4604689,1
11.152759,0
1.4576267,1
11.172084,0
1.4819003,1
11.139664,0
1.4649235,1
11.158533,0
1.4533939,1
11.134116,0
-9.485157,0
1.4067186,1
1.4122353,1
-9.555953,0
1.4234632,1
-9.560105,0
9.951869,1
-2.0422194,0
9.979209,1
-2.0599387,0
-10.084951,1
-2.007289,0
-10.079131,1
-2.0196526,0
-2.0489051,0
-3.841196,1
-2.0275328,1
-2.0138476,1
-1.9893427,1
-2.0084317,1
-3.758051,0
-2.0207126,0
-3.8195062,1
-2.0405657,0
-3.794407,1
-2.0504785,0
-3.8601604,1
-2.0373871,0
-3.922626,1
-2.032625,0
-3.9474816,1
-2.0503175,0
-4.0070605,1
-2.0520902,0
-4.190717,1
-2.0586274,0
-4.157458,1
-4.1791687,1
-2.0174952,0
-4.2935753,1
-2.043749,0
-4.2167997,1
-2.0058208,0
-4.4190674,1
-2.033993,0
-4.4319067,1
-2.0515153,0
-4.4095235,1
-2.0365982,0
-4.428947,1
-2.0076945,0
13.182076,0
-8.526573,1
13.1788645,0
-8.605695,1
13.180256,0
-8.774021,1
13.180423,0
-8.7485075,1
13.103819,0
-8.880683,1
13.129701,0
-8.833481,1
13.139616,0
-8.862488,1
13.122645,0
-8.900073,1
13.116368,0
-8.812908,1
13.142925,0
-8.950476,1
13.143933,0
-8.949273,1
13.161436,0
-8.982602,1
13.14781,0
26.180601,1
13.144033,0
26.18097,1
13.158143,0
26.20318,1
13.159038,0
26.192215,1
13.169148,0
26.190216,1
13.165453,0
26.159071,1
13.130217,0
26.173658,1
13.139331,0
26.18086,1
13.188923,0
26.18059,1
13.15715,0
26.179777,1
13.187611,0
26.19201,1
13.089253,0
26.181662,1
23.76128,1
23.779371,1
23.799635,0
-3.7464225,1
23.780935,0
-3.7763019,1
23.774546,0
-3.8156178,1
23.803919,0
-3.8001306,1
-3.8275502,1
23.788456,0
-3.8228238,1
23.775496,0
-3.8381422,1
23.779984,0
23.770632,0
-3.827364,1
23.797754,0
-3.8077562,1
23.77368,0
-3.8191736,1
23.805416,0
-4.0498967,1
-4.224797,1
23.79062,0
-4.1507134,1
23.79091,0
23.798498,0
-4.1835556,1
-4.2043037,1
23.777945,0
-4.207869,1
23.814745,0
23.805609,0
-4.2094564,1
23.773014,0
-4.22234,1
23.755194,0
-4.2251635,1
23.806587,0
-4.3728366,1
23.785755,0
-4.362836,1
23.777264,0
-4.370361,1
0.68765706,0
-8.165069,1
0.8686631,0
-8.143614,1
0.8620761,0
-8.105267,1
0.7840033,0
-8.120306,1
0.84563166,0
-8.211827,1
0.8904705,0
-8.145186,1
1.0096626,0
-8.223128,1
0.98189825,0
-8.170664,1
1.006204,0
-8.230208,1
0.913567,0
-8.171629,1
0.7156507,0
-8.125566,1
0.7765646,0
-8.161051,1
0.99154204,0
-8.2237215,1
0.9425169,0
-8.235714,1
0.9802692,0
-8.502768,1
0.89339817,0
-8.482427,1
1.0217611,0
-8.499602,1
0.8766158,0
-8.578619,1
0.9013305,0
-8.568271,1
0.8786981,0
-8.627685,1
0.9095313,0
-8.556254,1
0.9302933,0
-8.619239,1
0.95348734,0
-8.664542,1
0.88156706,0
-8.572873,1
20.17135,0
12.939421,1
-3.6748965,0
20.209806,1
20.156471,1
20.176064,0
-3.7466679,1
20.180414,0
-3.7734504,1
20.18738,1
-4.006522,0
20.183987,0
-3.798648,1
-6.3683205,1
20.210567,0
-6.4019637,1
20.209208,0
-6.433765,1
20.197653,0
-6.427625,1
20.191677,0
20.233896,0
-3.824763,1
-4.1539574,1
20.173235,0
-4.101705,1
20.212828,0
-4.139564,1
20.18652,0
-4.156901,1
20.199482,0
-4.1689963,1
20.165201,0
-4.1849017,1
20.202232,0
-4.1384563,1
20.198627,0
-4.1623626,1
20.18501,0
-4.138672,1
20.234413,0
-4.163118,1
20.17382,0
-4.3896537,1
20.199806,0
-4.2750854,1
20.15776,0
0.8393544,0
-8.127142,1
0.7861738,0
-8.147562,1
0.890398,0
-8.16069,1
0.8848323,0
-8.189867,1
1.0217545,0
-8.223434,1
0.98457485,0
-8.1432,1
1.0611489,0
-8.244071,1
0.872566,0
-8.181464,1
0.742593,0
-8.164166,1
0.75137836,0
-8.185586,1
0.8547733,0
-8.165576,1
0.84734094,0
-8.217265,1
0.9820231,0
-8.243344,1
0.9794567,0
-8.524944,1
0.9658551,0
-8.509543,1
1.0020005,0
-8.533771,1
0.99996734,0
-8.573561,1
1.0447922,0
-8.578679,1
0.9217324,0
-8.587995,1
0.917338,0
-8.580242,1
0.97515225,0
-8.623017,1
0.8145009,0
-8.672081,1
0.9467631,0
-8.590421,1
0.8610159,0
-8.602307,1
-1.894938,1
-3.751468,0
-1.8631861,0
-3.7917335,1
-1.8839628,0
-3.8570282,1
-1.8753669,0
-3.8273761,1
-1.8590766,0
-3.8002558,1
-1.8034557,0
-3.8081682,1
-1.8443838,0
-3.7648041,1
-1.846604,0
-3.8197649,1
-1.8350827,0
-3.8003922,1
-1.7701164,0
-3.8046417,1
-1.8533789,0
-3.797691,1
-1.851683,0
-3.7764735,1
-4.151602,1
-1.8481578,0
-4.124089,1
-1.8404491,0
-4.218933,1
-1.9093645,0
-4.194262,1
-1.9203681,0
-4.2578225,1
-1.8740407,0
-4.145714,1
-1.903533,0
-4.2944803,1
-1.902199,0
-1.8671417,0
-4.304968,1
-1.8387904,0
-4.334091,1
-1.8345481,0
-4.3608165,1
-1.8712666,0
-4.3480244,1
-1.8445019,0
-4.280487,1
0.51737916,0
-8.0076475,1
0.5675947,0
-8.000598,1
0.59834373,0
-7.9477167,1
0.45731574,0
-7.9362383,1
0.46094677,0
-7.952666,1
0.44142726,0
-7.9058347,1
0.46617207,0
-7.9969277,1
0.46989816,0
-7.9375052,1
0.47326657,0
-7.943036,1
0.45753267,0
-7.938653,1
0.48461187,0
-7.8705697,1
0.48913276,0
-7.9660244,1
0.47487053,0
-8.391398,1
0.50898874,0
-8.543939,1
0.4882635,0
-8.66044,1
0.48285684,0
-8.586822,1
0.50087816,0
-8.700981,1
0.4690435,0
-9.102673,1
0.44150102,0
-8.69698,1
0.44601202,0
-8.736716,1
0.47600868,0
-8.678439,1
0.5132719,0
-8.762048,1
0.52651453,0
-8.886164,1
0.47851714,0
-8.64204,1
-10.096765,1
-1.5568436,0
-1.5844967,0
-10.121715,1
-1.561718,0
-10.076872,1
-1.5833591,0
-10.06299,1
-1.5796381,1
-3.7510083,0
-1.5351079,1
-1.5838612,1
-1.5678383,0
-3.7576623,1
-1.539317,1
-3.780754,0
-1.5736197,1
-3.779633,0
-1.6045829,0
-3.779662,1
-1.6099281,0
-3.7824614,1
-1.6135525,0
-3.8363032,1
-1.6228251,0
-6.4184155,1
-1.5954537,0
-6.4521203,1
-1.6144404,0
-6.44253,1
-1.6141824,0
-4.098057,1
-4.206776,1
-1.5688396,0
-4.1766896,1
-1.5471035,0
-1.5766959,0
-4.410587,1
-4.40333,1
-1.622875,0
-4.38849,1
-1.6005231,0
-1.6092055,0
-4.4009,1
-4.380761,1
-1.6437058,0
0.83275634,1
0.8416735,1
0.717456,0
-8.355692,1
0.7212236,0
-8.071993,1
0.326504,0
-8.114211,1
0.38635692,0
-8.133786,1
-8.110824,1
0.3035573,0
0.31035048,0
-8.14472,1
-8.10869,1
0.34589607,0
0.3681184,0
-8.12634,1
-8.109592,1
0.3232738,0
0.30043182,0
-8.169127,1
0.3497366,0
-8.356147,1
0.3111968,0
-8.305438,1
0.29990152,0
-8.431662,1
0.28906813,0
-8.444479,1
0.31244832,0
-8.424222,1
0.25636268,0
-8.476301,1
0.30447936,0
-8.472006,1
0.32573885,0
-8.472462,1
0.3254675,0
-8.48146,1
0.30010357,0
-8.438435,1
0.32474473,0
-8.466347,1
0.34084183,0
-8.461832,1
-24.658958,0
17.993591,1
-24.648954,0
17.97904,1
-24.63405,0
17.982994,1
-24.650976,0
17.984663,1
-24.629623,0
18.045815,1
-24.631613,0
17.970736,1
18.000088,1
-24.60175,0
-24.6426,0
17.988974,1
-24.642971,0
18.009579,1
-24.648968,0
17.973986,1
-24.630024,0
17.996494,1
-24.635317,0
17.949797,1
-24.635891,0
-23.363018,1
-24.609165,0
-23.343779,1
-24.635212,0
-23.367023,1
-24.636883,0
-23.345428,1
-24.628824,0
-23.373926,1
-24.640827,0
-23.347729,1
-24.642143,0
-23.356295,1
-24.607056,0
-23.34637,1
-24.633745,0
-23.320028,1
-24.584387,0
-23.34475,1
-24.658182,0
-23.34654,1
-24.61258,0
-23.349537,1
22.458895,0
23.29233,1
22.43216,0
23.216887,1
22.418402,0
23.182795,1
22.421865,0
23.189342,1
22.423258,0
23.196575,1
22.42796,0
23.1938,1
22.435596,0
23.188818,1
22.465633,0
23.20003,1
22.430384,0
23.189528,1
22.467253,0
23.246778,1
22.461855,0
23.25278,1
22.504387,0
23.337875,1
22.41028,0
-37.348763,1
22.40466,0
-37.3523,1
22.423555,0
-37.354534,1
22.414774,0
-37.35801,1
22.421503,0
-37.350124,1
22.397758,0
-37.3624,1
22.43537,0
-37.346058,1
22.392992,0
-37.36019,1
22.395834,0
-37.358955,1
22.417809,0
-37.35827,1
22.403564,0
-37.35634,1
22.377293,0
-37.353493,1
34.263588,0
29.30986,1
34.26513,0
29.285883,1
34.25035,0
29.298388,1
34.282497,0
29.29438,1
34.249928,0
29.304201,1
34.255966,0
29.311335,1
34.27545,0
29.306839,1
34.249752,0
29.287876,1
34.26348,0
29.30219,1
34.26655,0
29.30605,1
34.258247,0
29.31032,1
34.283173,0
29.299025,1
34.228767,0
30.622877,1
34.266148,0
30.619455,1
34.28957,0
30.628645,1
34.259995,0
30.612637,1
34.26033,0
30.61448,1
34.2672,0
30.621157,1
34.29689,0
30.63007,1
34.292545,0
30.64061,1
34.292595,0
30.612108,1
34.281883,0
30.62253,1
34.298943,0
30.622421,1
34.31084,0
30.611769,1
-32.076458,0
23.343063,1
-32.096653,0
23.322329,1
-32.116837,0
23.347198,1
-32.119194,0
23.314636,1
-32.066822,0
23.342775,1
-32.135796,0
23.344988,1
-32.12185,0
23.348904,1
-32.11109,0
23.368544,1
-32.112453,0
23.343237,1
-32.07724,0
23.33943,1
-32.093822,0
23.363836,1
-32.102108,0
23.337152,1
-32.108818,0
-16.046627,1
-32.107372,0
-16.073984,1
-32.073837,0
-16.023424,1
-32.107407,0
-16.051165,1
-32.104477,0
-16.063726,1
-32.104248,0
-16.051908,1
-32.138023,0
-16.03835,1
-32.09965,0
-16.034225,1
-32.105175,0
-16.057453,1
-32.10534,0
-16.042128,1
-32.079655,0
-16.03745,1
-32.078163,0
-16.033834,1
28.8266,1
14.414033,0
14.7080965,0
28.837124,1
28.827322,1
14.662826,0
14.686371,0
28.814629,1
14.669742,0
28.8639,1
14.676637,0
28.792189,1
14.70032,0
28.826597,1
14.703913,0
28.772993,1
14.682155,0
28.765125,1
14.694595,0
28.773113,1
14.709897,0
28.739218,1
14.711389,0
28.757298,1
14.388314,0
33.05691,1
14.345639,0
33.070587,1
14.324818,0
33.085552,1
14.395142,0
33.090492,1
33.00379,1
14.3289795,0
14.356153,0
33.017452,1
14.345561,0
32.999477,1
14.399062,0
33.024536,1
14.38378,0
33.02443,1
33.046425,1
14.33299,0
33.033485,1
14.444515,0
32.997223,1
14.354464,0
37.107704,0
-0.36567357,1
37.094643,0
-0.36782324,1
37.07157,0
-0.33656827,1
37.045155,0
-0.32402498,1
37.09245,0
-0.37772563,1
37.078983,0
-0.41176838,1
37.028008,0
-0.38274264,1
37.09716,0
-0.41063955,1
37.01785,0
-0.3700218,1
37.06238,0
-0.3606198,1
37.055714,0
-0.38681036,1
37.099087,0
-0.36760786,1
38.30784,0
-26.005175,1
38.307858,0
-25.986088,1
38.311306,0
-25.982885,1
38.292004,0
-25.984093,1
38.305634,0
-25.98666,1
-25.963358,1
38.313324,0
-25.959312,1
38.30617,0
-25.970188,1
38.313244,0
-25.97927,1
38.312687,0
-25.977718,1
38.31341,0
-25.93977,1
38.314716,0
-25.999945,1
38.30943,0
14.704952,0
28.78099,1
28.808376,1
14.676022,0
14.6753435,0
28.80753,1
14.690142,0
28.826075,1
14.756429,0
28.805151,1
14.69905,0
28.840185,1
14.6987505,0
28.7929,1
14.712319,0
28.784462,1
14.67306,0
28.78697,1
14.682772,0
28.766134,1
14.703882,0
28.746754,1
14.717853,0
28.727077,1
14.388968,0
33.103924,1
14.352659,0
33.074642,1
14.3913,0
33.011593,1
14.351449,0
33.01502,1
14.374265,0
32.97591,1
14.3788,0
33.02014,1
14.327568,0
33.018116,1
33.00309,1
14.370373,0
33.018734,1
14.352971,0
33.00107,1
14.30479,0
32.995323,1
14.325244,0
33.001514,1
14.32926,0
37.074986,0
-0.39582637,1
37.081142,0
-0.38007545,1
37.075,0
-0.38936245,1
37.080807,0
-0.36217892,1
37.030045,0
-0.35925806,1
36.9966,0
-0.38040635,1
37.124393,0
-0.39232892,1
37.090046,0
-0.35481206,1
37.04347,0
-0.32756722,1
37.02317,0
-0.35741866,1
37.1418,0
-0.3614272,1
37.06735,0
-0.42441335,1
36.94842,0
-26.035028,1
37.002003,0
-26.032856,1
36.95852,0
-26.031963,1
36.95785,0
-25.993467,1
36.945805,0
-26.028341,1
36.903465,0
-25.99805,1
37.050125,0
-26.017385,1
36.93883,0
-26.05105,1
36.99139,0
-26.051367,1
37.010693,0
-26.015057,1
36.996597,0
-26.028364,1
36.99171,0
-26.014505,1
3.5917852,0
28.847082,1
3.5128953,0
28.862188,1
3.5486805,0
28.853281,1
28.84399,1
3.5856013,0
3.5200305,0
28.847603,1
3.576545,0
28.83331,1
3.530151,0
28.837873,1
3.5762773,0
28.8489,1
28.82021,1
3.4943879,0
3.5345166,0
28.857418,1
3.5016425,0
28.873074,1
3.53125,0
28.873163,1
3.5642061,0
33.08238,1
3.6070879,0
33.15867,1
3.5968766,0
33.19625,1
3.5609362,0
33.2089,1
3.5643504,0
33.19535,1
3.5473392,0
33.199284,1
3.5853271,0
33.20123,1
3.5917456,0
33.20109,1
3.5662625,0
33.218803,1
3.5536065,0
33.21425,1
3.5642047,0
33.209763,1
3.5721407,0
33.213844,1
41.562202,1
43.095627,0
41.56105,1
43.10045,0
41.54199,1
43.106365,0
41.56005,1
43.087124,0
41.559193,1
43.169895,0
41.559837,1
43.095913,0
43.09014,0
41.56036,1
43.167706,0
41.560234,1
43.078125,0
41.560272,1
43.075115,0
41.561382,1
43.08503,0
41.560802,1
43.05852,0
41.56094,1
34.960728,1
43.23754,0
34.9589,1
43.236454,0
34.963528,1
43.272636,0
34.95883,1
43.249428,0
34.95681,1
43.267242,0
34.94757,1
43.22817,0
34.954346,1
43.233505,0
34.92762,1
43.259727,0
34.95701,1
43.236916,0
34.953712,1
43.238686,0
34.976116,1
43.253685,0
34.947235,1
43.258663,0
-36.827934,0
-5.8308754,1
-36.825607,0
-5.8221893,1
-36.832203,0
-5.8198466,1
-36.829086,0
-5.8296256,1
-36.83068,0
-5.8565865,1
-36.83617,0
-5.8775344,1
-36.83176,0
-5.799097,1
-36.827946,0
-5.8094716,1
-36.8372,0
-5.8110037,1
-36.82774,0
-5.824311,1
-36.829857,0
-5.8192825,1
-36.83697,0
-5.8367343,1
32.334164,0
-5.1297593,1
32.316826,0
-5.1427164,1
32.336243,0
-5.1277976,1
32.34619,0
-5.146651,1
32.34505,0
-5.123658,1
32.34701,0
-5.17073,1
32.324944,0
-5.138296,1
32.326157,0
-5.141416,1
32.307972,0
-5.1312203,1
32.313957,0
-5.1557345,1
32.275574,0
-5.1473336,1
32.30483,0
-5.0862546,1
32.333935,0
-18.208195,1
32.348743,0
-18.176868,1
32.36683,0
-18.138578,1
32.36726,0
-18.260695,1
32.345753,0
-18.253841,1
32.348213,0
-18.317366,1
32.34726,0
-18.363483,1
32.342827,0
-18.529581,1
32.343754,0
-18.507717,1
32.370186,0
-18.504114,1
32.355762,0
-18.48228,1
32.332554,0
-18.524538,1
6.3885946,0
-5.9935055,1
6.408376,0
-5.9469748,1
6.396938,0
-5.9626627,1
6.391082,0
-5.984092,1
6.4152565,0
-5.945603,1
6.367349,0
-5.955685,1
6.3942394,0
-5.975633,1
6.4032784,0
-6.004517,1
6.4133024,0
-6.0329304,1
6.4081674,0
-6.076544,1
6.439804,0
-6.024432,1
6.4223537,0
-6.112298,1
6.3337917,0
-30.548534,1
6.370278,0
-30.540442,1
6.372089,0
-30.641827,1
6.3305335,0
-30.52923,1
6.266226,0
-30.494543,1
6.173034,0
-30.212534,1
6.344887,0
-30.526318,1
6.329441,0
-30.516033,1
6.313418,0
-30.536415,1
6.2229524,0
-30.508741,1
6.225249,0
-30.48468,1
6.3652825,0
-30.515898,1
11.7631645,0
-5.0266786,1
-41.6547,0
-4.9919076,1
11.795492,0
-4.9961333,1
-41.646187,0
-4.9946885,1
-41.644863,0
-5.004817,1
11.733869,0
-4.9718113,1
11.800908,0
-4.979433,1
11.804092,0
-4.97285,1
11.750693,0
-4.972677,1
11.749712,0
-5.003747,1
11.747827,0
-4.985328,1
11.7721195,0
-4.957816,1
-41.646233,0
-18.597546,1
11.797835,0
-18.57356,1
-41.644382,0
-18.599463,1
11.806492,0
-18.61927,1
-41.644047,0
-18.603321,1
11.789846,0
-18.62571,1
11.79603,0
-18.638912,1
11.784895,0
-18.62141,1
-41.645473,0
-18.644527,1
-41.64199,0
-18.607687,1
-41.648094,0
-18.6061,1
11.813916,0
-18.628572,1
6.2713575,0
-6.1049714,1
6.284743,0
-6.120808,1
6.2456675,0
-6.12028,1
6.292324,0
-6.1587596,1
6.32306,0
-6.155204,1
6.2158556,0
-6.1248345,1
6.211101,0
-6.1544566,1
6.193414,0
-6.120567,1
6.186256,0
-6.1724186,1
6.1951523,0
-6.130312,1
6.2211514,0
-6.1746626,1
6.175061,0
-6.1704807,1
6.0546417,0
-30.088345,1
6.0658183,0
-30.103025,1
6.019743,0
-30.104847,1
6.07963,0
-30.105242,1
6.055229,0
-30.106873,1
6.0638723,0
-30.08433,1
6.1408525,0
-30.10993,1
6.0769877,0
-30.114855,1
6.0522714,0
-30.079365,1
6.0624766,0
-30.095589,1
6.0309005,0
-30.100962,1
6.0525265,0
-30.085781,1
-7.705043,0
-4.9677024,1
-7.6667633,0
-4.980203,1
-7.702286,0
-4.9766717,1
-7.6761146,0
-4.956831,1
-7.6807227,0
-5.002194,1
11.708577,0
-5.004901,1
11.776217,0
-5.126572,1
11.748596,0
-5.0150537,1
-7.693373,0
-5.141294,1
-7.694295,0
-5.1671195,1
-7.6818733,0
-5.213644,1
-7.7130384,0
-5.1813307,1
11.77617,0
-18.541039,1
11.786486,0
-18.516176,1
-7.694345,0
-18.478525,1
11.775049,0
-18.553034,1
11.77245,0
-18.576288,1
11.769467,0
-18.554008,1
11.775823,0
-18.556639,1
11.775804,0
-18.58444,1
11.770214,0
-18.62547,1
11.772565,0
-18.655956,1
11.802376,0
-18.604595,1
-41.643543,0
-18.655195,1
3.9840953,0
-6.0967884,1
4.0082974,0
-6.0007577,1
-17.822233,0
-6.0941253,1
-17.871456,0
-5.999975,1
-17.801588,0
-6.1575303,1
-6.1863294,1
-17.816265,0
-6.1705003,1
-17.834297,0
-17.882296,0
-6.151284,1
-17.817644,0
-6.198645,1
-17.825542,0
-6.152357,1
-17.826563,0
-6.1817245,1
-17.830744,0
-6.1993747,1
4.001682,0
-30.509285,1
4.030717,0
-30.531883,1
4.0443625,0
-30.572124,1
4.016656,0
-30.559053,1
4.035976,0
-30.54655,1
3.9939966,0
-30.471537,1
3.98162,0
-30.465109,1
4.012568,0
-30.44936,1
4.0029707,0
-30.453989,1
3.9886765,0
-30.469559,1
4.0064697,0
-30.472216,1
4.0342956,0
-30.441557,1
15.84854,0
-5.2287564,1
15.874254,0
-5.2654405,1
15.883192,0
-5.2635117,1
15.875393,0
-5.2513022,1
15.8812,0
-5.2804127,1
15.877093,0
-5.242162,1
15.862231,0
-5.3261867,1
15.870201,0
-5.346857,1
15.915833,0
-5.2581043,1
15.867139,0
-5.284581,1
15.893227,0
-5.2509847,1
15.943039,0
-5.2600236,1
15.84225,0
-18.39167,1
15.870138,0
-18.390572,1
15.8785715,0
-18.41703,1
15.866443,0
-18.419556,1
15.863995,0
-18.405512,1
15.853613,0
-18.401604,1
15.8714905,0
-18.403053,1
15.858314,0
-18.414091,1
15.875389,0
-18.363768,1
15.869522,0
-18.412289,1
15.882215,0
-18.322056,1
15.871181,0
-18.31563,1
27.093513,0
-6.113843,1
27.091644,0
-5.9518,1
27.080147,0
-5.9594398,1
27.068098,0
-5.9282217,1
27.085028,0
-5.9130297,1
27.102365,0
-6.0218406,1
27.089642,0
-6.1043344,1
27.105335,0
-6.0940685,1
27.096575,0
-6.154651,1
27.089272,0
-6.1822004,1
27.118935,0
-6.158867,1
27.096355,0
-6.165887,1
27.11862,0
-30.550583,1
27.077866,0
-30.558672,1
27.080042,0
-30.565874,1
27.081974,0
-30.522503,1
27.092648,0
-30.587633,1
27.076809,0
-30.56174,1
27.11087,0
-30.567087,1
27.0636,0
-30.541368,1
27.085485,0
-30.542318,1
27.081478,0
-30.519493,1
27.071758,0
-30.515232,1
27.092201,0
-30.514969,1
-5.297424,1
22.016293,0
22.014112,0
-5.3845057,1
-5.3919344,1
22.015158,0
-5.383413,1
22.040157,0
-5.389492,1
22.011925,0
-5.4338503,1
22.0156,0
21.994444,0
-5.4088016,1
-5.3984523,1
21.939926,0
21.99974,0
-5.400771,1
-5.4285417,1
21.974874,0
-5.3957295,1
21.997635,0
-5.3841863,1
21.993166,0
22.002571,0
-18.288473,1
21.995197,0
-18.21878,1
22.01695,0
-18.232433,1
22.009115,0
-18.26554,1
22.00758,0
-18.292912,1
22.001657,0
-18.291403,1
22.022625,0
-18.281965,1
22.04403,0
-18.279997,1
22.003208,0
-18.297636,1
22.004658,0
-18.28499,1
21.973682,0
-18.25229,1
22.003975,0
-18.198936,1
-7.1942353,1
35.539482,0
-7.179399,1
35.544834,0
-7.1850824,1
35.541332,0
-7.2298155,1
35.547935,0
-7.211418,1
35.54638,0
-7.1709027,1
35.55263,0
-7.0516944,1
35.53552,0
-7.0168614,1
35.59362,0
35.56424,0
-7.0092936,1
35.580833,0
-6.967862,1
-6.9687777,1
35.551144,0
35.603645,0
-6.9778147,1
33.743027,1
35.539345,0
33.75932,1
35.58609,0
33.735676,1
35.550873,0
33.7409,1
35.529537,0
33.726826,1
35.57435,0
33.734093,1
35.555336,0
35.55068,0
33.762066,1
35.560814,0
33.752113,1
35.57507,0
33.733376,1
35.56925,0
33.73686,1
33.74065,1
35.541874,0
33.73705,1
35.568848,0
-13.5109215,0
-4.9773035,1
-13.503456,0
-4.9222198,1
-4.8503385,1
-13.528171,0
-4.864079,1
-13.502476,0
-4.841201,1
-13.544155,0
-4.863729,1
-13.518033,0
-4.861379,1
-13.505764,0
-4.84084,1
-13.564846,0
-4.8478103,1
-13.581938,0
-4.90042,1
-13.549741,0
-4.9088106,1
-13.552973,0
-4.916175,1
-13.578271,0
-13.596113,0
7.339726,1
-13.567365,0
7.3169217,1
7.307198,1
-13.555875,0
7.3136334,1
-13.520679,0
7.2900844,1
-13.55841,0
7.3125653,1
-13.551426,0
7.2934504,1
-13.565459,0
7.3051667,1
-13.54689,0
7.340883,1
-13.568609,0
7.302392,1
-13.579625,0
7.326592,1
-13.566486,0
7.3025556,1
-13.554035,0
-7.2048974,1
7.524227,0
7.495125,0
-6.657096,1
7.529918,0
-6.7052464,1
7.4920764,0
-6.695137,1
7.500402,0
-6.6726413,1
7.5097136,0
-6.7294064,1
7.512721,0
-6.7306595,1
7.4904957,0
-6.697684,1
7.5368123,0
-6.686059,1
-6.702142,1
7.550079,0
-6.677486,1
7.497884,0
-6.676941,1
7.5017934,0
-11.959451,1
7.500626,0
-11.930907,1
7.5090284,0
-11.972888,1
7.496525,0
-11.932546,1
7.4733214,0
-11.924584,1
7.498578,0
7.5167584,0
-11.953911,1
7.516389,0
-11.927343,1
7.5646243,0
-11.91986,1
7.4925036,0
-11.911123,1
7.4874125,0
-11.882868,1
7.528104,0
-11.922981,1
7.522955,0
-11.9076185,1
24.623127,0
25.234589,1
24.60834,0
25.250093,1
24.619192,0
25.24281,1
25.237713,1
24.614227,0
-38.972023,1
24.62723,0
-38.966457,1
24.61164,0
-38.96836,1
24.630123,0
-38.9742,1
24.618773,0
-38.968,1
24.603075,0
-38.970066,1
24.63146,0
-38.98323,1
24.611845,0
-38.977592,1
24.60063,0
-6.659488,1
26.664192,0
-6.6670747,1
26.63706,0
-6.6176705,1
26.65292,0
-6.647647,1
26.675276,0
-6.6745,1
26.666964,0
26.65656,0
-6.718908,1
-6.6544476,1
26.670485,0
-6.685051,1
26.655031,0
26.66748,0
-6.6351314,1
26.668592,0
-6.630253,1
-6.6396728,1
26.659498,0
26.640862,0
-6.667281,1
12.460432,1
39.064762,0
12.451781,1
39.058598,0
12.456779,1
39.062035,0
12.464578,1
39.060833,0
12.447207,1
39.081295,0
12.466376,1
39.061993,0
39.060314,0
12.48009,1
39.060715,0
12.453554,1
39.061504,0
12.452582,1
39.073948,0
12.448795,1
39.064274,0
12.46004,1
39.062954,0
12.446767,1
13.495911,0
-17.56549,1
13.4982395,1
13.515338,1
-7.2567954,0
13.52126,0
-7.276655,1
13.555163,0
18.227623,1
13.52269,0
18.231976,1
13.470774,0
18.215502,1
13.50944,0
18.224699,1
18.271154,1
13.524309,0
18.240288,1
13.48009,0
18.244663,1
13.4873495,0
13.491948,0
18.256556,1
13.521216,0
18.726158,1
13.500818,0
18.780245,1
13.531351,0
18.773903,1
18.767317,1
13.5117035,0
13.514289,0
18.743093,1
13.525889,0
18.751774,1
13.525115,0
18.74449,1
13.537826,0
18.715473,1
13.555282,0
18.724257,1
18.72944,1
13.503323,0
13.506142,0
18.727697,1
13.499389,0
18.718102,1
-24.153181,0
-10.98113,1
-24.176838,0
-10.951745,1
-10.957079,1
-24.170053,0
-10.975754,1
-24.150383,0
-10.928286,1
-24.1873,0
-10.9721,1
-24.168554,0
-10.973637,1
-24.164103,0
-24.150059,0
-10.961884,1
-24.197498,0
-10.964641,1
-24.134024,0
-10.963231,1
-10.958713,1
-24.161728,0
-24.152704,0
-10.904036,1
-24.147741,0
-10.92652,1
-2.6554139,1
-24.216349,0
-2.6154003,1
-24.158522,0
-2.5970922,1
-24.16218,0
-2.5617573,1
-24.157413,0
-2.635304,1
-24.144352,0
-24.127161,0
-2.593792,1
-24.15858,0
-2.600653,1
-24.156124,0
-2.6063025,1
-24.102663,0
-2.654674,1
-24.145254,0
-2.6309848,1
-24.127592,0
-2.6019912,1
-6.593362,1
-3.185729,0
-3.195419,0
-6.5077896,1
-6.476076,1
-3.2011862,0
-6.477603,1
-3.1486115,0
-6.5120854,1
-6.4264417,1
-3.206711,0
-6.412712,1
-3.1424437,0
-6.4035835,1
-6.48366,1
8.820257,0
8.780388,0
-6.5028815,1
8.813991,0
-6.4678392,1
8.7834835,0
-6.475887,1
8.829165,0
-4.666479,1
8.840455,0
-4.64195,1
8.791323,0
-4.5539885,1
8.80306,0
-4.597356,1
8.778717,0
-4.556332,1
8.7979145,0
-4.575779,1
8.779176,0
-4.523909,1
-15.788735,0
-4.5691624,1
-4.580136,1
-15.791459,0
-15.848661,0
-4.5914364,1
-4.5914774,1
-15.807185,0
-15.799519,0
-4.607089,1
25.241205,1
-17.551146,0
25.223532,1
-17.58698,0
-17.598202,0
25.226334,1
-17.560364,0
25.239998,1
-17.569914,0
25.254217,1
-17.559706,0
25.246231,1
-17.596416,0
25.262533,1
-17.565325,0
25.255423,1
-17.545675,0
25.231392,1
25.239908,1
-17.567457,0
25.23939,1
-17.573145,0
25.23375,1
-17.616789,0
-17.6063,0
-2.6147058,1
-17.554882,0
-2.6245997,1
-17.588999,0
-2.6095555,1
-17.551212,0
-2.610464,1
-17.580011,0
-2.639023,1
-17.55164,0
-2.6700294,1
-17.570084,0
-2.6368392,1
-17.54683,0
-2.6333895,1
-17.541868,0
-2.637287,1
-17.53524,0
-2.6235049,1
-17.563747,0
-2.6580698,1
-17.570366,0
-2.603062,1
27.690157,0
-7.3476396,1
27.677479,0
-7.319581,1
27.710812,0
18.041945,1
27.688923,0
17.811617,1
27.690506,0
17.828201,1
27.68889,0
17.84018,1
17.846333,1
27.696333,0
17.838434,1
27.727154,0
17.840889,1
27.699709,0
27.70535,0
17.82767,1
27.7122,0
17.86999,1
27.704388,0
17.858694,1
27.608622,0
-23.237068,1
27.579744,0
-23.303455,1
27.621105,0
-23.294178,1
27.58681,0
-23.202433,1
27.597343,0
-23.185562,1
27.58733,0
-23.236982,1
27.593855,0
-23.191803,1
27.593132,0
-23.214628,1
27.590393,0
-23.247543,1
27.590366,0
-23.194553,1
27.604868,0
-23.201979,1
27.606213,0
-23.227562,1
5.221422,1
-10.692856,0
5.221702,1
-10.689502,0
5.24452,1
-10.709096,0
5.1813054,1
-10.701329,0
5.153929,1
-10.718063,0
5.189308,1
-10.698757,0
5.174987,1
-10.727638,0
5.1679153,1
-10.70289,0
5.150653,1
-10.689045,0
5.1619015,1
-10.718787,0
5.1635747,1
-10.756024,0
5.1670804,1
-10.722158,0
-8.964428,1
-10.999821,0
-9.124613,1
-10.971358,0
-9.141256,1
-10.993641,0
-9.123638,1
-10.980447,0
-9.147187,1
-10.974394,0
-9.121604,1
-10.940868,0
-9.150926,1
-10.991081,0
-9.116339,1
-10.994129,0
-9.094181,1
-10.999729,0
-9.1378145,1
-10.988348,0
-9.131805,1
-10.987497,0
-9.134386,1
-10.965662,0
2.0360272,1
5.776476,0
2.035724,1
5.768288,0
2.015947,1
5.758505,0
1.983646,1
5.768502,0
2.0239253,1
5.747211,0
2.0078404,1
5.75984,0
2.060729,1
5.7498345,0
2.0650723,1
5.7545557,0
2.0482388,1
5.71869,0
2.0521753,1
5.7660956,0
2.0994096,1
5.771884,0
2.151742,1
5.748807,0
-19.800684,0
1.9737799,1
-19.805693,0
1.9572932,1
-19.779058,0
1.9485947,1
-19.795872,0
1.9480968,1
-19.798405,0
1.9584494,1
-19.77348,0
1.9703124,1
-19.796486,0
1.9612144,1
-19.828903,0
1.9633768,1
-19.807606,0
1.9799443,1
-19.803703,0
1.9585774,1
-19.823313,0
1.9467982,1
5.749478,0
1.9574538,1
-9.799478,1
5.278429,0
-9.819204,0
5.310556,1
5.3094387,1
-9.827266,0
5.3183804,1
-9.854399,0
5.3169684,1
-9.819393,0
5.302198,1
-9.901746,0
5.3790736,1
-9.798998,0
5.3320136,1
-9.817669,0
5.287842,1
-10.019672,0
5.184803,1
-10.023613,0
5.2284536,1
-10.015093,0
5.212599,1
-9.991929,0
-9.992242,0
-9.112974,1
-9.955353,0
-9.129231,1
-9.147348,1
-9.914957,0
-9.969619,0
-9.123755,1
-9.968861,0
-9.126201,1
-9.926807,0
-9.152908,1
-9.924004,0
-9.085942,1
-9.886621,0
-9.146889,1
-9.894365,0
-9.143534,1
-9.911447,0
-9.14231,1
-9.145996,1
-9.918307,0
-9.91432,0
-9.111515,1
29.588596,1
-25.017025,0
29.600695,1
-25.013063,0
29.576895,1
-25.0048,0
-25.00871,0
29.570026,1
-25.007982,0
29.587263,1
-25.01778,0
29.570635,1
29.576946,1
-24.996437,0
29.548641,1
-25.016428,0
29.56472,1
-25.002449,0
29.574957,1
-25.034174,0
-25.027147,0
29.553497,1
-24.992313,0
29.569897,1
-23.678535,1
-34.248566,0
-23.701267,1
-34.255886,0
-23.686386,1
-34.30869,0
-23.690678,1
-34.280098,0
-23.696156,1
-34.287365,0
-23.69139,1
-34.26087,0
-23.685507,1
-34.246067,0
-23.656393,1
-34.235046,0
-23.671362,1
-34.197414,0
-23.622286,1
-34.24439,0
-23.675776,1
-34.25705,0
-23.649748,1
-34.25759,0
-10.361793,0
5.372623,1
-10.319442,0
5.3684177,1
-10.374817,0
5.3807683,1
-10.358746,0
5.374592,1
-10.351984,0
5.3262396,1
-10.38534,0
5.331692,1
-10.374847,0
5.1966925,1
-10.330952,0
5.139148,1
-10.369767,0
5.216736,1
5.1510577,1
-10.355228,0
5.1913695,1
-10.329628,0
5.1992297,1
-10.346676,0
-10.16696,0
-8.790088,1
-10.209088,0
-8.7875185,1
-10.193921,0
-8.770601,1
-10.133742,0
-8.769019,1
-10.166123,0
-8.966802,1
-10.180603,0
-9.0698185,1
-9.050537,1
-10.1839695,0
-10.226304,0
-9.091298,1
-10.210942,0
-9.08431,1
-9.10086,1
-10.210999,0
-10.211361,0
-9.072996,1
-10.188862,0
-9.06518,1
2.2178516,1
-34.904858,0
2.2040088,1
-34.905834,0
-34.89392,0
2.2088766,1
-34.914593,0
2.1907034,1
-34.89409,0
2.1885462,1
-34.900414,0
2.184339,1
-34.98889,0
2.149878,1
2.176665,1
-34.952377,0
-34.93645,0
2.1649797,1
2.2021112,1
-34.8958,0
-34.94631,0
2.1552682,1
2.1725175,1
-34.998245,0
-35.03835,0
-28.713064,1
-35.040253,0
-28.716743,1
-35.051636,0
-28.72455,1
-35.064648,0
-28.729012,1
-35.02128,0
-28.71394,1
-35.07456,0
-28.728388,1
-35.06226,0
-28.714523,1
-35.03856,0
-28.709057,1
-34.9947,0
-28.714828,1
-35.0593,0
-28.703588,1
-35.04152,0
-28.715467,1
-35.05762,0
-28.717175,1
19.775738,1
5.3642507,0
19.759047,1
5.386156,0
19.726849,0
5.3593903,1
19.777426,1
5.322873,0
19.744987,1
5.3864017,0
19.780764,0
5.276778,1
19.81366,1
5.2926545,0
19.7799,0
5.171455,1
-10.284836,0
5.251402,1
-10.314031,0
5.190933,1
19.791391,1
5.2417803,0
19.822994,0
5.1281967,1
19.820196,0
-18.015188,1
19.809559,0
-18.018288,1
19.778938,0
-18.015219,1
19.790403,0
-17.985682,1
19.779715,0
-17.99459,1
19.827547,0
-18.052235,1
19.807774,0
-17.98089,1
19.788105,0
-17.983742,1
19.80415,1
-17.987383,0
19.796501,0
-18.000092,1
19.810951,0
-17.988806,1
19.813217,0
-17.969742,1
-34.95597,0
-7.487573,1
-35.03229,1
2.181703,0
-35.027637,0
2.4332833,1
-35.01951,0
2.194163,1
-34.705837,0
2.1355965,1
-34.67689,0
2.17194,1
-34.724243,0
2.2266858,1
-34.92006,0
2.226314,1
-34.9781,0
2.1699765,1
-34.92424,0
2.190473,1
-34.905838,0
2.2040105,1
-34.96469,0
2.1896238,1
-23.67603,1
-34.566196,0
-23.672976,1
-34.52728,0
-34.543205,0
-23.769619,1
-23.74739,1
-34.52082,0
-34.53572,0
-23.819975,1
-34.53936,0
-23.8159,1
-23.788965,1
-34.57044,0
-23.811934,1
-34.554848,0
-23.825829,1
-34.53373,0
-23.797369,1
-34.52392,0
-23.792492,1
-34.554676,0
-23.816202,1
-34.545483,0
5.725112,1
-10.141612,0
-10.107323,0
5.6956325,1
5.6826925,1
-10.180571,0
-10.128052,0
5.687082,1
-10.179651,0
5.668412,1
-10.147818,0
5.620379,1
-10.152546,0
5.5593386,1
-10.183888,0
5.5693536,1
-10.12602,0
5.545608,1
-10.173703,0
5.5029902,1
-10.197125,0
5.536969,1
-10.095831,0
5.456769,1
-10.4519205,0
-8.718734,1
-10.451326,0
-8.79758,1
-10.551464,0
-9.217741,1
-10.510265,0
-9.239933,1
-10.556978,0
-9.235299,1
-10.5448475,0
-9.260935,1
-10.532632,0
-9.221039,1
-10.538158,0
-9.254839,1
-10.555576,0
-9.235527,1
-10.552608,0
-9.255039,1
-10.567627,0
-9.263989,1
-10.4809675,0
-9.243892,1
36.240314,1
-36.092495,0
36.24912,1
-36.09542,0
36.24945,1
-36.089905,0
36.24258,1
-36.09325,0
36.249138,1
-36.10715,0
36.236515,1
-36.091038,0
36.24211,1
-36.11749,0
36.23823,1
-36.08697,0
36.24078,1
-36.098183,0
36.22302,1
-36.06789,0
36.240543,1
-36.085896,0
36.234882,1
-36.09211,0
19.18796,1
-35.974964,0
-35.969765,0
19.17829,1
-35.96973,0
19.177887,1
-35.960556,0
19.174978,1
-35.95201,0
19.190031,1
-35.958782,0
19.1839,1
19.156845,1
-35.965668,0
-35.95296,0
19.18625,1
19.194895,1
-36.000443,0
19.203117,1
-35.949512,0
19.215508,1
-35.96996,0
19.21614,1
-35.961716,0
1.4058709,0
-5.5533295,1
1.4132948,0
-5.5881276,1
1.4096503,0
-5.585333,1
-5.580797,1
1.4017941,0
-5.5524054,1
1.4247386,0
-5.5720506,1
1.4171647,0
-5.574717,1
1.3850476,0
-5.549032,1
1.4360619,0
-5.570871,1
1.4026159,0
-5.5672,1
1.4191947,0
-5.625428,1
1.4269918,0
-5.56798,1
1.3993104,0
37.816475,0
-17.19186,1
-17.237745,1
37.81471,0
-17.247883,1
37.816364,0
-17.306166,1
37.81815,0
-17.264935,1
37.81752,0
-17.274866,1
37.790565,0
-17.279354,1
37.816525,0
-17.291794,1
37.818916,0
-17.271778,1
37.8184,0
-17.238718,1
37.827965,0
-17.288855,1
37.827778,0
-17.253588,1
37.809074,0
-37.98371,0
-11.079001,1
-38.028877,0
-11.12875,1
-37.99019,0
-11.101665,1
-38.007534,0
-11.105794,1
-38.016087,0
-11.047327,1
-37.980667,0
-11.118043,1
-37.94844,0
-11.053221,1
-37.992023,0
-11.076392,1
-37.9926,0
-11.092643,1
-37.992817,0
-11.095277,1
-37.991833,0
-11.11032,1
-38.000877,0
-11.129919,1
26.458088,0
19.281805,1
26.462044,0
19.275755,1
26.434364,0
19.324425,1
26.456287,0
19.317274,1
26.44221,0
19.352121,1
26.471653,0
19.310986,1
26.482542,0
19.306911,1
26.460995,0
19.344288,1
26.465643,0
19.30501,1
26.44735,0
19.286465,1
26.453463,0
19.294872,1
26.468126,0
19.26115,1
3.8217943,0
-16.942587,1
3.7940648,0
-16.738998,1
3.7929122,0
-16.629234,1
3.7826333,0
-16.5536,1
3.808909,0
-16.540375,1
3.7957926,0
-16.542961,1
3.8042634,0
-16.494877,1
3.776925,0
-16.52313,1
3.7818022,0
-16.49539,1
3.8047123,0
-16.501465,1
3.8250685,0
-16.497608,1
3.8154402,0
-16.498905,1
-17.106379,1
3.8110805,0
-17.1547,1
3.805441,0
-17.164377,1
3.8463657,0
-17.171988,1
3.8073387,0
-17.165545,1
3.8127327,0
-17.178854,1
3.848886,0
-17.162045,1
3.7887409,0
-17.18634,1
3.7567701,0
-17.147444,1
3.8396504,0
-17.145626,1
3.889264,0
-17.153988,1
3.7997537,0
-17.14853,1
3.7774286,0
24.907751,0
18.056147,1
24.917519,0
18.336262,1
24.916084,0
18.345854,1
24.940279,0
18.391691,1
24.938845,0
18.402493,1
24.938839,0
18.372026,1
24.91731,0
18.393887,1
24.910114,0
18.373474,1
24.908792,0
18.37952,1
24.950665,0
18.373232,1
24.91783,0
18.394596,1
24.917725,0
18.371876,1
-22.994171,0
18.936176,1
-22.99637,0
18.905424,1
-22.988396,0
18.923529,1
-22.98575,0
18.919876,1
-22.9703,0
18.905897,1
-22.945436,0
18.898972,1
-22.987679,0
18.886465,1
-22.992727,0
18.91973,1
-22.984928,0
18.952831,1
-22.984186,0
18.954027,1
-22.947268,0
18.921581,1
-22.965029,0
18.937937,1
-14.534744,0
12.182473,1
-14.524527,0
12.202613,1
12.190304,1
-14.493043,0
-14.512565,0
12.16657,1
-14.530527,0
12.136527,1
-14.484353,0
12.167725,1
5.4383373,1
-14.468583,0
-14.494566,0
5.372081,1
5.399775,1
-14.456943,0
-14.5070095,0
-16.441984,1
-16.467575,1
-14.467864,0
-14.45243,0
-16.466267,1
-14.502699,0
-16.557146,1
-14.509055,0
-16.512527,1
-14.57855,0
-16.532337,1
-14.566271,0
-16.54909,1
-14.557002,0
-16.543968,1
-14.524565,0
-16.524382,1
-14.523693,0
-16.566011,1
-14.516507,0
-16.54696,1
-14.512114,0
-16.519367,1
-14.430084,0
-16.5313,1
-14.490688,0
-16.52263,1
-14.477849,0
-16.509594,1
-7.2862387,1
16.36865,0
16.390034,0
-7.306171,1
-7.3381925,1
16.366219,0
-7.306165,1
16.393232,0
-7.2912045,1
16.367298,0
-7.310954,1
16.357836,0
-7.344461,1
16.368662,0
-7.3929234,1
16.39874,0
-7.361453,1
16.38298,0
-7.359947,1
16.360746,0
-7.3211455,1
16.357069,0
-7.3731203,1
16.37117,0
19.451593,1
16.244627,0
19.49185,1
16.281687,0
19.521269,1
16.284372,0
19.505857,1
16.262766,0
19.523815,1
16.246685,0
19.520472,1
16.272629,0
19.504206,1
16.26687,0
19.496925,1
16.224062,0
19.543022,1
16.237333,0
19.485636,1
16.215755,0
19.50789,1
16.225695,0
19.484417,1
16.301346,0
-14.281551,0
12.179767,1
-14.270147,0
12.176014,1
-14.248781,0
12.179177,1
-14.223946,0
12.162481,1
-14.259508,0
5.4599004,1
-14.236614,0
5.4679646,1
-14.293847,0
5.4237256,1
-14.402923,0
-16.341679,1
-14.411371,0
-16.45996,1
-16.474258,1
-14.457189,0
-16.458109,1
-14.265983,0
-16.441559,1
-14.229802,0
-16.423922,1
-14.216433,0
-16.40896,1
-14.226315,0
-16.41944,1
-14.194201,0
-16.429348,1
-14.2624,0
-16.386475,1
-14.285998,0
-16.41728,1
-14.370017,0
-16.430496,1
-14.342287,0
-16.442825,1
-14.217836,0
-16.401253,1
-14.394866,0
-16.444212,1
-14.223732,0
-16.448807,1
-14.181277,0
-14.234587,0
-16.443607,1
18.098696,1
12.250416,0
12.260595,0
18.16564,1
18.220127,1
12.285955,0
18.2614,1
12.29388,0
12.279706,0
18.430239,1
12.300685,0
18.433027,1
12.241783,0
18.479353,1
18.526371,1
12.304759,0
18.57443,1
-38.373558,0
18.512869,1
12.248445,0
-38.347736,0
18.536467,1
-38.37294,0
18.54187,1
-38.39265,0
18.846167,1
-38.383877,0
18.789824,1
-38.39672,0
18.843187,1
-38.386253,0
18.942644,1
-38.382248,0
18.986155,1
-38.383663,0
19.011976,1
-38.384167,0
18.99055,1
-38.404453,0
18.988012,1
-38.37269,0
18.97925,1
-38.382675,0
18.979378,1
-38.385666,0
19.003487,1
-38.395092,0
18.982206,1
-16.695988,1
22.771267,0
-16.733244,1
22.80719,0
-16.746334,1
22.783566,0
-16.720396,1
22.76989,0
-16.705153,1
22.773252,0
-16.704376,1
22.756634,0
-16.717781,1
22.771051,0
-16.695677,1
22.777391,0
-16.73677,1
22.759443,0
-16.722797,1
22.744186,0
-16.742558,1
22.769924,0
-16.75594,1
22.779062,0
-17.00408,1
22.860415,0
-17.047342,1
22.892881,0
-17.079603,1
22.871666,0
-17.048578,1
22.856876,0
-17.11734,1
22.89073,0
-17.13335,1
22.888783,0
-17.10533,1
22.866196,0
-17.135798,1
22.863707,0
-17.10464,1
22.862698,0
-17.09896,1
22.829662,0
-17.100817,1
22.860065,0
-17.077684,1
22.8915,0
