0,active_hand,class_numeric
11.525796,1,0
30.02072,0,0
11.5173025,1,0
30.02032,0,0
11.465411,1,0
30.042557,0,0
11.477979,1,0
30.041933,0,0
11.538415,1,0
30.007921,0,0
11.532726,1,0
30.022257,0,0
11.535494,1,0
30.027016,0,0
11.5265255,1,0
30.03836,0,0
11.545085,1,0
30.011835,0,0
11.551422,1,0
29.976221,0,0
11.56357,1,0
30.00703,0,0
30.020775,0,0
11.569617,1,0
30.477152,0,1
33.511955,1,1
30.46107,0,1
33.495686,1,1
30.485636,0,1
33.49574,1,1
30.506565,0,1
33.412853,1,1
30.513378,0,1
33.445393,1,1
30.472017,0,1
33.398746,1,1
30.473585,0,1
33.407104,1,1
30.479021,0,1
33.380463,1,1
30.50655,0,1
33.404327,1,1
30.492813,0,1
33.40785,1,1
30.510077,0,1
33.403004,1,1
30.50256,0,1
33.394634,1,1
-2.5286057,0,0
-15.079175,1,0
-2.6666453,1,0
-15.100576,0,0
-2.630635,1,0
-15.109965,0,0
-2.6325436,1,0
-15.096623,0,0
-2.6481535,1,0
-15.119153,0,0
-2.5879586,1,0
-15.149564,0,0
-2.5919855,1,0
-15.148768,0,0
-2.583428,1,0
-15.100298,0,0
-2.5189128,1,0
-15.108707,0,0
-2.5480845,1,0
-15.112727,0,0
-2.5316226,1,0
-15.09567,0,0
-2.5312235,1,0
-15.101889,0,0
-3.0960433,1,1
-14.961154,0,1
-3.1447177,1,1
-14.961918,0,1
-3.1293004,1,1
-14.969854,0,1
-3.2929125,1,1
-14.952458,0,1
-3.301296,1,1
-14.939342,0,1
-3.3355696,1,1
-14.954268,0,1
-3.3152573,1,1
-14.96222,0,1
-3.364023,1,1
-14.913171,0,1
-3.3267016,1,1
-14.948151,0,1
-3.3963823,1,1
-14.916276,0,1
-3.3232822,1,1
-14.946986,0,1
-3.3428974,1,1
-14.982934,0,1
-25.786999,0,0
11.469393,1,0
11.447758,1,0
-25.793543,0,0
11.477247,1,0
-25.79251,0,0
11.427147,1,0
-25.797071,0,0
11.534662,1,0
-25.76479,0,0
11.612028,1,0
-25.790102,0,0
11.633402,1,0
-25.782682,0,0
11.607625,1,0
-25.75323,0,0
11.650978,1,0
-25.77214,0,0
11.632679,1,0
-25.779806,0,0
11.6086235,1,0
-25.78306,0,0
11.628752,1,0
-25.779964,0,0
33.794876,1,1
30.31995,0,1
33.772625,1,1
30.332382,0,1
33.612053,1,1
30.35212,0,1
33.56677,1,1
30.32237,0,1
33.464664,1,1
30.332571,0,1
33.39424,1,1
30.29797,0,1
30.272682,0,1
33.38152,1,1
30.317617,0,1
33.382225,1,1
30.420542,0,1
33.353935,1,1
30.32093,0,1
33.37749,1,1
33.372204,1,1
30.294197,0,1
33.36417,1,1
30.309898,0,1
-2.7177393,1,0
-15.115085,0,0
-2.6984506,1,0
-15.1205845,0,0
-2.6870017,1,0
-15.119979,0,0
-2.705553,1,0
-15.075024,0,0
-2.680721,1,0
-15.048993,0,0
-29.628075,1,0
-15.11093,0,0
-29.628979,1,0
-15.114042,0,0
-29.593279,1,0
-15.075204,0,0
-29.62658,1,0
-15.099064,0,0
-29.614851,1,0
-15.153263,0,0
-29.63074,1,0
-15.068912,0,0
-29.630955,1,0
-15.065665,0,0
-3.400971,1,1
-14.935729,0,1
-3.3945012,1,1
-14.969367,0,1
-3.3962278,1,1
-14.940901,0,1
-3.4222398,1,1
-14.961602,0,1
-3.4150572,1,1
-14.929192,0,1
-3.3565745,1,1
-14.921346,0,1
-3.3952014,1,1
-14.9783945,0,1
-3.4024763,1,1
-14.964008,0,1
-3.3762302,1,1
-14.946058,0,1
-3.4006422,1,1
-14.995116,0,1
-3.3893154,1,1
-14.969366,0,1
-3.3952959,1,1
-14.976552,0,1
11.389307,1,0
28.892035,0,0
28.868864,0,0
11.334011,1,0
28.880133,0,0
11.353065,1,0
28.849157,0,0
11.423103,1,0
28.87369,0,0
11.448196,1,0
28.902664,0,0
11.519236,1,0
28.889814,0,0
11.546618,1,0
28.917515,0,0
11.508288,1,0
28.865257,0,0
11.487121,1,0
28.88184,0,0
11.498574,1,0
28.876925,0,0
11.430262,1,0
28.886862,0,0
11.446436,1,0
33.72256,1,1
37.616375,0,1
33.75137,1,1
37.61533,0,1
33.835155,1,1
37.612335,0,1
33.862885,1,1
37.615913,0,1
33.835163,1,1
37.61397,0,1
33.851337,1,1
37.61816,0,1
33.825897,1,1
37.61736,0,1
33.7525,1,1
37.59916,0,1
33.738316,1,1
37.618477,0,1
33.749428,1,1
37.619022,0,1
33.714527,1,1
37.62454,0,1
33.727993,1,1
37.61786,0,1
-2.6297474,1,0
-2.6375732,1,0
-2.6164217,1,0
-2.613617,1,0
-2.6374357,1,0
-2.5427241,1,0
-2.5718143,1,0
-2.582928,1,0
-2.609588,1,0
-2.6516962,1,0
-2.668741,1,0
-2.6811454,1,0
-3.1919403,1,1
-3.1721675,1,1
-3.1762102,1,1
-3.209834,1,1
-3.3181846,1,1
-3.3605118,1,1
-3.3182585,1,1
-3.3260782,1,1
-3.3162923,1,1
-3.2933695,1,1
-3.2815032,1,1
-3.3098757,1,1
29.76016,0,0
11.422437,1,0
29.753317,0,0
11.442703,1,0
29.759779,0,0
11.353602,1,0
29.765738,0,0
11.349664,1,0
29.76666,0,0
11.365196,1,0
29.74006,0,0
11.351358,1,0
29.746468,0,0
11.306745,1,0
29.745995,0,0
11.345103,1,0
11.390212,1,0
29.754639,0,0
11.532657,1,0
29.753853,0,0
11.529916,1,0
29.78,0,0
11.541568,1,0
29.729681,0,0
33.752842,1,1
36.907444,0,1
33.809837,1,1
21.353561,0,1
33.87776,1,1
36.883785,0,1
33.88643,1,1
36.880733,0,1
36.87761,0,1
33.897182,1,1
36.889107,0,1
33.88075,1,1
33.87844,1,1
36.894363,0,1
33.862118,1,1
36.90722,0,1
33.81477,1,1
36.901722,0,1
33.707314,1,1
36.925194,0,1
33.749577,1,1
36.906094,0,1
33.756676,1,1
36.91447,0,1
-2.7040927,1,0
-35.208233,0,0
-2.6317945,1,0
-35.19148,0,0
-2.6628313,1,0
-35.182404,0,0
-2.6332788,1,0
-35.209637,0,0
-2.6229625,1,0
-35.2167,0,0
-2.6608226,1,0
-35.197556,0,0
-2.67039,1,0
-35.213787,0,0
-2.6582005,1,0
-35.216194,0,0
-2.7236586,1,0
-35.210808,0,0
-2.7180843,1,0
-35.22908,0,0
-2.7202158,1,0
-35.209377,0,0
-2.7056804,1,0
-35.21825,0,0
-2.9529352,1,1
-35.291157,0,1
-3.2036793,1,1
-35.281605,0,1
-3.3253703,1,1
-35.285954,0,1
-3.3481576,1,1
-35.284405,0,1
-3.3913004,1,1
-35.276913,0,1
-3.4115236,1,1
-35.290955,0,1
-3.330374,1,1
-35.267876,0,1
-3.4359713,1,1
-35.28098,0,1
-3.3882303,1,1
-35.260185,0,1
-3.372689,1,1
-35.26281,0,1
-3.384644,1,1
-35.262897,0,1
-3.3954864,1,1
-35.306328,0,1
11.591187,1,0
40.169235,0,0
11.48049,1,0
40.154953,0,0
11.370139,1,0
40.154858,0,0
11.391349,1,0
40.155308,0,0
11.300616,1,0
40.156773,0,0
11.3038025,1,0
40.153095,0,0
11.26901,1,0
40.15357,0,0
11.315713,1,0
40.152775,0,0
11.316671,1,0
40.15848,0,0
11.287199,1,0
40.159275,0,0
11.27788,1,0
40.166576,0,0
11.305411,1,0
40.16192,0,0
33.820995,1,1
40.164616,0,1
33.850693,1,1
40.17863,0,1
33.87322,1,1
40.18626,0,1
33.84421,1,1
40.162663,0,1
33.90086,1,1
40.17977,0,1
33.90083,1,1
40.16198,0,1
33.75236,1,1
40.16188,0,1
33.64963,1,1
40.147644,0,1
33.68127,1,1
40.158947,0,1
33.63779,1,1
40.155018,0,1
33.677887,1,1
40.163998,0,1
33.62183,1,1
40.155483,0,1
19.55872,0,0
-2.7173712,1,0
19.544832,0,0
-2.640509,1,0
19.541512,0,0
-2.602952,1,0
-2.5737467,1,0
19.541487,0,0
19.564709,0,0
-2.57623,1,0
19.529747,0,0
-2.5286736,1,0
-2.5432866,1,0
19.529951,0,0
-2.6104403,1,0
19.55898,0,0
-2.537343,1,0
19.547663,0,0
-2.593147,1,0
19.545609,0,0
-2.5978057,1,0
19.535181,0,0
-2.6094606,1,0
19.537271,0,0
-3.1480262,1,1
19.554914,0,1
-3.088997,1,1
19.585075,0,1
-3.0936534,1,1
19.569456,0,1
-3.0716736,1,1
19.580687,0,1
19.55886,0,1
-3.0955763,1,1
19.583792,0,1
-3.115425,1,1
19.533922,0,1
-3.1849136,1,1
19.557098,0,1
-3.2330053,1,1
19.555357,0,1
-3.2319782,1,1
19.540964,0,1
-3.2408543,1,1
-3.2386737,1,1
19.524582,0,1
19.531002,0,1
-3.220708,1,1
-35.99966,0,0
-8.569216,1,0
-35.983913,0,0
-8.573942,1,0
-35.996502,0,0
-8.548515,1,0
-36.019028,0,0
-8.54215,1,0
-36.02246,0,0
-8.572956,1,0
-36.01018,0,0
-8.571089,1,0
-36.03003,0,0
-8.546452,1,0
-36.025177,0,0
-8.582895,1,0
-36.01132,0,0
-8.62386,1,0
-35.97911,0,0
-8.50692,1,0
-36.001976,0,0
-8.575707,1,0
-36.027313,0,0
-8.569249,1,0
-35.92333,0,1
-1.7738228,1,1
-35.93547,0,1
-1.7101505,1,1
-35.92708,0,1
-1.7449708,1,1
-35.94151,0,1
-1.8305261,1,1
-35.924847,0,1
-1.8191649,1,1
-35.92725,0,1
-1.6215827,1,1
-35.907005,0,1
-1.6176225,1,1
-35.916866,0,1
-1.6106302,1,1
-35.925354,0,1
-1.6769984,1,1
-35.920628,0,1
-1.7391703,1,1
-35.94204,0,1
-1.6166503,1,1
-35.907,0,1
-1.6764451,1,1
10.534322,0,0
8.639517,1,0
10.515923,0,0
8.637488,1,0
10.541969,0,0
8.678784,1,0
10.534193,0,0
8.791284,1,0
10.523484,0,0
8.955514,1,0
10.528907,0,0
9.4061985,1,0
10.515126,0,0
9.612229,1,0
10.511857,0,0
9.675914,1,0
10.531909,0,0
9.6769,1,0
10.54466,0,0
15.074816,1,0
10.518733,0,0
15.122451,1,0
10.531809,0,0
15.042013,1,0
-29.212215,0,1
14.963408,1,1
-29.146421,0,1
15.008975,1,1
-29.20585,0,1
15.00614,1,1
-29.181416,0,1
14.970448,1,1
-29.172516,0,1
14.945608,1,1
-29.130932,0,1
14.932713,1,1
-29.166462,0,1
14.930346,1,1
-29.177902,0,1
14.917403,1,1
-29.19821,0,1
14.953572,1,1
-29.179153,0,1
14.964326,1,1
-29.173153,0,1
14.981842,1,1
-29.15628,0,1
14.959134,1,1
-5.7985115,1,0
-8.221033,0,0
-5.7601385,1,0
-8.235549,0,0
-5.963136,0,0
-8.578538,1,0
-6.026069,0,0
-8.610806,1,0
-5.99121,0,0
-8.585235,1,0
-5.943515,0,0
-8.589613,1,0
-5.968174,0,0
-8.52703,1,0
-5.9146156,0,0
-8.549665,1,0
-5.950626,0,0
-8.5395,1,0
-5.8616114,0,0
-8.542505,1,0
-5.9689837,0,0
-8.526386,1,0
-5.8957343,0,0
-8.498374,1,0
-5.9527664,0,1
-1.7314657,1,1
-6.0109634,0,1
-1.659015,1,1
-5.9941463,0,1
-1.71385,1,1
-6.0307956,0,1
-1.7222621,1,1
-5.9957194,0,1
-1.6898581,1,1
-5.9827075,0,1
-1.6539841,1,1
-5.9811707,0,1
-1.7503207,1,1
-5.990898,0,1
-1.7426325,1,1
-5.9916706,0,1
-1.7545669,1,1
-5.99432,0,1
-1.7359934,1,1
-1.7285364,1,1
-6.01602,0,1
-1.720398,1,1
-6.014194,0,1
-39.267204,0,0
-5.6298685,1,0
-39.271133,0,0
-5.641657,1,0
-39.268345,0,0
-5.676494,1,0
-39.268795,0,0
1.0468978,1,0
-39.269432,0,0
1.0333809,1,0
-39.26995,0,0
1.0272585,1,0
-39.265644,0,0
1.0097111,1,0
-39.26814,0,0
1.145048,1,0
-39.26755,0,0
0.995693,1,0
-39.26856,0,0
8.650127,1,0
-39.268967,0,0
8.614688,1,0
-39.268024,0,0
8.648829,1,0
-29.31658,0,1
15.036294,1,1
-29.330492,0,1
15.081362,1,1
-29.325489,0,1
15.124059,1,1
-29.328384,0,1
15.120532,1,1
-29.31753,0,1
14.987627,1,1
-29.175297,0,1
14.970514,1,1
-29.34305,0,1
15.009275,1,1
-29.331236,0,1
14.9832,1,1
-29.334488,0,1
15.001683,1,1
-29.330992,0,1
15.009636,1,1
-29.327393,0,1
14.991262,1,1
-29.328897,0,1
15.008324,1,1
-5.6432595,0,0
6.839648,1,0
-5.6186438,0,0
6.740798,1,0
-5.617773,0,0
6.759283,1,0
-5.6169515,1,0
6.7657714,0,0
-5.671103,1,0
-8.227126,0,0
-5.6203094,0,0
-8.241455,1,0
-5.645204,0,0
-8.518286,1,0
-5.651302,0,0
-8.605118,1,0
-5.620126,0,0
-8.588069,1,0
-5.5739527,0,0
-8.6204815,1,0
-5.564343,0,0
-8.56608,1,0
-5.537763,0,0
-8.608406,1,0
-5.300651,0,1
-1.7797726,1,1
-5.35642,0,1
-1.8443857,1,1
-5.3063555,0,1
-1.7948648,1,1
-5.311182,0,1
-1.7126755,1,1
-5.319423,0,1
-1.6728967,1,1
-5.2626925,0,1
-1.6820484,1,1
-5.32983,0,1
-1.7795208,1,1
-5.319024,0,1
-1.818772,1,1
-5.3012686,0,1
-1.8280076,1,1
-5.3009853,0,1
-1.8599721,1,1
-5.2989326,0,1
-1.8369974,1,1
-5.2804646,0,1
-1.7928296,1,1
-13.331758,0,0
9.813483,1,0
-13.34332,0,0
9.823548,1,0
-13.359759,0,0
2.2018943,1,0
-13.380255,0,0
2.1753886,1,0
-13.344785,0,0
2.1510007,1,0
-13.4001875,0,0
2.1429884,1,0
-13.391988,0,0
2.1362438,1,0
2.1524565,1,0
-13.456918,0,0
2.1572516,1,0
-13.483215,0,0
2.1329808,1,0
-13.457872,0,0
2.1216307,1,0
-13.4607725,0,0
2.1707494,1,0
-13.442673,0,0
-13.51136,0,1
1.9371821,1,1
1.8964006,1,1
-13.478645,0,1
1.9336712,1,1
-13.52644,0,1
1.9139862,1,1
-13.512351,0,1
1.8830998,1,1
-13.502816,0,1
-13.540693,0,1
1.8775464,1,1
-13.553869,0,1
1.9061922,1,1
-13.538294,0,1
1.8926136,1,1
-13.532952,0,1
1.8917764,1,1
-13.501751,0,1
1.8990238,1,1
-13.507682,0,1
1.9407314,1,1
-13.4969845,0,1
1.9111488,1,1
-5.628757,0,0
6.7619658,1,0
-5.6877003,0,0
-8.234825,1,0
-5.718423,1,0
-8.206369,0,0
-5.8065953,1,0
-8.209429,0,0
-5.757635,1,0
-8.24011,0,0
-5.7590384,1,0
-8.200677,0,0
-5.7733355,1,0
-8.261464,0,0
-5.737306,1,0
-8.549988,0,0
-5.661061,0,0
-8.559482,1,0
-5.565646,0,0
-8.630128,1,0
-5.5865707,0,0
-8.576724,1,0
-5.5934796,0,0
-8.561235,1,0
-5.307838,0,1
-1.7097415,1,1
-5.324576,0,1
-1.722091,1,1
-5.314385,0,1
-1.7112554,1,1
-5.298397,0,1
-1.6939584,1,1
-5.303425,0,1
-1.6909914,1,1
-5.3181534,0,1
-1.7263939,1,1
-5.327498,0,1
-1.7503763,1,1
-5.3042154,0,1
-1.7284776,1,1
-5.2682967,0,1
-1.7454337,1,1
-5.31698,0,1
-1.7690259,1,1
-5.3039656,0,1
-1.7513618,1,1
-5.3012576,0,1
-1.7245886,1,1
-13.337035,0,0
9.797713,1,0
-13.364453,0,0
2.1964786,1,0
-13.4361315,0,0
2.1423786,1,0
-13.473076,0,0
2.1433532,1,0
-13.468548,0,0
2.1030064,1,0
-13.47486,0,0
2.1383157,1,0
2.1243417,1,0
-13.360021,0,0
-13.417824,0,0
2.0910497,1,0
-13.443319,0,0
2.118508,1,0
-13.406991,0,0
2.129468,1,0
-13.400785,0,0
2.1300683,1,0
-13.426497,0,0
2.1279953,1,0
-13.522298,0,1
1.9206054,1,1
1.9092499,1,1
-13.505268,0,1
-13.53435,0,1
1.894634,1,1
-13.40676,0,1
1.893736,1,1
-13.495264,0,1
1.898907,1,1
-13.43184,0,1
1.8963814,1,1
-13.463507,0,1
1.8745749,1,1
-13.425508,0,1
1.9123825,1,1
-13.402976,0,1
1.9009979,1,1
-13.479986,0,1
1.8922219,1,1
-13.374425,0,1
1.9077377,1,1
-13.449078,0,1
1.8789682,1,1
-5.614152,0,0
6.8881454,1,0
-5.6720223,0,0
6.813559,1,0
-5.6258187,0,0
6.714894,1,0
-5.582647,1,0
6.2866325,0,0
-5.718136,1,0
-8.2268915,0,0
-5.577259,0,0
-8.435941,1,0
-5.597556,0,0
-8.496949,1,0
-5.5618396,0,0
-8.632435,1,0
-5.553879,0,0
-8.532573,1,0
-5.5872188,0,0
-8.620942,1,0
-5.583469,0,0
-8.597246,1,0
-5.6126113,0,0
-8.624246,1,0
-5.240114,0,1
-1.7822303,1,1
-5.2350044,0,1
-1.7426687,1,1
-5.2356915,0,1
-1.8327779,1,1
-5.2171726,0,1
-1.7794839,1,1
-5.2663746,0,1
-1.8349288,1,1
-5.2362866,0,1
-1.7267026,1,1
-5.224767,0,1
-1.7569144,1,1
-5.2274027,0,1
-1.8542156,1,1
-5.1926684,0,1
-1.8411524,1,1
-5.244615,0,1
-1.8415108,1,1
-5.2030826,0,1
-1.8952327,1,1
-5.229565,0,1
-1.8714745,1,1
3.4572866,1,0
29.267744,0,0
3.4441795,1,0
29.270943,0,0
29.276058,0,0
3.432242,1,0
29.29564,0,0
3.494133,1,0
-13.59048,1,0
29.294876,0,0
-22.783552,0,0
29.294443,1,0
29.306541,1,0
-22.81872,0,0
29.29885,1,0
-22.809076,0,0
29.29669,0,0
-22.81547,1,0
29.304203,0,0
-22.810965,1,0
-22.797327,1,0
29.33474,0,0
-22.773367,1,0
29.311863,0,0
-22.805437,1,1
29.329538,0,1
-22.791494,1,1
29.316233,0,1
-22.791151,1,1
29.324554,0,1
-22.77368,1,1
29.340725,0,1
-22.784494,1,1
29.346664,0,1
-22.816093,1,1
29.338242,0,1
-22.7701,1,1
29.361382,0,1
-22.774479,1,1
29.35785,0,1
-22.7778,1,1
29.30664,0,1
-22.789661,1,1
29.30786,0,1
-22.772587,1,1
29.30205,0,1
-22.773449,1,1
29.318222,0,1
14.643753,1,0
-0.5800293,0,0
7.2513604,1,0
-0.59458673,0,0
6.522595,1,0
-0.65360546,0,0
6.1402516,1,0
-0.55025995,0,0
-8.853998,1,0
-0.5686316,0,0
-8.900734,1,0
-0.6851307,0,0
-8.90138,1,0
-0.7431338,0,0
-8.9816265,1,0
-0.66938007,0,0
-8.99519,1,0
-0.67721105,0,0
-9.036079,1,0
-0.6726679,0,0
-8.995426,1,0
-0.6596523,0,0
-9.021653,1,0
-0.7274802,0,0
-0.63909304,0,1
-9.436717,1,1
-0.6345657,0,1
-9.485276,1,1
-0.6984586,0,1
-9.065446,1,1
-8.996779,1,1
-0.6980718,0,1
-8.99556,1,1
-0.6857386,0,1
-8.957951,1,1
-0.72531986,0,1
-8.924442,1,1
-0.7132103,0,1
-8.994886,1,1
-0.7063841,0,1
-9.030953,1,1
-0.6935706,0,1
-8.979372,1,1
-0.706536,0,1
-9.022743,1,1
-0.66558594,0,1
-9.038652,1,1
-0.64031494,0,1
19.735498,0,0
-0.4905336,1,0
19.718382,0,0
-0.50456244,1,0
-0.5059493,1,0
19.742277,0,0
19.747791,0,0
-0.5202006,1,0
19.724672,0,0
-0.51734716,1,0
19.755331,0,0
-0.5173679,1,0
36.402267,0,0
27.383615,1,0
36.40737,0,0
9.850599,1,0
36.421913,0,0
9.858691,1,0
36.41143,0,0
9.897804,1,0
36.407913,0,0
9.899398,1,0
36.39993,0,0
9.962539,1,0
36.37076,0,1
13.897127,1,1
36.373566,0,1
13.891742,1,1
36.351524,0,1
13.938203,1,1
36.373947,0,1
13.92427,1,1
36.365635,0,1
13.91765,1,1
36.355843,0,1
13.936777,1,1
36.379597,0,1
13.937406,1,1
36.37142,0,1
13.946459,1,1
36.363777,0,1
13.927553,1,1
36.36575,0,1
13.942638,1,1
36.377796,0,1
13.92596,1,1
36.377155,0,1
13.917199,1,1
6.782889,1,0
-0.35001358,0,0
5.597136,1,0
-0.32372308,0,0
-8.913313,1,0
-0.4765311,0,0
-0.52686715,0,0
-8.932093,1,0
-8.965878,1,0
-0.49530613,0,0
-9.031477,1,0
-0.51304287,0,0
-9.167471,1,0
-0.33264422,0,0
-9.147988,1,0
-0.3334935,0,0
-9.1848,1,0
-0.35554203,0,0
-9.135753,1,0
-0.3342767,0,0
-9.097818,1,0
-0.36543965,0,0
-8.827173,1,0
-0.34184104,0,0
-9.481815,1,1
-0.3224086,0,1
-9.4295635,1,1
-0.2710618,0,1
-0.30056503,0,1
-9.493335,1,1
-0.3479705,0,1
-9.431955,1,1
-0.3449749,0,1
-9.41551,1,1
-0.38796982,0,1
-9.452145,1,1
-0.37106895,0,1
-9.469622,1,1
-9.472153,1,1
-0.31097403,0,1
-9.4781885,1,1
-0.3578444,0,1
-9.505263,1,1
-0.3152141,0,1
-9.549205,1,1
-0.29248744,0,1
-9.465123,1,1
-0.3510011,0,1
-23.754412,0,0
-0.4889572,1,0
-23.739973,0,0
-0.52863795,1,0
-23.717962,0,0
-4.9995832,1,0
-23.76614,0,0
9.859709,1,0
-23.784784,0,0
9.857215,1,0
-23.759428,0,0
9.91445,1,0
-23.764103,0,0
9.938117,1,0
9.96821,1,0
-23.76076,0,0
9.990552,1,0
-23.742558,0,0
10.010001,1,0
-23.782738,0,0
10.045598,1,0
-23.733036,0,0
9.971594,1,0
-23.77361,0,0
-23.807774,0,1
13.760784,1,1
-23.830004,0,1
13.815814,1,1
-23.811794,0,1
13.783239,1,1
-23.808287,0,1
13.829606,1,1
-23.830893,0,1
13.838686,1,1
-23.837734,0,1
13.851005,1,1
-23.856169,0,1
13.886185,1,1
-23.827837,0,1
13.882134,1,1
-23.83226,0,1
13.859405,1,1
-23.820013,0,1
13.831471,1,1
-23.829544,0,1
13.879134,1,1
-23.852514,0,1
13.855697,1,1
28.373117,0,0
-10.148831,1,0
28.378338,0,0
-10.155943,1,0
-10.261046,1,0
28.38385,0,0
28.3913,0,0
-10.165846,1,0
28.378021,0,0
6.414265,1,0
28.401318,0,0
6.2119274,1,0
28.37756,0,0
6.6370707,1,0
28.376171,0,0
-9.02627,1,0
28.389677,0,0
-8.810757,1,0
-9.140809,1,0
28.39906,0,0
-9.18749,1,0
28.46312,0,0
-9.193272,1,0
28.453865,0,0
-9.519027,1,1
28.425146,0,1
-9.545567,1,1
28.44214,0,1
-9.484904,1,1
28.471634,0,1
-9.482923,1,1
28.429539,0,1
28.451777,0,1
-9.52882,1,1
28.437473,0,1
-9.490595,1,1
-9.536202,1,1
28.439827,0,1
-9.555413,1,1
28.453398,0,1
-9.541064,1,1
28.43692,0,1
-9.568291,1,1
28.45906,0,1
-9.598485,1,1
28.460741,0,1
28.44593,0,1
-9.637713,1,1
-10.098889,0,0
9.869118,1,0
-10.081774,0,0
9.863479,1,0
-10.081453,0,0
9.962713,1,0
10.020851,1,0
-10.089788,0,0
10.0082445,1,0
-10.083492,0,0
10.034898,1,0
-10.075146,0,0
9.9873295,1,0
-10.099699,0,0
-10.035851,0,0
10.022547,1,0
-10.10277,0,0
9.993751,1,0
-10.066584,0,0
10.027487,1,0
10.008118,1,0
-10.071858,0,0
-10.088435,0,0
9.976302,1,0
14.198079,1,1
39.345623,0,1
39.34348,0,1
14.193157,1,1
39.34456,0,1
14.207596,1,1
39.32072,0,1
14.197858,1,1
14.213108,1,1
39.346874,0,1
14.212185,1,1
39.343136,0,1
39.38644,0,1
14.206251,1,1
14.172137,1,1
39.352665,0,1
14.185491,1,1
39.356884,0,1
14.187691,1,1
39.341415,0,1
14.162355,1,1
39.34398,0,1
14.16828,1,1
39.32976,0,1
-11.615957,0,0
-8.923486,1,0
-11.573368,0,0
-8.952217,1,0
-8.999451,1,0
-11.607572,0,0
-11.5819645,0,0
-8.902143,1,0
-9.007444,1,0
-11.581974,0,0
-9.216136,1,0
19.295755,0,0
19.287214,0,0
-9.233206,1,0
19.294514,0,0
-9.310019,1,0
-11.566151,0,0
-9.336654,1,0
-9.286949,1,0
-11.595339,0,0
-9.370738,1,0
-11.560071,0,0
-9.405577,1,0
-11.591607,0,0
-9.529256,1,1
19.291286,0,1
-9.524345,1,1
19.286083,0,1
-9.563521,1,1
19.261927,0,1
-9.653727,1,1
19.26549,0,1
-9.730875,1,1
19.271637,0,1
-9.671391,1,1
19.263187,0,1
-9.707221,1,1
19.296623,0,1
-9.622377,1,1
19.269209,0,1
-9.670447,1,1
19.281921,0,1
-9.683205,1,1
19.33254,0,1
-9.6595745,1,1
19.281199,0,1
-9.716014,1,1
19.300787,0,1
9.831646,1,0
-10.372157,0,0
-10.389019,0,0
9.942256,1,0
-10.380231,0,0
9.95508,1,0
9.935108,1,0
-10.38325,0,0
9.940937,1,0
-10.379671,0,0
10.00101,1,0
-10.393183,0,0
10.020161,1,0
-10.378719,0,0
10.000379,1,0
-10.388566,0,0
9.969526,1,0
-10.376269,0,0
9.971834,1,0
-10.354339,0,0
10.004691,1,0
-10.396922,0,0
9.967892,1,0
-10.33759,0,0
26.946865,0,1
14.169868,1,1
26.943913,0,1
14.186371,1,1
14.199501,1,1
26.938305,0,1
14.174736,1,1
26.932957,0,1
14.03243,1,1
26.912508,0,1
14.051829,1,1
26.932705,0,1
14.013137,1,1
26.886654,0,1
14.033669,1,1
26.899395,0,1
14.012162,1,1
26.878742,0,1
14.043961,1,1
26.919672,0,1
14.027511,1,1
26.906752,0,1
13.945071,1,1
26.922018,0,1
-22.37515,0,0
-9.103257,1,0
-22.341528,0,0
-9.255474,1,0
-22.353561,0,0
-9.320125,1,0
-22.390574,0,0
-9.33272,1,0
-22.393898,0,0
-9.365513,1,0
-22.390074,0,0
-9.363734,1,0
-22.351362,0,0
-9.346772,1,0
-22.395706,0,0
-9.340078,1,0
-22.35707,0,0
-9.320163,1,0
-22.364649,0,0
-9.340219,1,0
-22.374552,0,0
-9.3416395,1,0
-22.36708,0,0
-9.269209,1,0
-22.39286,0,1
-9.696706,1,1
-22.386818,0,1
-9.754471,1,1
-22.383623,0,1
-9.516881,1,1
-22.373938,0,1
-9.618326,1,1
-22.392317,0,1
-9.598619,1,1
-22.386526,0,1
-9.679426,1,1
-22.36799,0,1
-9.674355,1,1
-22.387,0,1
-9.725137,1,1
-22.40866,0,1
-9.654948,1,1
-22.398779,0,1
-9.706355,1,1
-22.399849,0,1
-9.685864,1,1
-22.439724,0,1
-9.7044,1,1
14.640379,0,0
-0.44576913,1,0
-0.44302192,1,0
14.660125,0,0
-0.39211947,1,0
14.617048,0,0
14.6363735,0,0
-0.5158861,1,0
14.634675,0,0
-0.51288223,1,0
14.625683,0,0
27.262747,1,0
14.6759815,0,0
9.933223,1,0
14.672979,0,0
9.811346,1,0
9.896922,1,0
14.74748,0,0
14.636331,0,0
9.922877,1,0
9.9504385,1,0
14.615849,0,0
9.960172,1,0
14.676798,0,0
14.5789385,0,1
10.051636,1,1
14.600766,0,1
10.096183,1,1
14.682208,0,1
13.157662,1,1
14.685553,0,1
13.058331,1,1
14.611668,0,1
13.84339,1,1
14.609053,0,1
13.883787,1,1
14.623771,0,1
13.8678,1,1
14.5707855,0,1
13.795696,1,1
14.577756,0,1
13.815297,1,1
14.653514,0,1
13.839364,1,1
14.594775,0,1
13.8317,1,1
14.626821,0,1
13.814324,1,1
18.711353,0,0
9.153231,1,0
18.72658,0,0
9.159082,1,0
18.720701,0,0
9.162627,1,0
18.734013,0,0
9.15119,1,0
18.711018,0,0
9.080823,1,0
18.72758,0,0
9.190586,1,0
18.734596,0,0
9.184589,1,0
18.721382,0,0
9.140424,1,0
18.742636,0,0
9.144722,1,0
18.722124,0,0
9.160108,1,0
18.737907,0,0
9.197975,1,0
18.748484,0,0
9.192538,1,0
18.854914,0,1
22.199905,1,1
18.848536,0,1
22.234272,1,1
18.868343,0,1
22.196941,1,1
18.846664,0,1
22.172989,1,1
18.872766,0,1
22.172619,1,1
18.84917,0,1
22.163525,1,1
18.866129,0,1
22.222586,1,1
18.871058,0,1
22.24059,1,1
18.892813,0,1
22.24241,1,1
18.852018,0,1
22.255377,1,1
18.885006,0,1
22.256742,1,1
18.86716,0,1
22.245783,1,1
8.251782,1,0
8.258309,1,0
8.258888,1,0
17.55793,0,0
8.299646,1,0
-16.168901,0,0
8.266025,1,0
-16.169834,0,0
8.297885,1,0
-16.15613,0,0
-16.224045,0,0
8.314678,1,0
-16.217411,0,0
8.301234,1,0
-16.195925,1,0
-16.166107,1,0
-16.19684,1,0
-16.189133,0,0
-12.5394125,1,0
2.7234728,0,1
-12.658452,1,1
2.7514627,0,1
-12.6395,1,1
2.7602456,0,1
-12.640586,1,1
2.7350702,0,1
-12.635642,1,1
-12.53829,1,1
2.7103438,0,1
-12.30524,1,1
2.721206,0,1
-12.16391,1,1
2.7027798,0,1
-12.173046,1,1
2.7150238,0,1
-12.167826,1,1
2.7425075,0,1
-12.167069,1,1
2.7031617,0,1
-12.166583,1,1
2.7017093,0,1
-12.195099,1,1
2.723237,0,1
-14.602085,0,0
9.09104,1,0
-14.556798,0,0
9.13352,1,0
-14.543816,1,0
-14.582434,0,0
9.158277,1,0
-14.584709,0,0
9.156069,1,0
-14.58738,0,0
9.162943,1,0
-14.590942,0,0
9.191283,1,0
-14.632842,0,0
9.194769,1,0
-14.604523,0,0
9.164228,1,0
-14.638147,0,0
9.177882,1,0
-14.614777,0,0
9.243051,1,0
-14.597847,0,0
9.1717825,1,0
-15.915569,0,1
22.072369,1,1
-15.961753,0,1
22.17169,1,1
-15.996162,0,1
22.214918,1,1
-16.002914,0,1
22.235985,1,1
-15.981244,0,1
22.2111,1,1
-16.00211,0,1
22.147692,1,1
-15.965017,0,1
22.130453,1,1
-15.968006,0,1
22.162367,1,1
-15.949353,0,1
22.196016,1,1
-15.917683,0,1
22.227066,1,1
-15.935819,0,1
22.233915,1,1
-15.956324,0,1
22.302502,1,1
8.249039,1,0
8.261417,1,0
8.237985,1,0
8.250386,1,0
8.250264,1,0
-16.217058,0,0
8.297339,1,0
-16.12061,0,0
8.286775,1,0
-16.197319,1,0
-16.184696,1,0
-16.164112,1,0
-16.203693,1,0
-16.22849,0,0
-12.655044,1,0
-12.616189,1,1
16.941343,0,1
-12.6312685,1,1
16.972584,0,1
-12.213019,1,1
16.935276,0,1
-12.300655,1,1
16.93711,0,1
-12.153899,1,1
16.93259,0,1
-12.14096,1,1
16.950562,0,1
-12.13923,1,1
16.95295,0,1
-12.133537,1,1
16.941767,0,1
-12.152905,1,1
16.949186,0,1
-12.146558,1,1
16.951359,0,1
-12.168729,1,1
16.927137,0,1
-12.174767,1,1
16.934132,0,1
-4.524114,1,0
-4.531494,0,0
9.015609,1,0
-4.5460496,0,0
9.096844,1,0
-4.5443873,1,0
-4.5295587,0,0
9.010086,1,0
-4.5217543,1,0
-4.536924,1,0
-4.5263114,1,0
-4.507413,1,0
-4.504748,1,0
-4.5086217,0,0
8.986164,1,0
-4.524458,1,0
-4.6689925,0,1
21.977394,1,1
-4.6579304,0,1
21.940828,1,1
-4.572114,1,1
-4.688356,0,1
22.111547,1,1
-4.613118,0,1
22.215858,1,1
-4.688963,0,1
22.084946,1,1
-4.693393,0,1
22.11324,1,1
-4.6071324,0,1
22.11393,1,1
-4.5923133,1,1
-4.684682,0,1
22.206009,1,1
-4.661114,0,1
22.235203,1,1
-4.703193,0,1
22.160667,1,1
24.26244,0,0
-12.671071,1,0
24.195358,0,0
-12.834715,1,0
24.229122,0,0
-12.844398,1,0
24.220818,0,0
-12.777917,1,0
24.269678,0,0
-12.771276,1,0
-12.800046,1,0
24.222178,0,0
-12.805438,1,0
24.23959,0,0
-12.809443,1,0
24.245388,0,0
-12.755542,1,0
24.221195,0,0
-12.71389,1,0
24.254566,0,0
24.235233,0,0
-12.729775,1,0
24.237017,0,0
-12.746791,1,0
-12.639387,1,1
17.07479,0,1
17.033175,0,1
-12.606436,1,1
17.064472,1,1
17.078041,1,1
17.085333,1,1
17.075819,0,1
-12.131104,1,1
17.067932,0,1
-12.100182,1,1
17.102283,0,1
-12.180906,1,1
17.088976,0,1
-12.13952,1,1
-12.294041,1,1
17.112814,0,1
17.076153,0,1
-12.257784,1,1
-12.235362,1,1
17.029585,0,1
-4.5318017,0,0
8.988873,1,0
-4.5145664,0,0
8.983388,1,0
-4.548373,1,0
-4.5497127,1,0
-4.547398,1,0
-4.558298,1,0
8.962672,1,0
-4.532459,0,0
8.948328,1,0
-4.557541,0,0
-4.563309,0,0
8.914271,1,0
8.923697,1,0
-4.572486,0,0
8.963196,1,0
-4.5400743,0,0
8.951897,1,0
-4.4870377,0,0
21.903543,1,1
-4.691997,0,1
21.901203,1,1
-4.6465,0,1
21.901825,1,1
-4.7026668,0,1
21.959328,1,1
-4.7229033,0,1
21.965097,1,1
-4.6666026,0,1
21.93524,1,1
-4.7092137,0,1
21.887974,1,1
-4.708129,0,1
21.875126,1,1
-4.696145,0,1
21.919735,1,1
-4.652534,0,1
-4.704667,0,1
21.85912,1,1
21.912106,1,1
-4.744001,0,1
-4.683353,0,1
22.021513,1,1
-16.1431,0,0
-12.624764,1,0
-16.225946,0,0
-12.658747,1,0
-16.16557,0,0
-12.683901,1,0
-16.178228,0,0
-12.765027,1,0
-16.177803,0,0
-12.7808275,1,0
17.622791,0,0
-12.83622,1,0
-16.193047,0,0
-12.810178,1,0
-16.177557,0,0
-12.796136,1,0
17.658632,0,0
-12.78267,1,0
-12.773876,1,0
-16.168348,0,0
-12.721672,1,0
-16.205637,0,0
-12.735401,1,0
-16.200397,0,0
-12.547527,1,1
2.7929091,0,1
-12.392506,1,1
2.68652,0,1
-12.361918,1,1
2.7524974,0,1
-12.315724,1,1
2.6934073,0,1
-12.258258,1,1
2.7022586,0,1
-12.222022,1,1
2.7390172,0,1
-12.2172365,1,1
2.728292,0,1
-12.181915,1,1
2.7562137,0,1
-12.240755,1,1
2.7349198,0,1
-12.239596,1,1
2.713103,0,1
-12.209994,1,1
2.714774,0,1
-12.217612,1,1
2.7138076,0,1
-6.5071893,0,0
8.980844,1,0
-6.538577,0,0
8.949211,1,0
-6.4872046,0,0
8.942579,1,0
-6.5402765,0,0
8.938419,1,0
8.966203,1,0
-6.4804206,0,0
8.942924,1,0
-6.4759645,0,0
8.947721,1,0
-6.4043055,0,0
8.92702,1,0
-6.41826,0,0
8.950472,1,0
-6.4151063,0,0
8.918496,1,0
-6.4235144,0,0
8.927458,1,0
-6.458293,0,0
8.96507,1,0
-6.474789,0,0
21.959595,1,1
-6.440032,0,1
-6.458408,0,1
21.914982,1,1
-6.4452887,0,1
21.99651,1,1
22.021044,1,1
-6.4437838,0,1
22.035946,1,1
-6.447081,0,1
-6.4423547,0,1
22.002726,1,1
-6.454469,0,1
21.872145,1,1
-6.4611835,0,1
21.916456,1,1
-6.4404078,0,1
21.926857,1,1
-6.464431,0,1
21.9415,1,1
-6.4414215,0,1
21.946123,1,1
-6.4308643,0,1
21.98229,1,1
17.606287,0,0
-12.665897,1,0
17.617065,0,0
-12.776481,1,0
17.59714,1,0
17.668844,0,0
-12.829503,1,0
-12.845307,1,0
17.602392,0,0
-12.846567,1,0
17.60515,0,0
-12.854884,1,0
17.614367,0,0
-12.845963,1,0
17.615593,0,0
-12.813582,1,0
17.603834,0,0
-12.815269,1,0
17.588398,0,0
17.60232,0,0
-12.830684,1,0
17.555416,0,0
-12.816794,1,0
-12.608513,1,1
17.506489,0,1
-12.482096,1,1
17.49194,0,1
-12.3898325,1,1
17.473333,0,1
-12.196696,1,1
17.450714,0,1
-12.16647,1,1
17.482769,0,1
-12.19567,1,1
17.4663,0,1
-12.327566,1,1
17.457014,0,1
-12.3146305,1,1
17.469088,0,1
-12.344524,1,1
17.473751,0,1
-12.264905,1,1
17.474482,0,1
-12.176504,1,1
17.47001,0,1
-12.142195,1,1
17.409218,0,1
5.8201637,1,0
5.8141775,1,0
5.777461,1,0
5.7724504,1,0
5.7442207,1,0
4.168134,0,0
5.7471414,1,0
4.2939696,0,0
5.7233624,1,0
4.193084,0,0
5.7001863,1,0
5.7171707,1,0
4.310922,0,0
5.528122,1,0
4.54375,0,0
5.4532285,1,0
4.857635,0,0
5.5122633,1,0
4.7603903,0,0
5.38684,1,1
5.0993805,0,1
5.3209267,1,1
5.120433,0,1
5.303715,1,1
5.0081334,0,1
5.267829,1,1
5.029034,0,1
5.2788954,1,1
5.1288805,0,1
5.286292,1,1
5.0193934,0,1
5.2967796,1,1
5.2355857,1,1
4.589852,0,1
5.2498407,1,1
4.5593624,0,1
5.278354,1,1
4.5129914,0,1
5.2581887,1,1
4.6351013,0,1
5.2755547,1,1
4.842884,0,1
4.9963865,1,0
4.9330053,1,0
4.839891,0,0
5.929525,1,0
5.8890615,1,0
5.9578767,1,0
5.198387,0,0
5.9469743,1,0
-27.502203,0,0
6.0050516,1,0
-27.511456,0,0
8.215363,1,0
-27.511106,0,0
8.380138,1,0
-27.498096,0,0
8.468022,1,0
-27.510006,0,0
8.708415,1,0
-27.53019,0,0
8.88026,1,0
-27.527157,0,0
10.360825,1,1
22.780634,0,1
10.387763,1,1
22.744267,0,1
10.547635,1,1
22.737999,0,1
10.765404,1,1
22.823568,0,1
10.634254,1,1
22.753605,0,1
10.746834,1,1
22.816797,0,1
10.703204,1,1
22.781994,0,1
10.798899,1,1
22.821323,0,1
10.812666,1,1
22.839048,0,1
10.791018,1,1
22.766184,0,1
10.795584,1,1
22.812141,0,1
10.809078,1,1
22.786404,0,1
4.9695125,1,0
5.0045257,1,0
5.2179074,1,0
5.325393,1,0
4.180525,0,0
4.149173,0,0
5.4049253,1,0
5.4562116,1,0
4.12714,0,0
5.5012155,1,0
4.175737,0,0
5.3884664,1,0
4.140083,0,0
5.34585,1,0
4.1387796,0,0
5.395051,1,0
4.128441,0,0
5.44713,1,0
4.1565166,0,0
5.479287,1,0
4.147189,0,0
4.7567163,0,0
5.599785,1,0
4.668833,0,0
5.751244,1,0
4.708322,0,0
5.8604846,1,0
4.7076793,0,0
5.8506866,1,0
4.6462474,0,0
5.9487147,1,0
6.0165606,1,0
4.660437,0,0
8.1966505,1,0
4.6966667,0,0
8.375213,1,0
4.738375,0,0
4.6493955,0,0
8.45203,1,0
8.563097,1,0
4.7526712,0,0
4.7514687,0,0
8.744803,1,0
4.7509036,0,0
9.004904,1,0
10.241206,1,1
22.939404,0,1
10.286465,1,1
22.956205,0,1
10.259744,1,1
22.926857,0,1
22.952051,0,1
10.313107,1,1
10.515813,1,1
22.953718,0,1
10.675174,1,1
22.94227,0,1
10.965668,1,1
22.956345,0,1
10.949699,1,1
22.953444,0,1
10.955477,1,1
22.951876,0,1
10.967602,1,1
22.97385,0,1
22.944899,0,1
10.966115,1,1
22.956352,0,1
10.929831,1,1
4.8380585,1,0
4.8458633,1,0
4.8950443,1,0
4.9110556,1,0
4.9195642,1,0
4.947481,1,0
4.9074125,1,0
4.933094,1,0
4.980007,1,0
5.0266385,1,0
5.110012,1,0
5.204776,1,0
5.0663047,0,0
5.8975906,1,0
5.15873,0,0
5.8932476,1,0
5.127124,0,0
5.8809867,1,0
4.953741,1,0
4.9517183,0,0
5.9129333,1,0
5.9430876,1,0
4.944691,0,0
6.0126414,1,0
4.822955,0,0
5.945679,1,0
4.7709236,0,0
6.0297356,1,0
4.7251678,0,0
8.336979,1,0
4.6681128,0,0
8.411275,1,0
4.7085366,0,0
8.438543,1,0
4.649717,0,0
10.343522,1,1
4.350744,0,1
4.363501,0,1
10.374202,1,1
10.314708,1,1
4.3381314,0,1
10.335411,1,1
4.3022346,0,1
10.571351,1,1
4.313142,0,1
10.681463,1,1
4.340936,0,1
10.645828,1,1
4.292802,0,1
10.728627,1,1
4.3250203,0,1
10.803708,1,1
4.389234,0,1
10.806717,1,1
4.434868,0,1
10.797423,1,1
4.3600283,0,1
10.810947,1,1
4.372406,0,1
5.7485466,1,0
5.4249935,1,0
5.4041963,1,0
5.4056745,1,0
5.5312953,1,0
5.553633,1,0
5.6316576,1,0
5.573619,1,0
5.257547,0,0
5.5563803,1,0
5.5649624,1,0
5.53183,1,0
5.5252504,1,0
4.9289007,0,0
5.938781,1,0
-26.192713,0,0
5.95477,1,0
-26.205437,0,0
5.933541,1,0
-26.215885,0,0
6.0025015,1,0
6.038808,1,0
-26.205069,0,0
8.413386,1,0
-26.220688,0,0
8.38627,1,0
-26.20141,0,0
-26.194307,0,0
8.549492,1,0
-26.219446,0,0
8.827887,1,0
-26.195951,0,0
9.028419,1,0
-26.1833,0,0
9.982386,1,0
-26.18129,0,0
10.103467,1,0
-26.040527,0,1
10.267321,1,1
-26.038551,0,1
10.26784,1,1
-26.021536,0,1
10.632143,1,1
-26.000433,0,1
10.740077,1,1
-26.008123,0,1
10.935048,1,1
-25.979351,0,1
10.935005,1,1
-25.989801,0,1
10.940995,1,1
-25.971453,0,1
10.962353,1,1
-25.96702,0,1
10.936278,1,1
-25.981575,0,1
10.970785,1,1
-25.957926,0,1
10.955471,1,1
-25.97027,0,1
10.929442,1,1
5.3883076,1,0
4.11618,0,0
5.341175,1,0
4.0705037,0,0
5.422466,1,0
4.1579776,0,0
5.6546445,1,0
4.201803,0,0
5.5992284,1,0
4.0945168,0,0
5.590954,1,0
4.1912785,0,0
5.5788364,1,0
4.091008,0,0
5.4549203,1,0
4.0483346,0,0
5.504727,1,0
4.081716,0,0
5.5049686,1,0
4.05976,0,0
5.50672,1,0
4.061434,0,0
5.5078535,1,0
4.067012,0,0
5.5102,1,1
3.999538,0,1
5.4666457,1,1
3.9972446,0,1
5.463119,1,1
3.9934907,0,1
5.460568,1,1
3.9942589,0,1
5.471477,1,1
3.9925861,0,1
5.5157385,1,1
4.0602193,0,1
5.2343993,1,1
4.0538077,0,1
5.2137194,1,1
4.0104427,0,1
5.31827,1,1
4.015651,0,1
5.1152782,1,1
3.9970238,0,1
5.2013497,1,1
4.0342717,0,1
5.221306,1,1
4.0683303,0,1
6.046245,1,0
-27.485136,0,0
6.1149993,1,0
-27.533274,0,0
8.404065,1,0
-27.536451,0,0
8.549846,1,0
-27.527164,0,0
8.795755,1,0
-27.514704,0,0
9.146558,1,0
-27.535938,0,0
-27.52441,0,0
9.392617,1,0
10.159251,1,0
-27.519882,0,0
10.142481,1,0
-27.518679,0,0
10.136175,1,0
-27.510769,0,0
10.121108,1,0
-27.494957,0,0
10.045226,1,0
-27.56556,0,0
10.326478,1,1
22.730139,0,1
10.350977,1,1
22.731094,0,1
10.654849,1,1
22.701801,0,1
10.654783,1,1
22.729786,0,1
10.658797,1,1
22.730082,0,1
10.714082,1,1
22.72346,0,1
10.709163,1,1
22.713629,0,1
10.736472,1,1
22.739193,0,1
10.747927,1,1
22.725594,0,1
22.718678,0,1
10.777894,1,1
10.780235,1,1
-27.5016,0,1
10.776494,1,1
-27.541288,0,1
5.077287,1,0
-23.319756,0,0
5.2339506,1,0
-23.326637,0,0
6.1848273,1,0
-23.347507,0,0
6.282212,1,0
-23.333248,0,0
-23.347406,0,0
5.467335,1,0
-23.32178,1,0
-23.333326,1,0
-23.312778,1,0
-23.34338,1,0
-15.537984,0,0
-23.330814,0,0
-15.586606,1,0
-23.361547,0,0
-15.604143,1,0
-23.310732,0,0
-15.596294,1,0
-23.301613,0,1
-3.9779534,1,1
-23.274046,0,1
-4.001332,1,1
-23.307234,0,1
-4.016324,1,1
-23.276543,0,1
-3.9410949,1,1
-23.261951,0,1
-3.9346294,1,1
-3.913334,1,1
-23.281532,0,1
-3.996725,1,1
-23.293272,0,1
-3.9694843,1,1
-23.26978,0,1
-4.1136084,1,1
-23.279535,0,1
-4.1634645,1,1
-23.284824,0,1
-4.159395,1,1
-23.271597,0,1
-4.180339,1,1
-23.288713,0,1
0.36588973,0,0
-18.983606,1,0
0.3664793,0,0
-19.148874,1,0
0.37033984,0,0
-19.292244,1,0
0.3558169,0,0
-19.323383,1,0
0.3846701,0,0
-19.367855,1,0
0.35474393,0,0
-19.435713,1,0
0.31716582,0,0
-19.343971,1,0
0.41629085,0,0
-19.40932,1,0
0.36741185,0,0
-19.315943,1,0
0.40554863,0,0
-19.4189,1,0
0.33059913,0,0
-19.42304,1,0
0.35976845,0,0
-19.386103,1,0
0.48720294,0,1
7.606043,1,1
0.52676743,0,1
7.58207,1,1
0.53846496,0,1
7.602207,1,1
0.4972656,0,1
7.5956597,1,1
0.47672677,0,1
7.568236,1,1
0.5145506,0,1
7.5791254,1,1
0.51424336,0,1
7.5793657,1,1
0.5262489,0,1
7.606444,1,1
0.53050756,0,1
7.5812197,1,1
0.5193886,0,1
7.5602436,1,1
0.5590078,0,1
7.569477,1,1
0.49759802,0,1
7.585754,1,1
16.3338,1,0
16.33806,1,0
16.344175,0,0
-15.518807,1,0
16.320965,0,0
-15.553241,1,0
16.332045,0,0
-15.581817,1,0
16.33948,0,0
-15.63891,1,0
-15.590377,1,0
16.325954,0,0
-15.5933275,1,0
16.27451,0,0
-15.5839615,1,0
16.324682,0,0
16.318987,0,0
-15.610149,1,0
16.33138,0,0
-15.639439,1,0
16.330688,0,0
-15.580975,1,0
16.313303,0,1
-3.8886018,1,1
-3.8281908,1,1
16.304531,0,1
-3.8797705,1,1
16.337492,0,1
16.354103,0,1
-3.9658995,1,1
-3.9494045,1,1
16.348307,0,1
-3.960945,1,1
16.331507,0,1
16.333834,0,1
-3.934845,1,1
16.335579,0,1
-3.9617388,1,1
16.323792,0,1
-3.9789786,1,1
16.345055,0,1
-4.1390758,1,1
16.32898,0,1
-4.122809,1,1
16.306662,0,1
-4.0613356,1,1
0.22712585,0,0
-18.693497,1,0
0.19319203,0,0
-18.557423,1,0
0.18076804,0,0
-18.530804,1,0
0.16259381,0,0
-18.521582,1,0
0.12837037,0,0
-18.561829,1,0
0.21118529,0,0
-18.551348,1,0
0.1714287,0,0
-18.56723,1,0
0.25682598,0,0
-18.526365,1,0
0.16111317,0,0
-18.51616,1,0
0.10236873,0,0
-18.52137,1,0
0.20812705,0,0
34.704037,1,0
0.21977296,0,0
34.67562,1,0
23.373323,0,1
-18.737732,1,1
23.388556,0,1
-18.776701,1,1
23.393406,0,1
-18.979044,1,1
23.400976,0,1
-18.986956,1,1
23.38948,0,1
-18.94285,1,1
23.359453,0,1
-19.00949,1,1
23.357805,0,1
-19.013107,1,1
23.369122,0,1
-19.051693,1,1
23.369867,0,1
-18.993042,1,1
23.369892,0,1
-19.028076,1,1
23.379522,0,1
-19.036804,1,1
23.368538,0,1
-19.060665,1,1
-18.069324,0,0
5.325971,1,0
5.3846602,0,0
-18.07019,1,0
-18.04967,1,0
-18.067017,0,0
-15.51472,1,0
-18.033392,0,0
-15.53257,1,0
-18.11724,1,0
-3.926734,0,0
-18.06578,0,0
-15.558685,1,0
-30.98673,1,0
-18.056564,0,0
-30.993803,1,0
-18.071299,0,0
-31.010574,1,0
-18.05367,0,0
-30.984598,1,0
-18.064709,0,0
-18.080029,0,0
-15.564265,1,0
-3.8940575,1,1
-18.068739,0,1
-3.8712494,1,1
-18.077198,0,1
-3.857102,1,1
-18.083197,0,1
-3.8783371,1,1
-18.085846,0,1
-3.791576,1,1
-18.062548,0,1
-3.8116605,1,1
-18.09846,0,1
-3.8857143,1,1
-18.09856,0,1
-3.8518512,1,1
-18.073101,0,1
-3.8831215,1,1
-18.120947,0,1
-3.9114146,1,1
-18.12964,0,1
-4.0540314,1,1
-18.105038,0,1
-3.9975326,1,1
-18.090479,0,1
0.17326753,0,0
-18.558542,1,0
0.19862805,0,0
-18.478764,1,0
0.13967314,0,0
-18.530638,1,0
0.20838195,0,0
-18.57519,1,0
0.11851978,0,0
-18.574652,1,0
0.19403318,0,0
-18.569849,1,0
0.17157172,0,0
-18.539284,1,0
0.17430477,0,0
-18.528124,1,0
0.20820011,0,0
34.679024,1,0
0.21247995,0,0
34.69425,1,0
0.2080998,0,0
34.6059,1,0
0.24381813,0,0
34.662445,1,0
23.381765,0,1
-18.754705,1,1
23.364017,0,1
-19.057894,1,1
23.382416,0,1
-18.993032,1,1
23.37964,0,1
-18.972412,1,1
23.38216,0,1
-18.998508,1,1
23.383926,0,1
-19.029644,1,1
23.378336,0,1
-19.00902,1,1
23.421799,0,1
-18.991241,1,1
23.38563,0,1
-19.051481,1,1
23.359125,0,1
-19.099228,1,1
23.396486,0,1
-19.01059,1,1
23.360525,0,1
-19.069445,1,1
12.017058,1,0
-15.524729,0,0
11.994485,0,0
-15.540907,1,0
11.975111,0,0
-15.559746,1,0
11.978984,0,0
-15.5665045,1,0
11.984582,0,0
-15.585703,1,0
11.947366,0,0
-15.604056,1,0
11.9669,0,0
-15.609563,1,0
11.978259,0,0
-15.622141,1,0
11.959727,0,0
-15.615683,1,0
11.961206,0,0
-15.619242,1,0
11.966574,0,0
-15.621768,1,0
11.963831,0,0
-15.631165,1,0
-3.858502,1,1
-11.834472,0,1
-3.8586361,1,1
-11.843488,0,1
-4.008041,1,1
-11.828261,0,1
-3.9049835,1,1
-11.856334,0,1
-3.9728925,1,1
-11.85518,0,1
-3.8829007,1,1
-11.836171,0,1
-4.005054,1,1
-11.869409,0,1
-11.8595915,0,1
-4.0055876,1,1
-11.851532,0,1
-4.064789,1,1
-11.818838,0,1
-4.0485163,1,1
-11.826571,0,1
-4.0564094,1,1
-11.821099,0,1
-4.068691,1,1
0.19838688,0,0
1.3045822,1,0
0.23197532,0,0
1.3022702,1,0
0.17166705,0,0
1.3277699,1,0
-0.011986119,0,0
1.3116324,1,0
-0.031046527,0,0
1.3577039,1,0
-0.08306899,0,0
1.378782,1,0
-0.063662685,0,0
1.3690627,1,0
-0.06302748,0,0
1.3765352,1,0
-0.10015611,0,0
1.3978612,1,0
-0.06508303,0,0
1.354964,1,0
-0.05311791,0,0
1.3845936,1,0
-0.048785124,0,0
1.3502692,1,0
-0.9704313,0,1
-19.204002,1,1
-0.9700906,0,1
-19.144888,1,1
-0.9475398,0,1
-19.215776,1,1
-0.97187036,0,1
-19.005472,1,1
-0.976831,0,1
-19.18755,1,1
-0.9756737,0,1
-19.676445,1,1
-0.9566731,0,1
-19.259745,1,1
-0.98055565,0,1
-19.283354,1,1
-0.9939573,0,1
-19.274227,1,1
-0.9353313,0,1
-19.329313,1,1
-0.9472403,0,1
-19.362654,1,1
-0.98483175,0,1
-19.259197,1,1
6.127119,1,0
11.901197,0,0
11.917557,0,0
6.258747,1,0
11.9117155,0,0
6.303207,1,0
11.897181,0,0
6.161334,1,0
11.989421,1,0
5.3898845,0,0
11.986999,1,0
11.962144,1,0
11.940477,0,0
-15.52589,1,0
11.932442,1,0
-15.543388,0,0
11.996894,1,0
-15.544008,0,0
11.928587,0,0
-15.559653,1,0
11.935608,0,0
-15.547552,1,0
-11.713518,0,1
-15.552474,1,1
-11.764219,0,1
-31.021252,1,1
-11.67596,0,1
-31.011417,1,1
-11.705829,0,1
-30.998037,1,1
-11.690891,0,1
-3.9116392,1,1
-4.044329,1,1
-11.742203,0,1
-3.8820465,1,1
-11.745674,0,1
-11.746409,0,1
-4.0737023,1,1
-4.091633,1,1
-11.765968,0,1
-4.122155,1,1
-11.709424,0,1
-11.730175,0,1
-4.054158,1,1
-4.092233,1,1
-11.692894,0,1
0.14254016,1,0
0.10168708,1,0
0.20134854,0,0
-18.91239,1,0
0.17778549,0,0
-18.449615,1,0
-0.06918228,0,0
-18.518211,1,0
0.0015223746,0,0
-18.551529,1,0
-18.482065,1,0
-0.1368172,0,0
-0.13789389,0,0
-18.48683,1,0
-18.49277,1,0
-0.14946122,0,0
-0.20050445,0,0
-18.519514,1,0
-18.514816,1,0
-0.21706127,0,0
-0.16027953,0,0
-18.540508,1,0
-0.84404314,0,1
-18.82923,1,1
-0.89334697,0,1
-18.788242,1,1
-0.9042074,0,1
-18.90407,1,1
-0.89991033,0,1
-18.94884,1,1
-0.8125943,0,1
-18.868969,1,1
-0.91081387,0,1
-18.895502,1,1
-0.8820581,0,1
-18.914537,1,1
-0.9315201,0,1
-18.931053,1,1
-0.90055346,0,1
-18.92002,1,1
-0.9023091,0,1
-18.936432,1,1
-0.88559306,0,1
-18.927555,1,1
-0.87193465,0,1
-18.898752,1,1
-4.9968376,0,0
31.523289,1,0
-5.016839,0,0
31.499607,1,0
-4.9711237,0,0
31.540445,1,0
-5.008346,0,0
31.519184,1,0
-5.025722,0,0
31.524126,1,0
-5.0060263,0,0
31.510805,1,0
31.527515,1,0
-5.0311837,0,0
-4.99802,0,0
31.539568,1,0
-5.0338907,0,0
31.520018,1,0
-5.027652,0,0
31.529526,1,0
-4.976015,0,0
31.510601,1,0
-5.0294547,0,0
31.54184,1,0
-41.461952,0,1
26.573969,1,1
-41.46123,0,1
26.5674,1,1
-41.462055,0,1
26.583536,1,1
-41.463577,0,1
26.572128,1,1
-41.461567,0,1
26.560448,1,1
-41.46158,0,1
26.579746,1,1
-41.462444,0,1
26.557535,1,1
-41.46181,0,1
26.597195,1,1
-41.461613,0,1
26.569834,1,1
-41.461514,0,1
26.590258,1,1
-41.461895,0,1
26.567991,1,1
-41.461967,0,1
26.574976,1,1
-37.239815,0,0
-25.45612,1,0
-37.24561,0,0
-25.484274,1,0
-37.24398,0,0
-25.516333,1,0
-37.24396,0,0
-25.489592,1,0
-37.24467,0,0
-25.486423,1,0
-37.25761,0,0
-25.46478,1,0
-37.243595,0,0
-25.490124,1,0
-37.23635,0,0
-25.49891,1,0
-37.244873,0,0
-25.474447,1,0
-37.23884,0,0
-25.457579,1,0
-37.243454,0,0
-25.450909,1,0
-37.238785,0,0
-25.399673,1,0
20.323006,0,1
-36.64065,1,1
20.34092,0,1
-36.635876,1,1
20.331526,0,1
-36.635933,1,1
20.334295,0,1
-36.636963,1,1
20.327427,0,1
-36.640717,1,1
20.317406,0,1
-36.643005,1,1
20.316063,0,1
-36.645382,1,1
20.322613,0,1
-36.65086,1,1
20.328932,0,1
-36.639885,1,1
20.320683,0,1
-36.651287,1,1
20.303963,0,1
-36.63791,1,1
20.322264,0,1
-36.646614,1,1
14.328494,0,0
24.146381,1,0
14.360093,0,0
24.13704,1,0
14.357568,0,0
24.145292,1,0
14.36119,0,0
24.138348,1,0
14.345174,0,0
24.153894,1,0
14.305426,0,0
24.127583,1,0
14.317539,0,0
24.14453,1,0
14.305885,0,0
24.146307,1,0
14.363679,0,0
24.1472,1,0
14.332791,0,0
24.140879,1,0
14.320607,0,0
24.152147,1,0
14.316141,0,0
24.141382,1,0
-13.098385,0,1
-33.954704,1,1
-13.102379,0,1
-33.954483,1,1
-13.126826,0,1
-33.955437,1,1
-13.092225,0,1
-33.94617,1,1
-13.118451,0,1
-33.942955,1,1
-13.067335,0,1
-33.96,1,1
-13.046412,0,1
-33.95199,1,1
-13.037257,0,1
-33.953587,1,1
-13.005998,0,1
-33.969948,1,1
-13.060483,0,1
-33.956604,1,1
-13.009582,0,1
-33.947605,1,1
-13.027184,0,1
-33.960228,1,1
24.49486,0,0
-25.391144,1,0
24.483536,0,0
-25.360151,1,0
24.444904,0,0
-25.348902,1,0
24.46512,0,0
-25.350416,1,0
24.498287,0,0
-25.41751,1,0
24.46732,0,0
-25.370401,1,0
24.467213,0,0
-25.342587,1,0
24.519392,0,0
-25.369452,1,0
24.470127,0,0
-25.387203,1,0
24.4755,0,0
-25.36515,1,0
24.54573,0,0
-25.383636,1,0
24.487686,0,0
-25.380814,1,0
-8.171133,0,1
44.173477,1,1
-8.175192,0,1
44.173862,1,1
-8.180271,0,1
44.17484,1,1
-8.15817,0,1
44.17406,1,1
-8.160707,0,1
44.174995,1,1
-8.159654,0,1
44.172565,1,1
-8.135633,0,1
44.174713,1,1
-8.150508,0,1
44.17287,1,1
-8.18963,0,1
44.16276,1,1
-8.137516,0,1
44.173492,1,1
-8.150707,0,1
44.179684,1,1
-8.151849,0,1
44.178844,1,1
7.941378,1,0
-16.490526,0,0
-16.496706,0,0
7.892526,1,0
7.917877,1,0
-16.499876,0,0
-16.489803,0,0
7.912864,1,0
-16.509747,0,0
7.919664,1,0
-16.466757,0,0
7.9722376,1,0
-16.514322,0,0
7.9604635,1,0
-16.492128,0,0
7.9711633,1,0
-16.53303,0,0
7.9758167,1,0
-16.503426,0,0
7.997317,1,0
-16.504753,0,0
7.9941697,1,0
-16.509893,0,0
7.984289,1,0
25.34806,0,1
23.763355,1,1
25.37633,0,1
23.79339,1,1
25.358034,0,1
23.752768,1,1
25.351862,0,1
23.780476,1,1
-34.45757,1,1
25.40526,0,1
25.391626,0,1
-34.44013,1,1
25.366447,0,1
-34.450924,1,1
25.343336,0,1
-34.440746,1,1
25.349886,0,1
-34.44665,1,1
-34.437763,1,1
25.372412,0,1
-34.44867,1,1
25.344452,0,1
-34.462116,1,1
25.35509,0,1
25.887157,0,0
1.587181,1,0
25.842718,0,0
1.6028432,1,0
25.856606,0,0
1.6084168,1,0
25.839851,0,0
1.5872867,1,0
25.8622,0,0
1.5951116,1,0
25.859491,0,0
1.6064674,1,0
25.861305,0,0
1.6031287,1,0
25.857723,0,0
1.5829632,1,0
25.841097,0,0
1.5937872,1,0
25.826597,0,0
1.5850122,1,0
25.830843,0,0
1.5874687,1,0
25.884186,0,0
1.6044105,1,0
35.580902,0,1
2.4529986,1,1
35.588432,0,1
2.4192698,1,1
35.581337,0,1
2.398004,1,1
35.59442,0,1
2.4239526,1,1
35.57961,0,1
2.445975,1,1
2.4382918,1,1
35.577015,0,1
2.446927,1,1
35.580322,0,1
2.4184425,1,1
35.577118,0,1
2.4264505,1,1
35.572517,0,1
2.416736,1,1
35.578167,0,1
2.4057107,1,1
35.57981,0,1
2.410833,1,1
35.56865,0,1
-16.488798,0,0
7.952402,1,0
7.9077387,1,0
-16.47559,0,0
-16.509947,0,0
7.8849607,1,0
-16.474535,0,0
7.9086065,1,0
-16.544754,0,0
7.9396,1,0
-16.551603,0,0
7.9091773,1,0
-16.517828,0,0
7.943067,1,0
-16.477219,0,0
7.984776,1,0
-16.494446,0,0
7.9632463,1,0
-16.509373,0,0
7.985237,1,0
-16.503397,0,0
7.981919,1,0
-16.510777,0,0
7.9696727,1,0
25.34886,0,1
23.778774,1,1
25.350327,0,1
23.771236,1,1
25.383102,0,1
-34.45057,1,1
25.370665,0,1
-34.44583,1,1
25.366776,0,1
-34.442886,1,1
25.329494,0,1
-34.4377,1,1
25.343645,0,1
-34.457535,1,1
-34.464706,1,1
25.321077,0,1
-34.48083,1,1
25.341978,0,1
-34.469208,1,1
25.362034,0,1
-34.463497,1,1
25.362934,0,1
-34.428436,1,1
25.347097,0,1
25.874617,0,0
1.5767055,1,0
25.86783,0,0
1.5916028,1,0
25.855486,0,0
1.5584632,1,0
25.875166,0,0
1.5965425,1,0
25.865604,0,0
1.5748104,1,0
25.869354,0,0
1.6394941,1,0
25.874226,0,0
1.5691179,1,0
25.842022,0,0
1.5699507,1,0
25.87804,0,0
1.5830964,1,0
25.826445,0,0
1.6006706,1,0
25.860868,0,0
1.5543305,1,0
25.832296,0,0
1.5955769,1,0
35.80625,0,1
2.410692,1,1
35.816494,0,1
2.4095497,1,1
35.823906,0,1
2.4070683,1,1
35.83903,0,1
2.421344,1,1
35.854187,0,1
2.40902,1,1
35.83184,0,1
2.418469,1,1
35.8119,0,1
2.4245226,1,1
35.825104,0,1
2.36321,1,1
35.807228,0,1
2.4164968,1,1
35.79347,0,1
2.379487,1,1
35.830254,0,1
2.4410644,1,1
35.798054,0,1
2.3815036,1,1
9.547167,0,0
7.9066906,1,0
9.514843,0,0
7.901284,1,0
9.562989,0,0
7.9484406,1,0
7.916822,1,0
9.555951,0,0
9.562543,0,0
7.8630524,1,0
9.5457735,0,0
7.9019337,1,0
9.534754,0,0
7.9191995,1,0
9.546761,0,0
7.9370494,1,0
7.911023,1,0
9.555038,0,0
9.521066,0,0
7.8957725,1,0
9.489169,0,0
7.881356,1,0
9.497938,0,0
7.9284477,1,0
9.535807,0,1
23.779701,1,1
9.517514,0,1
23.77853,1,1
9.524725,0,1
23.804115,1,1
9.526006,0,1
23.809101,1,1
9.528881,0,1
23.832388,1,1
9.539144,0,1
23.838686,1,1
9.538038,0,1
23.824394,1,1
9.550283,0,1
23.82973,1,1
9.544299,0,1
23.828703,1,1
9.528793,0,1
23.824049,1,1
9.528966,0,1
23.81293,1,1
9.569399,0,1
23.82948,1,1
-28.433193,1,0
17.29481,0,0
-28.411993,1,0
17.28328,0,0
-28.410921,1,0
17.27294,0,0
-28.401884,1,0
17.280535,0,0
-28.416677,1,0
17.271292,0,0
-28.416195,1,0
17.298344,0,0
17.293005,0,0
-28.42072,1,0
17.283148,0,0
-28.421665,1,0
17.313457,0,0
-28.42219,1,0
17.324833,0,0
-28.418694,1,0
17.30285,0,0
-28.41705,1,0
17.292715,0,0
-28.437151,1,0
18.420532,1,1
-6.226086,0,1
18.43882,1,1
-6.2266927,0,1
18.379416,1,1
-6.2979507,0,1
18.45328,1,1
-6.2318335,0,1
18.41426,1,1
-6.2480264,0,1
18.435196,1,1
-6.225574,0,1
18.404482,1,1
-6.287873,0,1
18.404692,1,1
-6.2438526,0,1
18.439842,1,1
-6.1993403,0,1
18.43804,1,1
-6.272415,0,1
18.414696,1,1
-6.2412367,0,1
18.434675,1,1
-6.2301426,0,1
35.072956,0,0
-30.89427,1,0
35.063625,0,0
-30.804985,1,0
35.07187,0,0
-30.82464,1,0
35.0701,0,0
-30.783588,1,0
35.07957,0,0
-30.791077,1,0
35.109695,0,0
-30.784248,1,0
35.058083,0,0
-30.782042,1,0
35.058224,0,0
-30.793728,1,0
35.092724,0,0
-30.787699,1,0
35.072712,0,0
-30.783257,1,0
35.058434,0,0
-30.79004,1,0
35.117012,0,0
-30.823502,1,0
-20.5353,0,0
-7.5672307,1,0
-20.535797,0,0
-7.6391616,1,0
-20.51279,0,0
-7.5922003,1,0
-20.53398,0,0
-7.6028748,1,0
-20.568079,0,0
-7.582902,1,0
-20.556759,0,0
-7.601873,1,0
-20.558603,0,0
-7.6429563,1,0
-20.533295,0,0
-7.6484785,1,0
-20.541891,0,0
-7.6233993,1,0
-20.507362,0,0
-7.5980268,1,0
-20.53412,0,0
-7.6546426,1,0
-20.538769,0,0
-7.634157,1,0
-20.508755,0,1
12.938854,1,1
-20.512615,0,1
12.930295,1,1
-20.533554,0,1
12.915393,1,1
-20.540075,0,1
12.929271,1,1
-20.545076,0,1
12.933025,1,1
-20.533646,0,1
12.951798,1,1
-20.51917,0,1
12.908719,1,1
-20.537527,0,1
12.845111,1,1
-20.542702,0,1
12.910714,1,1
-20.518326,0,1
12.910765,1,1
-20.532463,0,1
12.997567,1,1
-20.52003,0,1
12.883775,1,1
1.101661,0,0
-31.638178,1,0
1.1502873,0,0
-31.637815,1,0
1.0718428,0,0
-31.661379,1,0
1.1214331,0,0
-31.628658,1,0
1.1217731,0,0
-31.601498,1,0
1.0791346,0,0
-31.65078,1,0
1.1183978,0,0
-31.612633,1,0
1.0846602,0,0
-31.617157,1,0
1.0738369,0,0
-31.59302,1,0
1.0633111,0,0
-31.610529,1,0
1.1012866,0,0
-31.5743,1,0
1.1080347,0,0
-31.488192,1,0
-13.872514,0,1
-14.143168,1,1
-13.8429165,0,1
-14.146276,1,1
-13.862698,0,1
-14.1430435,1,1
-13.841353,0,1
-14.187831,1,1
-13.852799,0,1
-14.197984,1,1
-13.848739,0,1
-14.355208,1,1
-13.837745,0,1
-14.217566,1,1
-13.870672,0,1
-14.165035,1,1
-13.846576,0,1
-14.183735,1,1
-13.823541,0,1
-14.240719,1,1
-13.81472,0,1
-14.19655,1,1
-13.834308,0,1
-14.131717,1,1
3.0392573,0,0
-7.850994,1,0
3.0482054,0,0
-7.812009,1,0
3.0161567,0,0
-7.8341136,1,0
3.0377707,0,0
-7.849037,1,0
3.0273275,0,0
-7.806148,1,0
3.1257162,0,0
-7.852325,1,0
3.1017437,0,0
-7.826937,1,0
3.1353335,0,0
-7.7898593,1,0
3.1757376,0,0
-7.777848,1,0
3.1969857,0,0
-7.8673983,1,0
3.1281753,0,0
-7.808131,1,0
3.0565653,0,0
-7.7994604,1,0
3.012599,0,1
12.8556185,1,1
3.0392277,0,1
12.854898,1,1
3.0384474,0,1
12.811987,1,1
3.018031,0,1
12.827086,1,1
3.0307539,0,1
12.87198,1,1
3.0626876,0,1
12.830501,1,1
3.0756693,0,1
12.807436,1,1
3.0374033,0,1
12.813498,1,1
3.029027,0,1
12.825383,1,1
3.0576506,0,1
12.847137,1,1
2.9334571,0,1
12.8341465,1,1
3.0598845,0,1
12.808531,1,1
0.9970197,0,0
-31.343021,1,0
1.0205228,0,0
-31.385733,1,0
1.021903,0,0
-31.338535,1,0
1.0558116,0,0
-31.405409,1,0
1.019078,0,0
-31.39607,1,0
1.0521127,0,0
-31.281145,1,0
1.019505,0,0
-31.29347,1,0
1.0220386,0,0
-31.279966,1,0
1.0498136,0,0
-31.230421,1,0
1.0781262,0,0
-31.305477,1,0
1.061784,0,0
-31.341105,1,0
1.0465105,0,0
-31.317688,1,0
18.259905,0,1
-14.423098,1,1
18.266682,0,1
-14.390405,1,1
18.240831,0,1
-14.38318,1,1
18.242748,0,1
-14.425672,1,1
18.278158,0,1
-14.37838,1,1
18.270163,0,1
-14.402301,1,1
18.266773,0,1
-14.384059,1,1
18.26123,0,1
-14.423024,1,1
18.266863,0,1
-14.391037,1,1
18.253096,0,1
-14.383407,1,1
18.261274,0,1
-14.390971,1,1
18.256521,0,1
-14.385978,1,1
3.3803823,0,0
-7.8422875,1,0
3.3424685,0,0
-7.746452,1,0
3.3728652,0,0
-7.771291,1,0
3.4020746,0,0
-7.6846104,1,0
3.3916008,0,0
-7.7209325,1,0
3.230706,0,0
-7.722698,1,0
3.1837993,0,0
-7.6169662,1,0
3.2572927,0,0
-7.7108994,1,0
3.2935402,0,0
-7.5786552,1,0
3.3891504,0,0
-7.5574546,1,0
3.3627188,0,0
-7.5200286,1,0
3.3859377,0,0
-7.5695033,1,0
3.20175,0,1
12.783108,1,1
3.2388532,0,1
12.815667,1,1
3.4003193,0,1
12.861808,1,1
3.113129,0,1
12.828092,1,1
3.1326046,0,1
12.827145,1,1
3.1192265,0,1
12.831134,1,1
3.162273,0,1
12.825074,1,1
3.1086724,0,1
12.841122,1,1
3.1153016,0,1
12.784634,1,1
3.055865,0,1
12.765228,1,1
3.0395207,0,1
12.809802,1,1
3.0588288,0,1
12.783496,1,1
13.491135,0,0
-31.465342,1,0
13.488803,0,0
-31.593445,1,0
13.506575,0,0
-31.485214,1,0
13.510229,0,0
-31.530731,1,0
13.515886,0,0
-31.473757,1,0
-31.455162,1,0
13.512661,0,0
-31.43869,1,0
13.492455,0,0
13.498347,0,0
-31.409279,1,0
13.491533,0,0
-31.462236,1,0
13.488911,0,0
-31.452995,1,0
13.49423,0,0
-31.47638,1,0
13.532564,0,0
-31.45042,1,0
28.030025,0,1
-14.182067,1,1
28.036932,0,1
-14.174443,1,1
28.034285,0,1
-14.190053,1,1
28.029478,0,1
-14.212173,1,1
28.026653,0,1
-14.183753,1,1
28.026949,0,1
-14.202116,1,1
28.06321,0,1
-14.218027,1,1
28.013681,0,1
-14.226439,1,1
28.005854,0,1
-14.20823,1,1
28.020636,0,1
-14.224311,1,1
28.014545,0,1
-14.229061,1,1
28.010508,0,1
-14.215559,1,1
-2.2361457,0,0
-7.453086,1,0
-2.2421086,0,0
-7.459322,1,0
-2.265184,0,0
-7.4561453,1,0
-2.229306,0,0
-7.4610457,1,0
-2.2229428,0,0
-7.4343343,1,0
-2.2001793,0,0
-7.5299554,1,0
-2.2476106,0,0
-7.455482,1,0
-2.2365575,0,0
-7.4658456,1,0
-2.2276318,0,0
-7.4762535,1,0
-2.25235,0,0
-7.4762564,1,0
-2.2354138,0,0
-7.4643145,1,0
-2.2440596,0,0
-7.504295,1,0
-25.095985,0,1
13.036088,1,1
-25.089363,0,1
13.0251465,1,1
-25.087467,0,1
12.9986105,1,1
-25.065115,0,1
13.0077095,1,1
-25.05458,0,1
13.000744,1,1
-25.062988,0,1
13.036234,1,1
-25.095491,0,1
13.04019,1,1
-25.084677,0,1
13.003839,1,1
-25.110605,0,1
13.010856,1,1
-25.094595,0,1
13.034298,1,1
-25.072992,0,1
13.097276,1,1
-25.058483,0,1
13.092573,1,1
20.665548,0,0
-31.281378,1,0
20.683092,0,0
-31.621492,1,0
20.738165,0,0
-31.603329,1,0
20.68347,0,0
-31.635017,1,0
20.71421,0,0
-31.58587,1,0
20.718176,0,0
-31.556477,1,0
20.708622,0,0
-31.51841,1,0
20.767921,0,0
-31.50075,1,0
20.744938,0,0
-31.46358,1,0
20.740313,0,0
-31.440084,1,0
20.739208,0,0
-31.442413,1,0
20.744097,0,0
-31.435316,1,0
20.64654,0,1
-14.19281,1,1
20.663054,0,1
-14.174505,1,1
20.694866,0,1
-14.186622,1,1
20.656313,0,1
-14.182123,1,1
20.667086,0,1
-14.193566,1,1
20.665752,0,1
-14.17531,1,1
20.654675,0,1
-14.158761,1,1
20.645573,0,1
-14.17452,1,1
20.65757,0,1
-14.18176,1,1
20.666088,0,1
-14.200562,1,1
20.67701,0,1
-14.216339,1,1
20.655462,0,1
-14.211009,1,1
-7.4907327,1,0
31.946997,0,0
31.952356,0,0
-7.477582,1,0
-7.4739537,1,0
31.964777,0,0
-7.463005,1,0
31.97087,0,0
-7.4733005,1,0
31.949808,0,0
-7.468559,1,0
31.948282,0,0
31.950777,0,0
-7.4570236,1,0
-7.470133,1,0
31.945475,0,0
31.946142,0,0
-7.491293,1,0
-7.4666667,1,0
31.949387,0,0
-7.4681153,1,0
31.970884,0,0
-7.5172324,1,0
31.945341,0,0
32.07367,0,1
13.2130575,1,1
32.08007,0,1
13.23421,1,1
32.090435,0,1
13.233467,1,1
32.06564,0,1
13.239672,1,1
32.064526,0,1
13.178393,1,1
32.08876,0,1
13.175572,1,1
32.081856,0,1
13.2010765,1,1
32.071346,0,1
13.144511,1,1
32.072258,0,1
13.174922,1,1
32.0877,0,1
13.151165,1,1
32.074947,0,1
13.215,1,1
32.072365,0,1
13.227439,1,1
0.7798519,1,0
38.335064,0,0
0.76774764,1,0
38.32888,0,0
0.76146877,1,0
38.333786,0,0
0.79710287,1,0
38.337955,0,0
0.791405,1,0
38.33388,0,0
0.73591065,1,0
38.346287,0,0
0.7484735,1,0
38.326546,0,0
0.7127573,1,0
38.357193,0,0
38.320595,0,0
0.72728115,1,0
38.34221,0,0
0.7475326,1,0
0.7257528,1,0
38.32046,0,0
38.33639,0,0
0.715253,1,0
-28.712126,1,1
38.591965,0,1
-28.72062,1,1
38.600002,0,1
-28.769125,1,1
38.600185,0,1
-28.737495,1,1
38.598034,0,1
-28.732435,1,1
38.599148,0,1
-28.746124,1,1
38.59431,0,1
38.57744,0,1
-28.706394,1,1
38.61102,0,1
-28.735197,1,1
38.615257,0,1
-28.724876,1,1
38.596607,0,1
-28.7485,1,1
-28.756714,1,1
38.5984,0,1
-28.734287,1,1
38.61206,0,1
17.934536,0,0
-7.7572155,1,0
17.90663,0,0
-7.743001,1,0
-7.792043,1,0
17.937494,0,0
-7.8419704,1,0
17.917974,0,0
-7.8549514,1,0
17.916256,0,0
-7.852485,1,0
17.923409,0,0
-7.817769,1,0
17.911692,0,0
-7.862416,1,0
17.893953,0,0
-7.8653173,1,0
17.912403,0,0
-7.862395,1,0
17.900623,0,0
-7.807343,1,0
17.914839,0,0
-7.791168,1,0
17.912434,0,0
17.997162,0,1
13.383457,1,1
18.001495,0,1
13.355464,1,1
13.360757,1,1
17.99249,0,1
13.335836,1,1
17.997501,0,1
13.371667,1,1
18.006912,0,1
13.374911,1,1
17.989702,0,1
13.405528,1,1
17.99996,0,1
13.412112,1,1
18.000305,0,1
13.374088,1,1
18.016346,0,1
13.38869,1,1
17.979393,0,1
13.357017,1,1
18.020601,0,1
13.399086,1,1
17.996841,0,1
-10.028552,1,0
16.712711,0,0
16.688211,0,0
-21.73471,1,0
16.714947,0,0
-21.688816,1,0
16.713497,0,0
-21.655481,1,0
16.688393,0,0
-21.708096,1,0
16.73464,0,0
-21.70842,1,0
16.710903,0,0
-21.652464,1,0
16.749216,0,0
-21.71292,1,0
16.704212,0,0
-21.722467,1,0
-21.711468,1,0
16.695095,0,0
-21.738205,1,0
16.693378,0,0
-21.754025,1,0
16.703262,0,0
-1.4003465,1,1
16.671412,0,1
-1.3852804,1,1
16.68216,0,1
-1.4029678,1,1
16.691826,0,1
-1.3915492,1,1
16.67755,0,1
-1.3898337,1,1
16.735472,0,1
16.70385,0,1
-1.4460831,1,1
16.64195,0,1
-1.3890206,1,1
16.682741,0,1
-1.3809018,1,1
16.690271,0,1
-1.393002,1,1
16.648539,0,1
-1.3969797,1,1
16.653255,0,1
-1.3924581,1,1
16.652376,0,1
-1.4109414,1,1
-10.497699,0,0
15.297833,1,0
-10.523535,0,0
15.311292,1,0
-10.482615,0,0
15.252467,1,0
15.298567,1,0
-10.539821,0,0
15.271518,1,0
-10.500721,0,0
15.24249,1,0
-10.558411,0,0
15.269772,1,0
-10.522707,0,0
15.235921,1,0
-10.489214,0,0
15.249488,1,0
-10.499653,0,0
15.222027,1,0
-10.509834,0,0
15.230763,1,0
-10.53034,0,0
15.242329,1,0
-10.508106,0,0
-21.771923,1,0
3.4496365,0,0
-21.74825,1,0
3.4360495,0,0
-21.752697,1,0
3.4626179,0,0
-21.729761,1,0
3.4521363,0,0
-21.737514,1,0
3.4567542,0,0
3.4201589,0,0
-21.77803,1,0
-21.823608,1,0
3.3982682,0,0
-21.827564,1,0
3.4448934,0,0
3.4440532,0,0
-21.803968,1,0
3.4638386,0,0
-21.780415,1,0
-21.797598,1,0
3.4471784,0,0
3.423656,0,0
-21.804121,1,0
12.512705,1,1
-21.28074,0,1
12.503141,1,1
-21.318232,0,1
12.497093,1,1
-21.316135,0,1
12.513107,1,1
-21.328299,0,1
12.43601,1,1
-21.304367,0,1
12.480017,1,1
-21.32513,0,1
-21.330381,0,1
12.524368,1,1
-21.304934,0,1
12.478535,1,1
-21.313074,0,1
12.50844,1,1
-21.316269,0,1
12.478622,1,1
-21.35892,0,1
12.485963,1,1
-21.337042,0,1
12.539486,1,1
32.691288,0,0
31.006723,1,0
32.660275,1,0
32.65912,1,0
-10.020958,0,0
32.63606,0,0
-10.018675,1,0
32.660217,0,0
-21.23046,1,0
32.651733,0,0
-21.166128,1,0
32.68454,0,0
-21.213686,1,0
32.675316,0,0
-21.214926,1,0
-21.226126,1,0
32.666035,0,0
-21.234539,1,0
32.69568,0,0
-21.235743,1,0
32.69841,0,0
32.67615,0,0
-21.24844,1,0
32.576225,0,1
-17.107452,1,1
32.58591,0,1
-17.039175,1,1
32.590282,0,1
-17.048029,1,1
-17.010166,1,1
32.620274,0,1
32.574284,0,1
-17.008608,1,1
32.59368,0,1
-17.02478,1,1
32.578236,0,1
-16.998219,1,1
32.613,0,1
-16.994118,1,1
32.588455,0,1
-16.994732,1,1
-16.982475,1,1
32.599712,0,1
32.590908,0,1
-16.984015,1,1
32.616302,0,1
-16.931038,1,1
-38.16581,0,0
-33.450108,1,0
-38.175655,0,0
-33.426205,1,0
-33.423595,1,0
-38.208984,0,0
-33.430187,1,0
-38.172142,0,0
-33.411854,1,0
-38.18517,0,0
-33.427532,1,0
-38.175343,0,0
-33.43003,1,0
-38.1771,0,0
-38.15113,0,0
-33.44395,1,0
-38.186058,0,0
-33.44303,1,0
-38.180344,0,0
-33.429558,1,0
-33.440857,1,0
-38.21965,0,0
-38.160805,0,0
-33.44216,1,0
-37.99518,0,1
-33.376827,1,1
12.313618,1,1
11.17128,0,1
12.310933,1,1
-38.001457,0,1
12.29828,1,1
-37.977524,0,1
12.316965,1,1
-37.966995,0,1
12.292038,1,1
-37.990116,0,1
-37.991703,0,1
12.273456,1,1
-37.991447,0,1
12.3285475,1,1
11.11168,0,1
12.296466,1,1
-38.003876,0,1
12.291735,1,1
-38.010162,0,1
12.307463,1,1
-38.00431,0,1
12.30255,1,1
-21.591547,1,0
5.6660595,0,0
5.6105604,0,0
-21.532482,1,0
-21.57737,1,0
5.6471467,0,0
-21.534391,1,0
5.614761,0,0
-21.526764,1,0
-21.559551,1,0
5.65291,0,0
-21.514977,1,0
5.698677,0,0
-21.516047,1,0
-21.547268,1,0
5.6994357,0,0
19.087385,0,0
-21.541565,1,0
19.047825,0,0
-21.537743,1,0
19.067287,0,0
-21.543762,1,0
19.075354,0,1
4.4963093,1,1
19.083904,0,1
4.51866,1,1
19.098528,0,1
4.549001,1,1
19.090738,0,1
4.547974,1,1
19.059736,0,1
4.5354304,1,1
19.072308,0,1
4.571132,1,1
19.070765,0,1
4.5496016,1,1
19.043024,0,1
4.5387893,1,1
4.5548043,1,1
19.04274,0,1
19.024324,0,1
4.5744205,1,1
4.5239477,1,1
19.049345,0,1
19.026981,0,1
4.5347795,1,1
15.279181,1,0
30.972473,0,0
15.281375,1,0
30.991514,0,0
30.98145,0,0
15.300382,1,0
30.991077,0,0
15.32102,1,0
30.989347,0,0
15.308878,1,0
30.993107,0,0
15.29812,1,0
30.95716,0,0
15.300149,1,0
30.99474,0,0
15.288684,1,0
30.978357,0,0
15.30642,1,0
15.270924,1,0
30.961851,0,0
15.283482,1,0
30.956568,0,0
15.289178,1,0
30.964212,0,0
31.010338,0,1
12.290385,1,1
31.014446,0,1
12.3132515,1,1
31.008785,0,1
12.317446,1,1
31.021854,0,1
12.277478,1,1
31.01493,0,1
12.292172,1,1
31.014591,0,1
12.293516,1,1
31.013083,0,1
12.275439,1,1
31.0061,0,1
12.262117,1,1
31.00601,0,1
12.276677,1,1
31.007841,0,1
12.327187,1,1
30.970684,0,1
12.289945,1,1
31.075144,0,1
12.302302,1,1
-27.866224,0,0
-10.122221,1,0
-27.892563,0,0
-9.995164,1,0
-27.875826,0,0
-9.22067,1,0
-27.878012,0,0
-7.0978684,1,0
-27.87824,0,0
-7.0890145,1,0
-27.874052,0,0
-7.0882483,1,0
-7.1117,1,0
-27.872643,0,0
-7.0850797,1,0
-27.891373,0,0
-7.0731287,1,0
-27.916412,0,0
-27.89462,0,0
-7.060901,1,0
-27.908897,0,0
-7.100043,1,0
-27.896894,0,0
-7.0843463,1,0
42.019215,0,1
26.522778,1,1
42.019276,0,1
26.512354,1,1
42.017902,0,1
26.539034,1,1
42.011726,0,1
26.471966,1,1
42.02317,0,1
26.490644,1,1
42.01185,0,1
26.466185,1,1
42.01907,0,1
26.493376,1,1
42.021027,0,1
26.463795,1,1
42.01953,0,1
26.491096,1,1
42.021564,0,1
26.434298,1,1
42.022247,0,1
26.44163,1,1
42.040356,0,1
26.453022,1,1
15.956887,1,0
7.3793087,0,0
15.978512,1,0
7.3580127,0,0
16.023537,1,0
7.352706,0,0
15.985961,1,0
7.367299,0,0
15.984271,1,0
7.3392696,0,0
15.975908,1,0
7.3472986,0,0
15.973277,1,0
7.372244,0,0
15.987223,1,0
7.3945646,0,0
15.989356,1,0
7.299213,0,0
15.975106,1,0
7.3733807,0,0
15.975646,1,0
7.3848476,0,0
15.992399,1,0
7.36388,0,0
-19.542408,1,1
-32.290527,0,1
-19.793722,1,1
-32.286377,0,1
-19.810999,1,1
-32.292404,0,1
-19.794767,1,1
-32.289726,0,1
-19.765219,1,1
-32.259823,0,1
-19.812311,1,1
-32.281322,0,1
-19.825373,1,1
-32.286964,0,1
-19.788866,1,1
-32.287785,0,1
-19.830502,1,1
-32.306797,0,1
-19.804792,1,1
-32.288757,0,1
-19.8173,1,1
-32.280994,0,1
-19.800661,1,1
-32.300606,0,1
-6.876859,1,0
27.242912,0,0
-6.8551025,1,0
27.218884,0,0
-6.917526,1,0
27.246891,0,0
-6.8650303,1,0
27.249092,0,0
-6.8537,1,0
27.22649,0,0
-6.8240304,1,0
27.229828,0,0
-6.855227,1,0
27.22854,0,0
-6.8908935,1,0
27.250172,0,0
-6.8254023,1,0
27.222723,0,0
-6.8999863,1,0
27.246292,0,0
-6.9040256,1,0
27.236464,0,0
-6.917843,1,0
27.24187,0,0
15.596892,0,1
-6.699444,1,1
15.651443,0,1
-6.6969523,1,1
15.655667,0,1
-6.692927,1,1
15.662305,0,1
-6.680497,1,1
15.61129,0,1
-6.713489,1,1
15.607788,0,1
-6.6765227,1,1
15.61061,0,1
-6.6963053,1,1
15.573966,0,1
-6.701263,1,1
15.646341,0,1
-6.720208,1,1
15.659913,0,1
-6.6890907,1,1
15.6459055,0,1
-6.7009006,1,1
15.63546,0,1
-6.678578,1,1
6.2704463,1,0
-10.838739,0,0
6.2677574,0,0
-10.837296,1,0
-10.851442,1,0
6.2905474,0,0
-10.853578,1,0
6.304069,0,0
-10.843674,1,0
6.3102784,0,0
-10.836693,1,0
6.3435674,0,0
-10.82699,1,0
6.285482,0,0
-10.85978,1,0
6.343068,0,0
-10.827158,1,0
6.556373,0,0
16.007547,1,0
6.4641504,0,0
15.979894,1,0
6.465001,0,0
15.970438,1,0
6.481644,0,0
6.753302,0,1
-19.81895,1,1
6.581731,0,1
-19.859402,1,1
-19.805044,1,1
6.5393567,0,1
6.643131,0,1
-19.86176,1,1
6.564775,0,1
-19.864399,1,1
6.5492916,0,1
-19.890217,1,1
6.495447,0,1
-19.863077,1,1
6.53899,0,1
-19.86898,1,1
6.528414,0,1
-19.837894,1,1
6.5494933,0,1
-19.875158,1,1
-19.857279,1,1
6.518965,0,1
6.570051,0,1
-19.84958,1,1
27.83676,1,0
27.497627,0,0
27.830013,1,0
27.51701,0,0
27.819546,1,0
27.495905,0,0
27.500063,0,0
27.81945,1,0
27.527609,0,0
27.821564,1,0
27.50435,0,0
27.8052,1,0
27.844637,1,0
27.497086,0,0
27.820549,1,0
27.534729,0,0
27.827314,1,0
27.54632,0,0
27.801136,1,0
27.541105,0,0
27.494385,0,0
27.812477,1,0
27.487806,0,0
27.799974,1,0
20.052048,1,1
-22.950308,0,1
20.068287,1,1
-22.96567,0,1
20.057274,1,1
-22.93045,0,1
20.056341,1,1
-22.942303,0,1
20.059572,1,1
-22.97491,0,1
20.045494,1,1
-22.97576,0,1
20.04211,1,1
-23.01296,0,1
20.046274,1,1
-22.941414,0,1
20.023022,1,1
-22.982872,0,1
19.982897,1,1
-23.00064,0,1
20.041506,1,1
-22.994152,0,1
20.036787,1,1
-22.96406,0,1
6.637113,0,0
-10.874642,1,0
6.5198007,0,0
-10.866435,1,0
6.5266294,0,0
-10.846983,1,0
6.584345,0,0
-10.8805275,1,0
6.567339,0,0
-10.852888,1,0
6.62988,0,0
-10.838667,1,0
6.58494,0,0
15.932564,1,0
6.5554547,0,0
15.946647,1,0
6.5943027,0,0
15.940408,1,0
15.94069,1,0
6.6245008,0,0
15.938804,1,0
6.561637,0,0
15.929769,1,0
6.624231,0,0
6.89828,0,1
-19.461742,1,1
6.9006596,0,1
-19.448997,1,1
6.9187756,0,1
-19.459833,1,1
6.8814735,0,1
-19.479082,1,1
6.8704605,0,1
-19.637182,1,1
6.878195,0,1
-19.673758,1,1
-19.680367,1,1
6.8911796,0,1
6.9108133,0,1
-19.708284,1,1
6.9342766,0,1
-19.708912,1,1
-19.70934,1,1
6.8585677,0,1
6.9328046,0,1
-19.639565,1,1
6.914912,0,1
-19.69783,1,1
-6.9558506,1,0
-32.88507,0,0
-6.9454727,1,0
-32.87582,0,0
-32.88123,0,0
-6.979996,1,0
-32.881485,0,0
-6.964546,1,0
-32.873623,0,0
-6.9626102,1,0
-32.86732,0,0
-6.9654145,1,0
-32.88149,0,0
-6.9717565,1,0
-6.9564075,1,0
-32.87361,0,0
-32.899036,0,0
-6.9644995,1,0
-6.960879,1,0
-32.872616,0,0
-32.87342,0,0
-6.9535513,1,0
-6.9435205,1,0
-32.88224,0,0
34.49707,0,1
-22.129112,1,1
34.529976,0,1
-22.11752,1,1
34.514645,0,1
-22.176952,1,1
34.50415,0,1
-22.126732,1,1
34.507923,0,1
-22.16166,1,1
34.485725,0,1
-22.142397,1,1
34.471775,0,1
-22.136654,1,1
34.485935,0,1
-22.132286,1,1
34.50923,0,1
-22.120962,1,1
34.504913,0,1
-22.113297,1,1
34.48619,0,1
-22.16296,1,1
34.474052,0,1
-22.150772,1,1
7.0437417,1,0
-10.9020195,0,0
7.0415225,1,0
-10.86882,0,0
7.043244,0,0
-10.882154,1,0
7.099721,1,0
-10.862108,0,0
7.037812,1,0
-10.82999,0,0
7.0368357,0,0
-10.833862,1,0
6.983886,1,0
-10.850737,0,0
7.050417,0,0
15.848323,1,0
6.56289,0,0
-10.807033,1,0
6.567067,0,0
-10.825707,1,0
7.047337,1,0
-10.835227,0,0
7.05064,0,0
15.905502,1,0
7.077981,0,1
-20.111193,1,1
7.061724,0,1
-20.089256,1,1
7.038351,0,1
-20.104418,1,1
7.100774,0,1
-20.083138,1,1
7.0827107,0,1
-20.086193,1,1
7.07993,0,1
-20.098948,1,1
7.0565996,0,1
-20.08072,1,1
7.071294,0,1
-20.074724,1,1
7.092468,1,1
-20.07225,0,1
7.1098924,0,1
-20.07478,1,1
7.0827684,0,1
-20.02095,1,1
7.0553284,0,1
-20.01793,1,1
-32.88358,0,0
6.7567167,1,0
-32.88562,1,0
-8.426256,0,0
-32.87884,0,0
-8.6483965,1,0
-32.86967,0,0
-7.1220775,1,0
-32.84666,0,0
-7.051441,1,0
-32.836628,0,0
-7.0715346,1,0
-32.86829,0,0
-7.060446,1,0
-32.856052,0,0
-6.997897,1,0
-32.8296,0,0
-6.9579654,1,0
-32.848644,0,0
-6.9639926,1,0
-32.866062,0,0
-6.985566,1,0
-32.857803,0,0
-6.954115,1,0
20.03023,1,1
41.074043,0,1
20.055197,1,1
41.072254,0,1
41.07524,0,1
20.094393,1,1
20.087383,1,1
41.067482,0,1
41.087063,0,1
20.145552,1,1
41.075325,0,1
20.10948,1,1
20.13112,1,1
41.08156,0,1
20.119024,1,1
41.074097,0,1
20.116922,1,1
41.07372,0,1
20.099907,1,1
41.0735,0,1
20.10071,1,1
41.083004,0,1
20.086708,1,1
41.07209,0,1
27.266718,1,0
6.8338137,0,0
6.472284,0,0
27.247383,1,0
27.280231,1,0
6.677197,0,0
6.495752,0,0
27.277824,1,0
6.706136,0,0
27.276363,1,0
6.635466,0,0
27.273222,1,0
6.485062,0,0
27.264818,1,0
6.6579247,0,0
-10.803968,1,0
6.5496087,0,0
-10.841169,1,0
6.6474276,0,0
-10.799212,1,0
6.699397,0,0
-10.872761,1,0
6.503807,0,0
-10.880665,1,0
7.270705,0,1
-19.476328,1,1
7.2532167,0,1
-19.455246,1,1
7.3381553,0,1
-19.684689,1,1
7.3504524,0,1
-19.734583,1,1
7.3586535,0,1
-19.72685,1,1
7.317824,0,1
-19.709978,1,1
7.326576,0,1
-19.703703,1,1
7.342737,0,1
-19.723503,1,1
7.3663173,0,1
-19.742239,1,1
7.33732,0,1
-19.71133,1,1
7.315811,0,1
-19.71069,1,1
7.2384014,0,1
-19.753613,1,1
-30.25766,1,0
15.689999,0,0
-30.244541,1,0
15.703054,0,0
-30.246834,1,0
15.702855,0,0
-30.257328,1,0
15.691895,0,0
-30.25047,1,0
15.696226,0,0
-30.253197,1,0
15.693883,0,0
-30.259504,1,0
15.692885,0,0
-30.26275,1,0
15.695469,0,0
-30.263063,1,0
15.677826,0,0
-30.272139,1,0
15.700842,0,0
-30.270813,1,0
15.673677,0,0
-30.265553,1,0
15.709355,0,0
-17.463228,1,1
24.775154,0,1
24.759562,0,1
-17.431189,1,1
24.771828,0,1
-17.381828,1,1
24.768715,0,1
-17.415924,1,1
24.792618,0,1
-17.451195,1,1
24.783388,0,1
-17.44699,1,1
-17.398596,1,1
24.759102,0,1
24.763227,0,1
-17.486614,1,1
-17.442324,1,1
24.788137,0,1
-17.445374,1,1
24.76009,0,1
-17.446579,1,1
24.77092,0,1
-17.430752,1,1
24.794437,0,1
3.6528487,0,0
-7.2812285,1,0
3.643249,0,0
-7.2534337,1,0
3.6402304,0,0
-7.2811046,1,0
-7.21659,1,0
3.6522894,0,0
-7.259496,1,0
3.6656997,0,0
-7.2411666,1,0
3.6330445,0,0
-7.2301016,1,0
3.6634226,0,0
-7.2668214,1,0
3.6337028,0,0
-7.2803392,1,0
3.6431127,0,0
-7.264583,1,0
3.678708,0,0
-7.262064,1,0
3.6114144,0,0
-7.2208576,1,0
3.6504772,0,0
3.7103515,0,1
-11.254651,1,1
-11.305356,1,1
3.7485225,0,1
-11.3205185,1,1
3.7035108,0,1
-11.349585,1,1
3.7240572,0,1
-11.351867,1,1
3.7198563,0,1
-11.40045,1,1
3.7125945,0,1
-11.307534,1,1
3.691898,0,1
-11.38377,1,1
3.6992571,0,1
-11.354533,1,1
3.7029083,0,1
-11.361359,1,1
3.6962245,0,1
-11.395315,1,1
3.6974661,0,1
-11.39544,1,1
3.7039738,0,1
-26.92809,0,0
-29.92329,1,0
-26.925339,0,0
-29.923847,1,0
-26.914688,0,0
-29.917236,1,0
-26.908255,0,0
-29.933552,1,0
-26.902811,0,0
-29.926947,1,0
-26.916912,0,0
-29.922504,1,0
-26.909046,0,0
-29.929222,1,0
-26.924492,0,0
-29.929022,1,0
-26.909735,0,0
-29.922895,1,0
-26.916588,0,0
-29.912836,1,0
-26.882092,0,0
-29.91279,1,0
-26.89127,0,0
-29.912592,1,0
24.87561,0,1
-17.478556,1,1
24.918407,0,1
-17.568094,1,1
24.89711,0,1
-17.582935,1,1
24.88469,0,1
-17.53737,1,1
24.851126,0,1
-17.536703,1,1
24.879843,0,1
-17.53736,1,1
24.878635,0,1
-17.568089,1,1
24.893469,0,1
-17.529596,1,1
24.883196,0,1
-17.521774,1,1
24.903223,0,1
-17.533642,1,1
24.878319,0,1
-17.55613,1,1
24.876715,0,1
-17.533417,1,1
-10.266775,0,0
-24.305674,1,0
-10.266005,0,0
-24.300306,1,0
-10.294638,0,0
-24.297838,1,0
-10.303918,0,0
-24.28498,1,0
-10.301906,0,0
-24.232042,1,0
-10.301304,0,0
-24.25953,1,0
-10.313636,0,0
-24.259249,1,0
-10.263573,0,0
-24.238636,1,0
-10.316559,0,0
-24.250328,1,0
-10.270453,0,0
-24.245348,1,0
-10.261666,0,0
-24.23449,1,0
-10.2542095,0,0
-24.250885,1,0
-11.247628,1,1
-28.122871,0,1
-11.259027,1,1
-28.110682,0,1
-11.315695,1,1
-28.118992,0,1
-11.282474,1,1
-28.112162,0,1
-11.23404,1,1
-28.127136,0,1
-11.277869,1,1
-28.117704,0,1
-11.295024,1,1
-28.106272,0,1
-11.286517,1,1
-10.303125,0,1
-11.256025,1,1
-28.14378,0,1
-11.293561,1,1
-28.113209,0,1
-11.267347,1,1
-28.11633,0,1
-11.230732,1,1
-28.131485,0,1
8.548806,0,0
-20.966053,1,0
8.600838,0,0
-20.966179,1,0
8.601232,0,0
-20.987679,1,0
8.600642,0,0
-20.991856,1,0
8.556438,0,0
-20.965351,1,0
8.586995,0,0
-20.981592,1,0
8.566398,0,0
-20.986237,1,0
8.603809,0,0
-20.993189,1,0
8.576744,0,0
-20.98197,1,0
8.586831,0,0
-20.981133,1,0
8.564869,0,0
-20.980465,1,0
8.606468,0,0
-20.998888,1,0
-16.796593,0,1
-17.157217,1,1
-16.810837,0,1
-17.139326,1,1
-16.830336,0,1
-17.136425,1,1
-16.819565,0,1
-17.186289,1,1
-16.822227,0,1
-17.161425,1,1
-16.79391,0,1
-17.189848,1,1
-16.820452,0,1
-17.161856,1,1
-16.785368,0,1
-17.257603,1,1
-16.777895,0,1
-17.24794,1,1
-16.83151,0,1
-17.251331,1,1
-16.83832,0,1
-17.273937,1,1
-16.839529,0,1
-17.27058,1,1
21.184492,0,0
-26.453167,1,0
21.177736,0,0
-26.471958,1,0
-26.434566,1,0
21.152048,0,0
21.183687,0,0
-26.442087,1,0
21.156784,0,0
-26.361668,1,0
21.169687,0,0
-26.41189,1,0
-24.139881,1,0
21.103964,0,0
21.100054,0,0
-24.18625,1,0
-24.18633,1,0
21.113005,0,0
21.07918,0,0
-24.232534,1,0
-24.27361,1,0
21.09178,0,0
21.108591,0,0
-24.263315,1,0
21.126167,0,1
-24.783144,1,1
21.069698,0,1
-24.812231,1,1
21.165676,0,1
-24.834349,1,1
21.136528,0,1
-24.837288,1,1
21.173317,0,1
-24.820906,1,1
21.10037,0,1
-24.834566,1,1
21.1278,0,1
-24.81345,1,1
21.034359,0,1
-24.849195,1,1
21.0527,0,1
-24.818901,1,1
21.060543,0,1
-24.801462,1,1
21.047413,0,1
-24.80584,1,1
20.994596,0,1
-24.812529,1,1
0.79114825,1,0
-40.168133,0,0
-40.167606,0,0
0.81417716,1,0
0.7867229,1,0
-40.168655,0,0
0.80762005,1,0
-40.164516,0,0
0.80654377,1,0
-40.153286,0,0
0.8318503,1,0
-40.167812,0,0
0.8240315,1,0
-40.19165,0,0
0.82507557,1,0
-40.198555,0,0
0.83591616,1,0
-40.17822,0,0
0.81050384,1,0
-40.179684,0,0
0.86510926,1,0
-40.1722,0,0
0.8448506,1,0
-40.178574,0,0
-17.67277,1,1
26.167433,0,1
-17.734886,1,1
26.162205,0,1
-17.741585,1,1
26.156584,0,1
-17.745953,1,1
26.155565,0,1
-17.705576,1,1
26.157686,0,1
-17.706059,1,1
26.16468,0,1
-17.68512,1,1
26.158873,0,1
-17.67242,1,1
26.15629,0,1
-17.718166,1,1
26.208525,0,1
-17.683102,1,1
26.191837,0,1
-17.7033,1,1
26.197216,0,1
-17.694159,1,1
26.148514,0,1
21.394167,0,0
-26.436226,1,0
21.386528,0,0
-26.39388,1,0
21.395735,0,0
-26.392637,1,0
21.426208,0,0
-26.398407,1,0
21.409374,0,0
-24.159634,1,0
21.406021,0,0
-24.14711,1,0
21.41915,0,0
-24.18379,1,0
21.292046,0,0
-24.210398,1,0
21.18725,0,0
-24.305742,1,0
-24.321552,1,0
21.165512,0,0
-24.333698,1,0
21.413324,0,0
-24.43894,1,0
21.434233,0,0
-24.767206,1,1
21.446066,0,1
-24.78347,1,1
21.451439,0,1
-24.79132,1,1
21.418941,0,1
-24.795841,1,1
21.407595,0,1
-24.737082,1,1
21.383593,0,1
-24.769766,1,1
21.333624,0,1
-24.801453,1,1
21.404768,0,1
-24.789911,1,1
21.438223,0,1
-24.767233,1,1
21.324286,0,1
-24.762804,1,1
21.40681,0,1
-24.814173,1,1
21.470387,0,1
21.439434,0,1
-24.824192,1,1
-21.095835,1,0
-26.632824,0,0
-26.619219,0,0
-21.096743,1,0
-21.086172,1,0
-26.629494,0,0
-21.102997,1,0
-26.630383,0,0
-26.631756,0,0
-20.992567,1,0
-26.597866,0,0
-21.001043,1,0
-26.62934,0,0
-20.945791,1,0
-20.91922,1,0
-26.65181,0,0
-20.911554,1,0
-26.673126,0,0
-20.920969,1,0
-26.628742,0,0
-26.665453,0,0
-20.900288,1,0
-26.667717,0,0
-20.94144,1,0
-27.101973,0,1
-17.257065,1,1
-27.107895,0,1
-17.240582,1,1
-27.095448,0,1
-17.224117,1,1
-27.117104,0,1
-17.260553,1,1
-27.125576,0,1
-17.268314,1,1
-27.110352,0,1
-17.304796,1,1
-27.101112,0,1
-17.275316,1,1
-27.086317,0,1
-17.255297,1,1
-27.129215,0,1
-17.259676,1,1
-27.100082,0,1
-17.269674,1,1
-27.128288,0,1
-17.251019,1,1
-27.104094,0,1
-17.2465,1,1
-24.394499,1,0
-1.1969587,0,0
-24.432335,1,0
-1.2072334,0,0
-24.401457,1,0
-1.2145342,0,0
-24.421211,1,0
-1.2160575,0,0
-24.446646,1,0
-1.2088746,0,0
-24.407967,1,0
-1.2264361,0,0
-24.413414,1,0
-1.2112463,0,0
-24.412624,1,0
-1.2140234,0,0
-24.385777,1,0
-1.1952966,0,0
-24.413124,1,0
-1.1970742,0,0
-24.39508,1,0
-1.2034148,0,0
-24.413736,1,0
-1.2289481,0,0
-11.257362,1,1
42.8392,0,1
-11.245742,1,1
42.843838,0,1
-11.2453375,1,1
42.844604,0,1
-11.271258,1,1
42.84692,0,1
-11.243247,1,1
42.844402,0,1
-11.274526,1,1
42.84524,0,1
-11.2099085,1,1
42.84261,0,1
-11.268963,1,1
42.84609,0,1
-11.2866125,1,1
42.84619,0,1
-11.240682,1,1
42.844746,0,1
-11.254376,1,1
42.835796,0,1
-11.265828,1,1
42.84383,0,1
