0,1,2,3,4,5,6,7,8,9,10,11,12,13,14,15,class_numeric
8.196344,5.0762315,2.5031533,5.9157343,8.851808,2.4825904,6.121302,4.452426,6.1277986,5.9817815,6.0962787,4.004855,3.8500307,4.35665,4.472787,3.865376,0
8.160941,4.9756255,2.4489925,5.9157896,8.884469,2.5484715,6.2925534,4.4083915,6.1734514,5.8676863,6.1947083,3.8856409,3.858637,4.2710276,4.528612,3.979608,1
4.6631937,6.2877088,3.5257492,6.3937435,7.1669044,3.0025897,4.4166884,5.5320716,5.7892094,7.7953854,3.759025,4.5710917,3.7905843,5.3576584,4.806091,5.5116596,0
4.3950467,5.781132,3.3908987,6.580221,7.141136,3.419798,4.4047403,5.6451607,5.571683,8.118867,3.5482993,4.284959,4.1635113,5.1615505,5.1790624,5.9933534,1
8.189329,5.096607,2.5098479,5.992698,8.831162,2.5227487,5.9707527,4.4270487,6.2063746,6.046269,6.2133894,3.996154,3.8411305,4.2519174,4.5985904,3.883362,0
8.224749,4.967014,2.4804578,5.957032,8.869673,2.5179343,6.2585545,4.3929768,6.141551,5.9137096,6.190362,3.8933268,3.841509,4.262783,4.5335345,3.9357421,1
4.601578,6.183915,3.468583,6.4013476,7.173752,3.1119218,4.413052,5.5892386,5.7533445,7.9211826,3.6792288,4.47959,3.9052024,5.291364,4.928825,5.6704397,0
4.35613,5.7387614,3.407285,6.6185207,7.099294,3.4650252,4.3726897,5.6378107,5.5329423,8.160003,3.5639207,4.266935,4.1916246,5.144075,5.2285357,6.047103,1
8.180408,5.1454744,2.4797223,6.0038433,8.817108,2.4703543,5.964372,4.43508,6.1563535,6.080341,6.116577,4.063254,3.8742378,4.3412595,4.5083456,3.8175929,0
8.199203,4.946947,2.4603643,5.872669,8.941827,2.5959358,6.3070207,4.4361925,6.1996207,5.867524,6.2415133,3.875429,3.8857014,4.271043,4.586714,3.9851394,1
4.572501,6.187421,3.5549834,6.4626164,7.0856543,3.1016755,4.3998556,5.5133533,5.7009974,7.8763084,3.6841679,4.556522,3.7970388,5.38713,4.8739824,5.6106734,0
4.353541,5.740447,3.4222612,6.6258936,7.102654,3.4507532,4.39822,5.6230702,5.5306506,8.120371,3.5386019,4.291605,4.1592774,5.1762652,5.1909933,6.008896,1
8.165185,5.0373626,2.4629304,5.9063044,8.878112,2.5229049,6.1580043,4.4350777,6.15912,5.9419217,6.143157,3.961129,3.8763034,4.320498,4.502506,3.9063852,0
8.196172,4.9226437,2.524505,5.7864985,8.943566,2.6018445,6.4006763,4.5162244,6.223277,5.7994804,6.2106886,3.8466663,3.8460705,4.2968884,4.577759,4.047991,1
4.5926743,6.2006803,3.5072038,6.4254904,7.1326723,3.0896165,4.41483,5.560758,5.73797,7.8806734,3.6905658,4.5160074,3.8512805,5.337669,4.8876534,5.617087,0
4.4216666,5.8369184,3.4147928,6.5527205,7.1386695,3.3760207,4.4002767,5.626218,5.5967984,8.08755,3.5682104,4.320703,4.119053,5.1899114,5.1408734,5.9452744,1
8.173171,5.071727,2.4734156,5.9234977,8.859772,2.487225,6.162134,4.4665194,6.1228223,5.9486694,6.105021,3.9951987,3.853961,4.3420978,4.473639,3.8824906,0
8.217668,4.9816914,2.4102008,5.82308,8.999883,2.6009276,6.292714,4.4868293,6.186641,5.8684406,6.2162595,3.9355829,3.9525714,4.330506,4.573175,3.9497402,1
4.6567273,6.2819896,3.5398424,6.40993,7.1411233,3.0093048,4.414519,5.5141854,5.769464,7.7875605,3.7585025,4.5831723,3.767021,5.3748865,4.8019943,5.499068,0
4.3291907,5.802882,3.5235283,6.6735415,7.060813,3.3785942,4.401787,5.5487843,5.5187573,8.002016,3.5364907,4.3897624,4.049471,5.290846,5.0527835,5.8671083,1
8.004413,5.3692737,3.0860276,6.7538075,8.326868,2.5106907,4.960573,4.1264696,6.5300937,6.348441,6.8211656,3.9873562,3.2570744,3.4794822,5.441165,4.1182566,0
7.8760076,5.53486,3.2880664,7.1019993,8.112299,2.5160089,4.4847813,4.018649,6.6171174,6.673714,6.9583673,3.9525065,3.1027288,3.1258993,5.6910467,4.105792,1
4.775573,5.8331084,3.7251015,6.824151,6.789204,3.118122,4.411063,5.1159506,5.470775,7.4457335,4.169591,4.698886,3.4690623,5.39011,4.706459,5.1859684,0
3.7452495,5.7917123,3.9281995,7.5873203,6.9551244,3.3967388,4.644314,5.289164,5.2450304,7.448808,3.3266666,4.605456,3.8241422,5.6039805,4.3708534,5.4628534,1
7.029157,5.7363467,3.2148538,6.523456,7.8556576,2.341902,4.5385933,4.3100834,6.3614473,6.4889197,6.070758,4.376558,3.2626808,4.1214356,4.7405314,3.9185176,0
7.8710833,5.663475,3.3984606,7.222513,8.063994,2.5093884,4.374343,4.048782,6.697131,6.819128,6.965234,4.0433865,3.003067,3.0881376,5.8258853,4.11739,1
6.15358,6.338832,3.4076817,5.984022,7.559522,2.0784204,4.5056877,4.921244,6.148633,6.422797,5.2525287,4.964645,3.2873297,5.105438,4.0608544,3.8996246,0
3.7929795,5.8191814,3.9367256,7.5201263,6.968166,3.3570492,4.6436763,5.2959743,5.274585,7.4689856,3.3514767,4.6156116,3.804764,5.6472282,4.3848042,5.4316244,1
6.649825,6.023831,3.4220366,6.352496,7.663941,2.1420112,4.337088,4.478466,6.3971615,6.4049263,5.8481054,4.6674867,3.1372204,4.4319587,4.514141,3.8741412,0
7.8093233,5.722464,3.4522667,7.19622,8.065829,2.4594698,4.363794,4.1245904,6.716468,6.8350453,6.936192,4.0999074,2.9784453,3.030026,5.876663,4.165979,1
4.4823565,5.87158,3.7529519,6.742955,6.655312,3.145863,4.3361983,5.3263283,5.441532,7.752176,3.8486679,4.757139,3.5873342,5.476199,4.812445,5.4172325,0
3.5159853,5.998761,3.912947,7.2216425,7.138046,3.2909214,4.339319,5.6364384,5.468033,7.8559394,3.0729039,4.66913,4.0474815,5.700156,4.729078,5.7562904,1
6.4801235,6.133738,3.417062,6.2078743,7.6402674,2.100833,4.380544,4.6291027,6.3277235,6.3930035,5.655396,4.788913,3.1756718,4.663152,4.3375506,3.8710573,0
7.812679,5.6949883,3.3972642,7.2432504,8.006286,2.5007246,4.3043256,4.025791,6.664144,6.866611,6.913917,4.046392,3.0106678,3.1309345,5.7809877,4.072705,1
4.4034443,5.863411,3.7924411,6.797107,6.639666,3.185133,4.3379574,5.321312,5.3992157,7.7541285,3.7961535,4.758385,3.5821452,5.5328655,4.801833,5.450466,0
3.501574,6.0103464,3.935745,7.229168,7.133861,3.278717,4.3363094,5.6365857,5.465122,7.8501344,3.0685055,4.687506,4.035643,5.727892,4.7231865,5.752693,1
6.64349,6.036376,3.3986733,6.3191414,7.6755433,2.1346967,4.359986,4.501615,6.3838687,6.404964,5.838769,4.681642,3.1539752,4.454493,4.47972,3.861431,0
7.7961173,5.6625934,3.3660161,7.1804852,8.059152,2.4858885,4.389571,4.101819,6.637608,6.816614,6.8969874,4.039555,3.0555153,3.080151,5.7525992,4.1046586,1
6.197882,6.3766103,3.3990996,5.9902477,7.588616,2.0428166,4.4627104,4.9454093,6.174484,6.3712416,5.26704,4.979624,3.2162268,5.1367497,4.053709,3.8594978,0
6.1366534,6.2433715,3.4656024,5.960111,7.5837803,2.0055888,4.489957,4.8129053,6.2372847,6.345894,5.3545775,5.019385,3.2892299,4.969079,4.1145844,3.8578432,1
6.936891,5.882017,3.3927917,6.590452,7.7272124,2.2170024,4.2581987,4.2444468,6.49774,6.457799,6.217338,4.466524,3.0748117,4.0154066,4.799896,3.8825147,0
7.5605392,5.1924872,2.8789356,6.5822377,8.229345,2.567798,4.76194,3.9551475,6.3915415,6.298084,6.3921046,3.9136622,3.3994524,3.7908907,4.7016487,3.8438876,1
5.092029,6.435319,3.5561562,6.3394156,7.2440715,2.6537824,4.41082,5.3218555,5.9387326,7.2967734,4.291629,4.827145,3.4864454,5.2893734,4.51271,4.8628674,0
3.6559937,6.2473617,3.9330046,7.120243,7.2698674,3.08563,4.3723288,5.637048,5.6137652,7.733264,3.0918872,4.755528,3.9734857,5.7809443,4.5224047,5.5238447,1
6.9748645,5.8269415,3.3411927,6.5590224,7.7729964,2.252615,4.324248,4.249832,6.4644337,6.433943,6.1882677,4.426235,3.1266882,4.0429754,4.7747564,3.894622,0
7.6290092,5.117888,2.81398,6.516297,8.234637,2.6056552,4.934318,4.004756,6.308112,6.2656856,6.397341,3.8827105,3.4889472,3.8105383,4.7100425,3.9208407,1
4.836903,6.326561,3.657594,6.5054693,7.1037626,2.8146467,4.4021716,5.3307047,5.787891,7.4171405,4.079446,4.812092,3.5175374,5.4218874,4.5511074,5.041395,0
3.5515988,6.2167673,3.9867527,7.230823,7.2482643,3.107834,4.3603163,5.653433,5.562607,7.727196,3.035924,4.7974486,3.9827783,5.8293242,4.5074463,5.568478,1
6.8253207,5.971742,3.4336681,6.510477,7.6894145,2.1800842,4.260499,4.345454,6.47524,6.4425855,6.101411,4.5644813,3.0686705,4.165422,4.7257376,3.8981202,0
7.771862,5.0375214,2.7264764,6.433062,8.379455,2.6147778,5.053463,4.0015883,6.344577,6.176609,6.431519,3.855693,3.5302494,3.848494,4.674812,3.8819158,1
4.458915,5.9270067,3.7589767,6.7245765,6.6827064,3.142358,4.3473535,5.3422995,5.452455,7.755854,3.8101547,4.7587304,3.5837913,5.5125594,4.7922564,5.4301486,0
3.5034604,6.2129226,3.8893483,7.1436167,7.293861,3.136459,4.3134456,5.7240143,5.6218667,7.8336444,3.0233476,4.7155256,4.0527015,5.7266254,4.619707,5.649903,1
7.154479,5.7278514,3.2984605,6.6936026,7.836976,2.3262634,4.3135138,4.137138,6.488893,6.489243,6.3635073,4.2815604,3.1308782,3.8214605,4.9139833,3.8995426,0
7.68119,5.0578794,2.7411785,6.4572706,8.34461,2.6119134,4.9041862,3.9268937,6.400562,6.20469,6.3966036,3.8534288,3.4909277,3.864208,4.619262,3.8186035,1
4.507215,6.064248,3.729531,6.6429253,6.786757,3.0570047,4.356432,5.3812284,5.552264,7.735988,3.7975497,4.7659698,3.5943718,5.5138197,4.7429037,5.384605,0
3.4450324,6.177822,3.9612753,7.202233,7.285717,3.1707594,4.331887,5.702396,5.558333,7.823281,2.9365213,4.7362924,4.0928454,5.7900667,4.599996,5.6712303,1
8.070289,5.177841,2.5917034,6.107742,8.698029,2.4831865,5.7106934,4.3798037,6.2157145,6.108766,6.2130117,4.04669,3.7419574,4.207329,4.6027126,3.8566473,0
7.7490597,5.1191587,2.8077471,6.5025897,8.34751,2.5817528,4.9592586,4.014685,6.371638,6.215198,6.4573684,3.9136586,3.4654768,3.8315387,4.641038,3.851772,1
5.040878,6.3462806,3.5919905,6.4279847,7.1354256,2.7705607,4.401085,5.2761617,5.824419,7.3286653,4.2556863,4.814416,3.443993,5.3122764,4.5690064,4.9525666,0
3.463544,6.152839,3.9657812,7.233678,7.283386,3.1833813,4.3494263,5.67868,5.5417614,7.793142,2.9366784,4.7358727,4.093136,5.7945375,4.5591226,5.6515007,1
8.25348,4.716119,2.4808798,6.239185,8.678376,2.6474464,5.6070156,3.987349,6.25319,5.865986,6.659898,3.552155,3.7215633,3.5465178,4.9428754,4.0878363,0
8.17957,4.7882333,2.5434723,6.3098,8.67334,2.677899,5.4587727,3.9393384,6.297879,5.9656777,6.7097406,3.5966036,3.6730518,3.5942743,4.914753,3.9843452,1
6.3621087,6.2008295,3.3526075,5.9958963,7.6388226,2.0708108,4.5536323,4.7900395,6.2325935,6.306533,5.4300385,4.888596,3.3457584,4.906458,4.1552167,3.8133519,0
3.2854185,4.866343,4.2530956,8.063548,5.912193,4.0333476,4.5174556,5.0528297,4.312868,7.604671,3.456278,4.710079,3.6607835,5.6511574,4.735793,6.087114,1
8.143594,4.8011274,2.5136123,6.2545195,8.635058,2.6120675,5.537294,4.0354095,6.2446513,5.9430737,6.5718093,3.6401482,3.711415,3.640095,4.845674,4.035404,0
8.317047,4.760044,2.5574403,6.3060045,8.738561,2.6833363,5.528903,3.938212,6.342258,5.9004235,6.8402114,3.565788,3.6496572,3.5111578,5.051578,4.051078,1
6.2964487,6.295017,3.400514,5.946231,7.5882883,1.9870172,4.575883,4.8532453,6.232191,6.3131237,5.367268,4.9695344,3.3430214,4.9679885,4.1390567,3.7615564,0
3.1841164,4.7835774,4.258507,8.173792,5.911009,4.1558547,4.5188036,5.004339,4.2946672,7.58679,3.34867,4.654439,3.7938168,5.6262784,4.8125663,6.157697,1
7.989322,5.267085,2.572544,5.973873,8.706549,2.4231343,5.804791,4.5027924,6.1527314,6.112596,6.0404,4.155007,3.801327,4.408549,4.4733696,3.8215,0
8.244848,4.7670507,2.497002,6.2620745,8.748744,2.6914015,5.541201,3.9563203,6.2807035,5.9544244,6.7156396,3.5871952,3.7235768,3.619458,4.9106774,3.967001,1
3.3023286,4.766372,4.1615543,8.13504,5.8946285,4.113036,4.5500345,4.9467626,4.2876663,7.5537395,3.4607499,4.6111565,3.7818584,5.5250125,4.7577324,6.103511,0
3.319446,4.8130813,4.213478,8.176932,5.853437,4.040054,4.6125565,4.9441676,4.242849,7.5105867,3.5375004,4.6812334,3.57891,5.5573406,4.642443,6.0242195,1
8.255044,4.635858,2.446897,6.222283,8.614737,2.6331217,5.675173,3.9892502,6.2075167,5.791543,6.590275,3.484418,3.7409947,3.4701424,4.973928,4.185739,0
8.3610935,4.691361,2.5492353,6.303139,8.714472,2.6726136,5.5511312,3.9087253,6.3576584,5.81371,6.909203,3.4917178,3.6237333,3.399059,5.1049705,4.1339526,1
3.2902937,4.698368,4.0912004,8.126864,5.7880473,4.1038446,4.4974184,4.8685856,4.1886554,7.563436,3.5267334,4.575305,3.8115587,5.4438934,4.7061505,6.1543746,0
3.3201628,4.792294,4.223169,8.182409,5.886989,4.0877028,4.6083956,4.9587684,4.2742825,7.505779,3.4809878,4.6674294,3.670415,5.570868,4.698207,6.0356064,1
8.2833805,4.679866,2.4866238,6.289491,8.675251,2.7080348,5.519473,3.8700156,6.289193,5.8702345,6.8134174,3.4852903,3.686041,3.455305,4.9759383,4.046487,0
8.330022,4.7088857,2.5766852,6.352239,8.669598,2.702954,5.4901114,3.8524973,6.364973,5.858917,6.943681,3.491406,3.5963116,3.3897939,5.1135335,4.095078,1
3.3462732,4.7550383,4.1302824,8.157614,5.799655,4.047404,4.5862784,4.8863587,4.1970487,7.516166,3.5838323,4.6262717,3.6510713,5.4620957,4.6396446,6.053903,0
3.2080398,4.7978435,4.2799788,8.153062,5.9087067,4.1328077,4.5279155,5.033354,4.2960763,7.5862684,3.3640707,4.684806,3.755502,5.6520844,4.797729,6.132008,1
6.37606,6.330226,3.363036,6.0402493,7.6370454,2.0596907,4.495266,4.913802,6.185761,6.360651,5.3559365,4.9166203,3.185865,5.086854,4.095042,3.833997,0
7.8130016,5.001796,2.687533,6.398681,8.399678,2.6134582,5.209374,4.0235906,6.25979,6.1428976,6.4391828,3.7794447,3.5957026,3.780789,4.769794,3.9648912,1
6.3184996,6.265771,3.4334075,6.052892,7.617411,2.0443504,4.4273806,4.7832184,6.2760267,6.352539,5.443341,4.919298,3.2110853,4.911713,4.1732244,3.8597536,0
3.9667072,4.864532,3.890542,7.9815893,6.286954,3.908266,4.836026,4.7846775,4.623395,7.2901826,3.7523644,4.422736,3.8421853,5.221308,4.620581,5.7389407,1
6.3211927,6.2044377,3.3789165,6.109544,7.57528,2.1481252,4.533756,4.839034,6.1277595,6.4835243,5.4294195,4.842398,3.2457201,4.9523497,4.13061,3.8851476,0
6.2547927,6.2652054,3.4212413,6.150049,7.593829,2.1343973,4.4325547,4.822026,6.256713,6.486462,5.387456,4.8764777,3.2823765,4.887074,4.2794056,3.9745226,0
3.9474022,5.0715246,3.8835502,7.8512235,6.301504,3.8219461,4.754621,4.8864164,4.687525,7.382147,3.7080486,4.4713984,3.753301,5.353941,4.6131887,5.666023,1
6.238577,6.2594266,3.368541,6.0021505,7.5943666,2.1133764,4.534348,4.875143,6.117745,6.433448,5.3432755,4.9007254,3.3005521,5.045308,4.032436,3.8895116,0
6.1886296,6.3717237,3.4420319,5.955578,7.539314,1.9957118,4.4986377,4.9031315,6.19249,6.3732395,5.303018,5.010851,3.2653623,5.0875354,4.073074,3.8097239,0
3.904274,4.8853526,3.82388,7.893058,6.183702,3.8900418,4.704888,4.8831034,4.598223,7.4346385,3.6749427,4.434877,3.8571894,5.284609,4.7371655,5.8076115,1
6.868804,5.8002396,3.2630548,6.4415736,7.7873654,2.2936928,4.477771,4.3599286,6.351791,6.4340363,5.9672117,4.4613338,3.2444696,4.255415,4.628972,3.9213848,0
6.4287324,6.138026,3.3945403,6.2321167,7.622455,2.1644394,4.4306746,4.6969643,6.2748137,6.4648604,5.5619206,4.780912,3.2408936,4.7293735,4.3571696,3.9338064,0
3.9575515,5.019414,3.818487,7.827296,6.230218,3.8786073,4.706884,4.8190804,4.608801,7.4217725,3.7376103,4.4263415,3.7953353,5.2922153,4.6433287,5.7031636,1
6.8719635,5.7825923,3.2999876,6.4562488,7.7745028,2.265977,4.421907,4.3091955,6.3986564,6.3858733,6.0174065,4.451528,3.1977825,4.2091713,4.6482334,3.9148622,0
7.789502,5.064018,2.7729523,6.487468,8.340893,2.6080523,5.1160364,4.032324,6.2981896,6.19923,6.4802513,3.8207839,3.526086,3.7304451,4.8685584,3.9997623,1
6.509486,5.866617,3.3461323,6.405299,7.6289577,2.3316627,4.433154,4.5052385,6.250817,6.5173607,5.6542544,4.579849,3.2727993,4.5056963,4.545901,4.044828,0
3.9111454,4.8346276,3.8936374,7.9646544,6.2441163,3.9435434,4.7948565,4.7977633,4.5830483,7.3388076,3.7208264,4.424164,3.871647,5.2179484,4.6542945,5.7943854,1
6.2299666,6.189435,3.34073,6.031801,7.6036916,2.1808567,4.5417476,4.863887,6.073875,6.4872084,5.37114,4.8394856,3.3006494,5.038684,4.023378,3.9368966,0
7.491206,5.316855,2.9851925,6.712927,8.069987,2.5491424,4.6452765,3.981073,6.3533907,6.449948,6.453824,3.9191487,3.3649943,3.646918,4.910497,3.9282641,1
3.8690891,5.9439635,3.8003888,7.1039624,7.1750073,3.279859,4.470094,5.507552,5.503749,7.749321,3.2520404,4.5543685,4.0130076,5.5970454,4.639364,5.610195,0
4.148646,5.483275,3.6759386,6.9836607,6.8213553,3.5416508,4.3816614,5.4202313,5.2493114,7.968884,3.555606,4.435948,3.991518,5.3507814,5.0839686,5.906676,1
7.011534,5.7273917,3.2111037,6.516569,7.843113,2.3368096,4.512222,4.2887635,6.360176,6.4719296,6.0677366,4.365561,3.2612078,4.119719,4.7080517,3.9039738,0
7.3881783,5.3276033,2.9585168,6.574444,8.051394,2.498467,4.715221,4.065672,6.2720237,6.4144745,6.284609,3.9954102,3.4215047,3.8175485,4.779141,3.930485,1
4.5091953,5.767346,3.728967,6.8402996,6.785346,3.2762094,4.3863997,5.2454123,5.3976707,7.6662292,3.8921082,4.614433,3.636778,5.459345,4.8401546,5.4800806,0
4.1291866,5.5178103,3.671547,6.9775257,6.8520374,3.5208333,4.3854356,5.4329867,5.270419,7.965678,3.5232666,4.4413586,3.9928691,5.3539934,5.062494,5.8879113,1
7.291605,5.9858513,3.4072597,6.969421,7.827534,2.3235564,4.400432,4.3319025,6.5001817,6.882836,6.3768134,4.3894553,3.101488,3.6463382,5.324663,3.953676,0
7.403908,5.2344584,2.8607037,6.515893,8.120026,2.5523453,4.828464,4.067129,6.253547,6.337323,6.2533555,3.9657516,3.4831831,3.8849018,4.6731243,3.9208305,1
4.3689494,5.7116156,3.7368739,6.897853,6.7677083,3.3507147,4.3895893,5.289105,5.3452425,7.741023,3.7756124,4.5817876,3.7113276,5.469442,4.881608,5.5904202,0
4.045527,5.5457597,3.673532,7.007125,6.9126353,3.5326817,4.4000382,5.4697347,5.3041687,7.9713573,3.444654,4.4079146,4.0556946,5.382549,5.0369215,5.9092565,1
7.1285987,5.6273227,3.1439219,6.554281,7.904299,2.3876157,4.5557785,4.2143955,6.355851,6.466951,6.1506786,4.2618337,3.291748,4.020921,4.731791,3.894194,0
7.458741,5.262146,2.9207516,6.596084,8.115215,2.5670643,4.76133,3.9837298,6.3321233,6.362219,6.332759,3.9329164,3.4090097,3.8147259,4.705215,3.8772964,1
4.5072527,6.04995,3.7304716,6.7532067,6.8966365,3.172002,4.4410563,5.283976,5.5230513,7.60338,3.8186433,4.6359234,3.6003013,5.5569124,4.698049,5.402948,0
4.1462746,5.710037,3.6518826,6.905443,6.999284,3.424822,4.413899,5.4785156,5.4136877,7.922334,3.4690852,4.4382377,4.0148983,5.395541,4.959575,5.8095675,1
6.1950955,6.1637444,3.321874,6.0073714,7.593897,2.1991165,4.5865784,4.8828874,6.0199533,6.5113196,5.3712044,4.8191514,3.2907314,5.086549,3.9591072,3.9221797,0
7.298732,5.6949773,3.2593815,6.9338636,7.860935,2.4055574,4.2845025,4.0726275,6.4671197,6.735617,6.460866,4.1269827,3.177285,3.5088465,5.1286793,3.8832521,1
4.6949463,5.7438135,3.6845014,6.7780185,6.8057017,3.223173,4.3808084,5.1878657,5.448831,7.6036234,4.047001,4.6082587,3.5969481,5.3874583,4.848146,5.3850055,0
4.023282,5.5006046,3.7576587,7.0887,6.802321,3.529535,4.374673,5.4148974,5.2171645,7.932279,3.47844,4.4969215,3.967403,5.427852,5.003204,5.8680687,1
8.06188,5.110007,3.1972847,6.7418804,8.3243685,2.604735,4.4511347,3.6993227,6.728702,5.8863773,7.4417872,3.6938927,3.0457196,3.212667,5.4407825,4.1783175,0
7.9631243,5.139189,3.1519103,6.8403945,8.259708,2.6427767,4.310659,3.6384394,6.6999226,6.055244,7.3554535,3.6455832,3.0659926,3.1392443,5.405187,4.0851846,1
3.6525252,5.317104,3.9680145,7.337791,6.454854,3.7481902,4.3407702,5.378379,4.926979,7.9293633,3.4116712,4.6114984,3.8333962,5.608959,5.0500298,6.029129,0
3.4907057,5.7441225,4.01831,7.316418,6.9112396,3.4310105,4.3012576,5.57811,5.2465844,7.9039345,3.1002543,4.6902747,4.017017,5.76265,4.8357496,5.88943,1
8.177599,4.9145207,3.1263857,6.7608004,8.428846,2.737023,4.264271,3.4329746,6.789009,5.6884384,7.7880235,3.4198875,3.0156207,3.0094771,5.4661007,4.174392,0
8.132882,4.9469566,3.027722,6.6982965,8.456285,2.8620398,4.1543736,3.3798573,6.8869915,5.7522745,7.780119,3.4231954,2.9624894,2.9186797,5.590057,4.05668,1
3.626133,5.3999133,4.0271897,7.361777,6.502432,3.666991,4.3033705,5.3899183,4.978242,7.8917146,3.3721688,4.664561,3.8563375,5.6719136,4.989882,5.9823422,0
3.4604974,5.9898815,4.0910926,7.3049483,7.083328,3.238564,4.3118286,5.6352596,5.3811455,7.827223,2.9898844,4.783137,4.0082746,5.904678,4.6527023,5.7363777,1
8.19475,4.890144,3.1058118,6.740116,8.4478035,2.7685018,4.222559,3.4028919,6.8170485,5.6662703,7.8207374,3.4020011,2.9978907,2.9766705,5.490178,4.151553,0
8.206175,4.8688684,3.042748,6.6841493,8.53191,2.8070092,4.1614437,3.343142,6.855263,5.6676736,7.823311,3.3980196,2.9708035,2.9466903,5.5433598,4.1159997,1
3.315412,4.9906545,4.148582,7.8227725,6.13243,3.9973311,4.401299,5.2034674,4.5397787,7.791806,3.3655548,4.62609,3.8369231,5.6272793,4.953376,6.1672525,0
3.1701944,4.9288135,4.272985,7.986855,6.050545,4.068292,4.4055367,5.118743,4.4331183,7.697722,3.2885747,4.643984,3.8642418,5.6941404,4.87954,6.2080684,1
8.169247,4.918169,3.127944,6.761307,8.425683,2.745189,4.209409,3.4166234,6.8075805,5.693917,7.7923293,3.4296002,2.985251,2.9998465,5.471261,4.1522884,0
8.157275,4.9491234,3.0632696,6.745609,8.523384,2.787474,4.126458,3.3309226,6.855654,5.74402,7.786334,3.424177,2.9770353,2.9578822,5.5133486,4.1212883,1
3.2262418,4.896986,4.2345715,7.9157157,6.049662,4.090601,4.4411774,5.149479,4.4621253,7.72891,3.2816782,4.70655,3.8720906,5.7260613,4.9193273,6.1977777,0
3.1120298,4.8827214,4.329509,8.026453,6.015703,4.119552,4.378033,5.1582355,4.3968782,7.729563,3.2355204,4.703966,3.9087784,5.760059,4.920749,6.2599206,1
8.2121935,4.8770394,3.0936527,6.722556,8.468136,2.7759657,4.2311244,3.4088404,6.8208895,5.6539903,7.8197412,3.4052649,3.0001156,2.9730706,5.504146,4.151629,0
8.174064,4.874442,3.0204473,6.688273,8.520877,2.8643756,4.075054,3.2897282,6.920079,5.6797633,7.8726416,3.3473098,2.9061162,2.8861957,5.582426,4.0656304,1
3.1835468,4.9070973,4.2587347,7.964257,6.061483,4.0825663,4.42082,5.1705728,4.4462357,7.726825,3.3228202,4.667055,3.847793,5.6900463,4.928759,6.2009244,0
3.1262584,4.88547,4.30617,8.000512,6.027072,4.111518,4.3881593,5.1303525,4.417503,7.71509,3.2651284,4.6628795,3.8910384,5.7274714,4.8974857,6.248833,1
7.8014483,5.597421,3.2514756,6.9717903,8.118897,2.4717398,4.6620517,4.1421776,6.5600996,6.625329,6.7722635,4.0833926,3.1513646,3.373733,5.557031,4.090116,0
4.268512,5.7513833,3.8618882,7.01974,6.571812,3.3947463,4.4300513,5.196572,5.2326612,7.640154,3.773049,4.6714892,3.5299547,5.6377077,4.766574,5.5156674,0
3.9759164,5.5482364,3.6704278,7.023088,6.9417925,3.5565445,4.3985877,5.5085673,5.3028,8.006341,3.372055,4.390107,4.1036596,5.3823667,5.054824,5.962079,1
7.538386,5.8163238,3.331786,7.006408,7.9612937,2.397549,4.5372753,4.256115,6.516821,6.8192863,6.5496187,4.2445674,3.1423373,3.4845357,5.476773,4.022554,0
7.5396857,5.683179,3.2513373,7.1036277,7.9540486,2.471518,4.419569,4.1144276,6.471086,6.913705,6.5830817,4.0566955,3.2089942,3.2915301,5.4340496,3.9562566,1
4.35043,5.7749968,3.8276973,6.9645476,6.6722293,3.3239262,4.3916993,5.22034,5.2985334,7.6415076,3.8087628,4.65807,3.5793204,5.583842,4.78065,5.497861,0
3.7241948,5.8460894,3.8596044,7.336772,7.053551,3.4742126,4.496907,5.4713993,5.402208,7.722434,3.1376498,4.52089,4.062523,5.557165,4.5945816,5.6768975,1
7.387917,5.942352,3.4315352,7.0516343,7.8389497,2.3377223,4.3419065,4.242795,6.558894,6.877054,6.521217,4.3275533,3.0557227,3.4946122,5.4484057,3.977251,0
7.4205976,5.7952247,3.2988598,7.1638484,7.8665624,2.4392965,4.318235,4.1379886,6.4607964,7.0172577,6.512602,4.1111135,3.1877465,3.2954638,5.41683,3.9128873,1
4.351118,5.843205,3.848811,7.0264416,6.6168747,3.3191712,4.4813766,5.161821,5.2724056,7.5467057,3.8261251,4.6806064,3.4828668,5.62831,4.6579337,5.409485,0
3.7869375,5.7350664,3.8045247,7.292803,7.042891,3.4751143,4.5559797,5.445814,5.334813,7.7762995,3.1661158,4.442714,4.1013293,5.53424,4.6786947,5.7235518,1
7.4296727,5.9420295,3.454149,7.0821166,7.845175,2.3339486,4.3496017,4.2214046,6.590658,6.883499,6.5570946,4.3278747,3.0210016,3.4535093,5.4986134,3.9828424,0
7.538352,5.7438264,3.3106558,7.1750846,7.91889,2.4568574,4.3324356,4.1031885,6.511495,6.959061,6.6383815,4.076301,3.1532395,3.2303572,5.504551,3.958885,1
4.1691604,5.882625,3.9007466,7.054429,6.6648417,3.3347945,4.446804,5.2271614,5.287532,7.591505,3.6677618,4.6939445,3.5572057,5.7130713,4.6586623,5.478274,0
3.7549171,5.761313,3.7766392,7.1493983,7.0920267,3.4395716,4.4221582,5.5646825,5.3928704,7.917652,3.1629157,4.4721146,4.1328635,5.531098,4.8421116,5.839201,1
7.475056,5.9593515,3.4391227,7.068226,7.895602,2.351771,4.416032,4.296245,6.5741477,6.881722,6.570225,4.338306,3.0542002,3.4839332,5.539434,4.0221577,0
7.5511036,5.7392282,3.2993462,7.1759524,7.933988,2.4650335,4.357405,4.12296,6.500967,6.977233,6.617742,4.07492,3.1697438,3.230357,5.5265455,3.9661841,1
4.36514,5.9954004,3.8260138,6.9059477,6.768676,3.2392623,4.457255,5.228352,5.405276,7.56002,3.7661529,4.6782312,3.5365047,5.658777,4.642103,5.399791,0
3.6284575,6.031944,3.8716655,7.2538733,7.2368765,3.2819076,4.4704556,5.5834346,5.5127525,7.7493224,3.0425148,4.5868583,4.0918317,5.6634746,4.5575814,5.629099,1
7.809053,5.689165,3.3250124,7.0611205,8.0855875,2.4564435,4.591198,4.1676445,6.6052966,6.717726,6.8086715,4.1295323,3.0917566,3.3045669,5.6769104,4.10505,0
8.147627,5.2256556,3.0492587,6.8000884,8.389282,2.5710137,4.947988,4.0028934,6.567294,6.277057,7.0128603,3.8284214,3.2510283,3.287177,5.53885,4.160485,1
4.1880527,5.62044,3.9132788,7.3066444,6.4555864,3.4768088,4.544085,5.088646,5.0540524,7.5049,3.803087,4.6633205,3.4772735,5.620928,4.634454,5.4673977,0
3.7311482,5.8473535,3.8991022,7.520069,7.0564833,3.378105,4.6266036,5.3574014,5.3330097,7.510714,3.2460372,4.576018,3.9157395,5.5957603,4.3962293,5.487346,1
7.6407847,5.7908115,3.4375112,6.9849253,7.979247,2.3725147,4.444571,4.1676965,6.6606665,6.6108136,6.805165,4.2596636,2.9825962,3.4414914,5.578955,4.10377,0
7.809913,5.4318824,3.1925464,7.0389175,8.102259,2.5441248,4.445419,3.9168358,6.5658503,6.588893,6.920679,3.8639235,3.1621168,3.187836,5.478817,4.027701,1
4.0383325,5.4877267,3.9581938,7.5215716,6.385242,3.5800943,4.600688,5.0687037,4.9144797,7.4865074,3.7444348,4.645922,3.502506,5.6120596,4.6006913,5.515938,0
7.6067758,5.8577127,3.4357138,7.0743914,7.948404,2.3783069,4.4267483,4.2119403,6.626102,6.781294,6.7208014,4.269382,3.0157378,3.3866425,5.619298,4.067853,0
3.7434168,5.190784,4.061783,7.946628,6.190508,3.8281837,4.7067757,4.9486647,4.6019654,7.431114,3.6976242,4.6252284,3.496657,5.5835853,4.5814333,5.63971,1
7.4945493,5.7209697,3.4607608,6.7937794,7.940051,2.3322933,4.3309216,4.095011,6.6925054,6.3544493,6.8098497,4.285764,2.9320786,3.6099334,5.348833,4.0966763,0
8.347708,4.816823,2.720784,6.442529,8.661346,2.658577,5.35462,3.8996181,6.4646482,5.8750863,7.044339,3.5732932,3.4765124,3.346633,5.274184,4.168096,1
3.9039724,5.3448772,4.005871,7.7316384,6.290041,3.696353,4.657763,5.0308127,4.761616,7.461385,3.7096663,4.628531,3.5115194,5.6010375,4.578747,5.5754423,0
3.808081,5.2767315,4.0342655,7.878477,6.282764,3.7530391,4.7102327,5.0160937,4.6910176,7.424981,3.6527596,4.605638,3.5560412,5.5884376,4.5290947,5.606295,1
7.9306116,5.5331492,3.2763333,6.951453,8.185573,2.484554,4.6930084,4.1040645,6.624087,6.4910746,6.9437733,4.0438547,3.1015813,3.306184,5.664047,4.1656375,0
7.949622,5.412558,3.2093394,6.9965415,8.189734,2.5422702,4.5984564,3.97227,6.603701,6.4992404,7.008223,3.8874488,3.1413713,3.180636,5.616681,4.1212306,1
3.9230986,5.3519034,3.9897218,7.621995,6.2901816,3.6912594,4.589013,5.0699086,4.797334,7.530631,3.6972756,4.6336317,3.549762,5.5989165,4.658302,5.6324124,0
3.7046542,5.2490606,4.063107,7.928343,6.285514,3.7921236,4.698378,5.046482,4.6576786,7.456681,3.5710678,4.6034265,3.612875,5.6010623,4.537295,5.6708884,1
7.455367,5.775289,3.4391336,6.8852544,7.8963804,2.3379824,4.2977114,4.0963645,6.6545672,6.4892526,6.7445273,4.2728806,2.9648407,3.5620935,5.346653,4.035089,0
7.8051977,5.1801834,3.1052778,6.90243,8.14954,2.6279664,4.255173,3.642916,6.6092777,6.23939,7.1326823,3.6561072,3.1397116,3.193965,5.2356977,3.9846413,1
4.246888,6.218546,3.8168976,6.8162413,7.043154,3.0400784,4.4058814,5.421257,5.610617,7.6311207,3.570611,4.7396293,3.6993716,5.66779,4.5816483,5.3521237,0
3.7281568,6.1849055,3.94576,7.141431,7.2276235,3.1157632,4.4174547,5.5919313,5.5709105,7.7168994,3.1143909,4.7223563,3.9533064,5.79657,4.5096335,5.5163884,1
7.5978556,5.2989817,3.0880387,6.8807282,8.037622,2.554555,4.2973747,3.7550147,6.517326,6.3936806,6.81877,3.7885292,3.20222,3.3796597,5.051275,3.904733,0
7.6776414,5.287387,3.1149464,6.9301777,8.064836,2.574836,4.285248,3.739225,6.547355,6.3960156,6.9259205,3.7549255,3.1779938,3.277531,5.1665664,3.9446847,1
4.326137,6.256389,3.849795,6.832258,7.0401506,2.983237,4.3875747,5.3887424,5.634705,7.5398135,3.6583056,4.82982,3.6186073,5.687572,4.510474,5.2385955,0
3.915256,6.2039523,3.9121344,7.0569005,7.1988425,3.0734663,4.452008,5.5092936,5.5959244,7.632223,3.2654989,4.7306895,3.864644,5.7655168,4.4648776,5.4043508,1
7.561669,5.3356314,3.1046414,6.8842797,7.999998,2.5191863,4.304629,3.7876065,6.497773,6.4314675,6.7721076,3.8173609,3.2033243,3.4150825,5.0496035,3.8901777,0
7.6898613,5.25345,3.0932145,6.8786926,8.101239,2.5882928,4.3340044,3.7538168,6.5379786,6.346117,6.9128394,3.7595854,3.1959572,3.3180132,5.1377625,3.9581795,1
4.3673935,6.302838,3.7974126,6.7614603,7.102284,2.9514456,4.4095755,5.4156723,5.687053,7.5496035,3.6617525,4.7825875,3.6579478,5.644522,4.520485,5.2448254,0
3.9028249,5.9711766,3.8449755,7.110852,7.154667,3.2289426,4.455546,5.439614,5.5067697,7.6263437,3.3702319,4.6351023,3.8950038,5.689008,4.558577,5.5013576,1
7.5666738,5.409809,3.1942286,6.879989,7.995319,2.4989,4.244397,3.8053453,6.575902,6.3735185,6.856515,3.8976648,3.1130538,3.4117908,5.131066,3.9405644,0
7.775977,5.3152146,3.1523395,6.974196,8.100689,2.5749805,4.3323526,3.7775252,6.580282,6.425706,6.9984827,3.7697704,3.1509438,3.2068756,5.3210564,3.9946258,1
6.2308636,6.29292,3.4666092,6.3287377,7.5618916,2.2136056,4.4476037,4.867172,6.2705655,6.674594,5.375044,4.85922,3.3199985,4.7856455,4.4980836,4.0890656,0
3.9402864,6.023212,3.9422002,7.1462054,7.091602,3.226861,4.5847297,5.4089303,5.479621,7.6607704,3.1529505,4.5903983,3.9364936,5.7706223,4.443081,5.451741,1
7.311821,5.9048667,3.4721766,6.8807282,7.822288,2.2885766,4.2780223,4.1948094,6.6193085,6.605192,6.5732946,4.382653,2.9755669,3.6574795,5.291018,3.9947555,0
7.7810764,5.1773486,3.0231328,6.9005175,8.132194,2.6159556,4.3612247,3.683979,6.529871,6.355031,6.9535155,3.6634598,3.2306302,3.2760677,5.141441,3.9252057,1
5.890952,6.3950925,3.4976795,6.100977,7.4920454,2.1589708,4.4190745,4.9844775,6.1886654,6.6013837,5.042293,4.971876,3.3163264,5.0885377,4.2321825,4.1375275,0
3.874882,5.9413447,3.8535483,7.208122,7.1292043,3.2998857,4.544895,5.425002,5.4633665,7.651501,3.232349,4.5577874,3.9682977,5.6443815,4.5188723,5.524576,1
8.264442,5.052379,3.0544538,6.6882634,8.487801,2.617372,4.8679605,3.8382316,6.661409,5.9423375,7.321816,3.6923997,3.1798923,3.2125738,5.5460205,4.230839,0
8.374671,4.9677835,2.9121432,6.5955496,8.602201,2.6229007,5.180694,3.9215312,6.582527,5.9494395,7.189328,3.6721296,3.3137696,3.2697508,5.497732,4.2346964,1
4.289083,5.8915133,3.8784547,7.0138164,6.5901704,3.3872902,4.5169387,5.1310873,5.2684827,7.5420856,3.7694192,4.6620164,3.4422946,5.7283497,4.663752,5.432613,0
3.821995,5.900196,3.8041883,7.1852818,7.1983304,3.327938,4.559932,5.489295,5.4751563,7.737165,3.1529045,4.4726467,4.0723314,5.6036253,4.584472,5.603655,1
8.263459,5.1334124,2.9649334,6.638259,8.523276,2.5716972,5.162702,4.040075,6.5524435,6.106333,7.016697,3.8250585,3.30948,3.399632,5.471162,4.180738,0
8.309621,5.066786,2.9289193,6.642982,8.551512,2.5987537,5.1954246,4.003032,6.551563,6.085632,7.053538,3.7643359,3.327298,3.3443558,5.482893,4.193701,1
4.0770206,5.6011353,3.8945184,7.1538463,6.502648,3.5381486,4.4357953,5.221546,5.1058087,7.705086,3.6629279,4.629844,3.6035347,5.644461,4.8327446,5.6680694,0
3.855035,5.5891647,3.735997,7.1186624,6.940483,3.560303,4.4260216,5.5045886,5.2834554,7.958412,3.2858446,4.4192123,4.091384,5.4619975,4.9664927,5.926607,1
8.165155,5.0632095,3.1427572,6.7199793,8.407755,2.6301842,4.5717597,3.7106102,6.727832,5.8612013,7.4691987,3.6590865,3.076866,3.1737437,5.5077744,4.206067,0
8.38915,4.905809,2.883994,6.5634756,8.622642,2.6421413,5.1700974,3.8732352,6.5840864,5.884747,7.2313643,3.6159747,3.322717,3.2409487,5.4733944,4.2395496,1
4.9905868,6.4066668,3.6077113,6.410634,7.196703,2.7027695,4.4112372,5.3184414,5.88337,7.3173256,4.206275,4.8376913,3.4877968,5.348935,4.5042634,4.915864,0
3.610939,5.19712,3.947945,7.4057646,6.428447,3.8640141,4.392646,5.3526263,4.8383813,7.9274936,3.3844256,4.5415516,3.885192,5.5691237,5.071421,6.1067777,1
8.1922245,5.2383156,3.0860264,6.7715793,8.415886,2.5563047,4.987766,4.030461,6.600577,6.207725,7.067963,3.8639643,3.215649,3.3037305,5.599494,4.2109175,0
8.346434,5.072695,2.9786568,6.71154,8.535937,2.6032212,5.131553,3.9699643,6.593499,6.09128,7.158599,3.7349923,3.2753596,3.2321732,5.596388,4.2361546,1
4.904895,6.3727307,3.6350653,6.458514,7.1527133,2.758496,4.407597,5.3316603,5.8386116,7.3740835,4.132294,4.8243637,3.5085237,5.392853,4.525203,4.9823084,0
3.5765626,5.271283,3.932604,7.3400135,6.5371423,3.8304265,4.3922405,5.429688,4.9195867,7.9581394,3.3014746,4.537104,3.9548016,5.5801835,5.078582,6.117341,1
7.9906664,5.3240037,3.2658734,6.747434,8.27134,2.5009377,4.61284,3.9258387,6.70348,6.054168,7.204057,3.9313045,3.0434837,3.3507893,5.515078,4.2080903,0
8.466677,4.9433436,2.9305515,6.5854616,8.658535,2.63246,5.176555,3.8904743,6.6500287,5.9142776,7.2780557,3.64224,3.2655487,3.1848586,5.574975,4.319271,1
3.6215682,5.237484,3.9482841,7.3569164,6.486935,3.837325,4.382068,5.385694,4.8828773,7.932409,3.3657777,4.5382905,3.8957403,5.6049304,5.075995,6.1002064,0
3.847242,5.417919,3.7322824,7.108601,6.793333,3.6774828,4.3826294,5.489599,5.161949,8.030532,3.3530002,4.4089065,4.0704393,5.4282413,5.118711,6.064041,1
