0,1,2,3,4,5,6,7,8,9,10,11,12,13,14,class_numeric
-0.6012777736009413,0.15816734753902056,0.3755139051851392,-0.057450159440955495,-0.06124782571664458,-0.19305881932192417,-0.10218820449098891,-0.47150618561671254,-0.3934829029970098,-0.04143671061267008,-0.4948984005422725,-0.20459029878504176,-0.6945629423510249,-0.07950252924144995,0.054269903912580804,0
-0.6654415265592171,0.2273615788330373,0.3648841873564226,-0.041016050489440944,-0.08614048274317462,-0.32128377898770927,-0.09663029779979147,-0.6543222348907332,-0.5226082703475096,-0.031001059603481547,-0.6903322603229195,-0.2300737194573886,-0.9916904172201353,-0.14766523038010662,0.009836041477987764,1
3.6957903316718848,-2.06195737916804,4.556233916704492,-1.4513172902045641,1.1860363664103044,5.352963845237445,0.22171836579066181,-0.25618700358793756,1.86215462429781,-0.35150991872113707,0.6317364765668642,-1.2562485140699897,-1.4004095947569686,-0.01949176249251375,0.4040081035265065,2
-0.735431548322837,0.07002417571120054,-1.0234555556899272,0.7363621457443501,-0.8146406715283824,1.7919756758944347,-0.5199986594656805,-0.44134380517284355,-1.6685759016627815,0.6814920390302398,-0.39136199948034506,1.0897369685418954,-0.38029309576071024,0.13035585857463272,0.6217310905289856,0
-0.6918257133647481,0.3084124237257492,-1.172329316186934,0.7350152485314856,-0.9114111114546429,1.9292487976847492,-0.4080337858870596,-0.8928756838793792,-1.1663060909236829,0.6907511656965929,-0.5632239705823829,0.40799110773268243,-0.1118177403513023,0.01140904062735257,-0.11516389333063323,1
-0.5266606537695748,-0.07420455207362148,-1.3859202833704474,0.7267441213323762,-0.6298751225361044,1.6007855226758108,-0.2968195463593135,-0.2498976248719034,-0.6762878085418517,0.26647615274013187,-0.035984834517967385,0.5264031872412822,0.21450027687738465,0.05271322276443412,0.05709892933525635,2
-0.6275899062615485,0.13007112413118715,0.3626639101174763,-0.08249198946111068,-0.04114406030121946,-0.3405134015938872,-0.07937596455409564,-0.3786956122518564,-0.3300400614247421,-0.0157459319038277,-0.37232735962148983,-0.14123901896689123,-0.6298327132635299,-0.04824490623793541,0.07386512637788278,0
-0.6716291323582021,0.17902454137711923,0.38567197482290133,-0.09424500129409716,-0.0620997616729968,-0.4181661402829996,-0.09741048252096601,-0.5556278039236896,-0.4097554973929676,-0.04022027791030894,-0.5511958175274789,-0.22324179560662058,-0.8598796029884193,-0.13050506921074986,0.01135823451611044,1
-0.0416384319111198,-0.39671094356173686,1.9001536557973449,-0.8192419045061131,0.7886643190944623,1.003545276864153,-0.019499762147256586,-0.19998531380829393,0.11824995674471855,0.23573929734141028,0.2177941423160096,-0.08012165768461288,0.30302173486760764,-0.04323119007287331,0.05157007630518507,2
-0.8183244608183977,0.14598213930011286,-1.3329677197759313,0.9233491585976663,-1.0862752965993354,2.364649306434294,-0.5552979137480007,-0.8305039573158387,-1.668311327751977,0.8585451966944785,-0.4751428967976834,1.0805731753788959,-0.32633950106507764,0.08576404891768025,0.24424298078896625,0
-0.7880411720872528,0.39827901238076413,-1.390628736007659,0.990972796869207,-1.1558927682511198,2.547209846485932,-0.4984928151844168,-1.3147082376952135,-1.6389520936737993,1.0282481440612339,-0.9603236961170177,0.6248655974754913,-0.17052978894110868,-0.03045470601229438,-0.1877024282346379,1
-0.36953319217333963,0.07847996105838777,-1.5296374783881383,0.8972964606884994,-0.7291366355200072,1.9161336254590078,-0.30699399438813374,-0.7909168463248166,-0.8372968134766796,0.5251277697639283,-0.4516975344618493,0.1514293164757151,0.7316564951416815,0.07985384646196807,-0.13395129256614147,2
-0.6786711264984767,0.09080549620204346,0.42157504942288965,-0.1218453720556759,-0.013433647858865451,-0.32530462551708295,-0.1390745793693117,-0.45853125717017124,-0.49079181398547433,0.11681397292323321,-0.3311369553919629,0.009650241232581229,-0.6305048923298169,-0.04897512483498752,0.10549498340642972,0
-0.657239086264084,0.21177108337103576,0.3263925422698969,-0.012687332388874747,-0.09670472115532791,-0.21271074427834125,-0.1067336168081126,-0.6506818429652578,-0.5388591740896151,0.02674024636652612,-0.6449142645438868,-0.18380263357320903,-0.9246184030416211,-0.12650372918579963,0.021859992303128205,1
2.4709839179526703,-1.4720053033334606,3.9187401552727708,-1.29414078602734,1.128932162133926,4.289796041365975,0.23245278795697788,0.43125022430431065,1.3247371526643654,0.3049526536280022,0.5567471272372326,-1.0525940632043342,-0.9298156807745144,-0.0012099496675592322,0.31479839346252886,2
-0.7401702461846668,0.015802450834606116,-1.1617398529423486,0.7286567053436532,-0.7932605320009376,1.9410031653550615,-0.5219353756047778,-0.5176107247382251,-1.573792175179581,0.7024232173637217,-0.22688290581363607,1.2048915893884697,-0.4016107342913673,0.11690811685786698,0.3692303095129535,0
-0.6192582669983177,0.5219303685987696,-1.3716803126809638,0.8749261172947124,-0.9640715001242759,2.35038026706458,-0.42362487655320125,-1.2693585367198252,-1.421327277117947,0.9312178015863377,-0.8352153798199119,0.3023081876220479,0.16961665814706728,0.009672992778797313,-0.35043583012352164,1
0.029942986794828933,-0.09138258622719224,-1.7874616348348644,0.9889365393859463,-0.621067339967522,1.9433607105165884,-0.3316413201810483,-0.9982345452104164,-0.9160403523706266,0.511803886562249,-0.6382281888225824,-0.06787664622043736,1.2356225039122615,0.13301899901775904,-0.155219188287217,2
-0.5955850372387266,0.15626199596385046,0.4400484014356495,-0.06830944328173987,-0.015065726361287793,-0.2017366503524828,-0.09094940847194588,-0.484880858407179,-0.4114019477080688,-0.023275504075667464,-0.483128788982036,-0.1945200957822139,-0.7099724168092458,-0.07154918715742958,0.06685698287905723,0
-0.6303022566814609,0.22890524334065748,0.3310971139373569,0.01069090882813442,-0.07828614885963872,-0.18554765298404494,-0.08622374342864912,-0.6286739044341888,-0.5139360281008397,0.00568306364462103,-0.6415384793415483,-0.20454289007516813,-0.9231654178986748,-0.10390036870759134,0.03466099896443794,1
3.123760950347183,-1.8915087330504292,3.704088834136443,-1.279542994512195,1.1755618628253997,4.368351738090218,0.20670645089162062,-0.021838510122591002,1.4693838381482067,0.11205871182824004,0.5442444564795151,-1.1873408836997414,-1.2210214771868788,-0.013277392917915286,0.3326431004394746,2
-0.7454407558196473,0.08489098635803892,-1.1491010106005215,0.7556922390965735,-0.8670500327588796,1.9456164997507874,-0.49805919877324206,-0.6355876212296591,-1.4521995792396312,0.6882331874853945,-0.3071587620225186,0.9533643812728242,-0.3066819552483201,0.08821018020452064,0.24097104970427954,0
-0.7525852024765145,0.42216982793110464,-1.3131480952420533,0.8868236847740378,-1.0626807219159948,2.322803969454316,-0.4233367094274409,-1.2134060777096456,-1.4490556568083734,0.9517763445512213,-0.8550783945092316,0.5458742384071796,-0.21775430555573666,-0.031218989261467378,-0.21870371730756086,1
-0.5063042019878811,0.1787245116884317,-1.5743093496218286,0.9159658120087832,-0.8942038822197736,2.1281499361073397,-0.36869834176313865,-0.758737801113601,-0.9225994737821099,0.6159170746609256,-0.3831254524896419,0.2787004826839099,0.6130993573120253,0.06382812184288526,-0.14204137068913908,2
-0.601019664644429,0.14119429534107836,0.49693428907570186,-0.12099027488213522,0.029802444569241342,-0.4177262378063935,-0.052739475923611084,-0.38728986223532436,-0.25628657205999206,-0.0735286041884013,-0.43173406824902555,-0.20032246603770573,-0.6293069205309221,-0.0644216903410765,0.04321557699477391,0
-0.652827661779118,0.16365368737501618,0.39627002428265945,-0.12680729164583257,-0.025111049643846747,-0.5175726616474332,-0.06100102624273973,-0.44212293732561175,-0.2229173910931292,-0.07938469362271923,-0.45140889382485877,-0.2411516032754911,-0.7717227400118343,-0.09904369363750894,0.0037876657250846294,1
1.2273917707514526,-0.9374867577220298,3.0857913494167923,-1.1287261311449157,1.0016877628802427,2.6606851035372276,0.09681377368456487,-0.11568706583498217,0.8425545403698882,-0.014756141800414383,0.4034997322512007,-0.44274840150974426,0.043302059377474354,-0.048823447090349525,0.06670728595853195,2
-0.7071042841812826,0.03176723554790238,-1.057787490264711,0.6311559098469779,-0.7344631584920229,1.4976831658663863,-0.37691609525518627,-0.23877157503156873,-0.9116276578941577,0.38518805855531113,0.022657674599471538,0.8384763153318062,-0.30773045283817274,0.06477061591929091,0.23057109805592022,0
-0.6762911179492304,0.20914661929087233,-1.1704186074184326,0.725700069821621,-0.8649937030889144,1.7286482248305732,-0.333904659643391,-0.6039371713760732,-0.8417822754380249,0.5058291635904995,-0.2951558172801318,0.38755310123796327,-0.012388886828767048,0.01746934482912663,-0.04682688092284881,1
-0.17733621358607196,-0.05339343582235955,-1.4181190010911109,0.628097933812887,-0.5110043040643294,1.2207760408031976,-0.176272095778537,-0.33398856028345314,-0.2710831351632573,0.19482466907591503,-0.09059019805636717,-0.1026046789391421,0.714370998347635,0.05204479712106916,-0.09484029036775066,2
-0.6737676834718856,0.06824470934611827,0.3901396926113984,-0.18490240204010655,0.01874496324276772,-0.6538734740832441,-0.050090280645549566,-0.207657694331378,-0.05462269020735211,-0.05517611038041111,-0.10101667340826595,-0.05497290012433043,-0.373619999188288,-0.05039970267724533,-0.032202090802981344,0
-0.6853745300425693,0.07798850240779695,0.4866459123924078,-0.23328452169986894,0.04292767450717694,-0.7118117831584598,-0.06298343591635247,-0.2857814657446359,-0.08954756294562131,-0.0730614717138334,-0.16634219653628646,-0.11823156839459453,-0.36686730676985563,-0.08211989148329973,-0.07111223373886359,1
0.38243189206986533,-0.6685936838895843,2.0814000580142658,-0.960002530166209,0.9097016831537194,1.07237756099945,-0.002403112262159172,-0.11052224855671366,0.2936627232914928,0.20892285265415073,0.3717651008126866,0.12314447445149704,1.026445100663024,-0.060178906772034024,-0.17827212225583047,2
-0.5118706486848605,-0.1198251827143083,-0.5644685960567025,0.16903109276456899,-0.09130729926955476,-0.034975563497279594,0.03952535517867075,0.6782967639038839,0.40408597599074136,-0.2501728601195037,0.644421478449677,0.3842857298948267,-0.45303288540805575,0.06371485658986202,0.07483021584176618,0
-0.496159610673827,0.012923037825943602,-0.34754148853138217,0.1288473117202906,-0.18933069074826117,-0.08519906324709227,0.005795723073305194,0.2761207731849212,0.3327387061540913,-0.21643106858534855,0.275152331723934,-0.06883032493345986,-0.19874553227887035,-0.02284995624095136,0.027280786544586995,1
3.0342472412783588,-4.354384226372137,-2.7620356503837606,-1.1216489641225087,4.708856157699317,-0.32165799947793067,0.5321994983053507,1.3578712490983609,-1.0295580490689487,-0.5208203099273224,-0.7011385149854555,2.0209737855010976,-0.9576428779643646,-0.3029460033551569,-0.35046563164900174,2
-0.6158834204311917,0.06348703504691605,0.15809953728975576,-0.04758529368827227,-0.11626151541531887,-0.4819837113770155,-0.08606347023740823,0.09235341111756691,-0.09753971326892845,-0.17364826921216442,-0.03019754538686589,-0.15382932510251446,-0.1903191229445016,-0.127451695930672,0.1629586597793503,0
-0.6879480882131236,0.05689812679941039,0.49144186226554876,-0.25072308231010565,0.054810475203353345,-0.7186782042662869,-0.0812338643835463,-0.24567296025889857,-0.07596454877546291,-0.0801978333540762,-0.0700222069169858,-0.0933017736581475,-0.21486057292761793,-0.10946810955463752,-0.09840731934832701,1
0.4112937103297418,-0.7135618437489268,1.9328059449806327,-0.970115752179148,0.8433089683539112,0.8796685105401859,-0.021179653864049065,0.026635215108034807,0.31322275760349966,0.4280272497145714,0.6490332020381463,0.21977916033139897,1.1848074635327235,-0.012199019808158795,-0.2198895543383362,2
3.703622457347002,-1.507586850348485,0.5605397763961016,0.4854148179672754,0.08894484173210622,-0.2806725216116168,0.40348721773595647,5.714357458354844,-1.7582522098444044,6.02290742498042,-1.1199833920977298,-2.492418134342977,-2.5846941076974472,-0.9110929294284007,-1.391692785631018,0
-0.5587805937157689,0.017997587863651018,-0.5358828920652166,0.23952701912478205,-0.3110647946672459,0.243953817039706,-0.058051939582112924,0.21224422589556025,0.1490263707545705,-0.13892094192315846,0.29683301109029575,0.10900160523047296,-0.28175216230168726,-0.008788766113071975,0.049734624199190954,1
0.8453341077715525,-1.9757825570906136,-1.984955644675788,-0.3146160636124262,2.2175162731841653,-0.2258205125671021,0.2531528270568071,1.1533043655389044,-0.3786438613183339,-0.8050614276965685,0.13983643392768907,1.5690545702532726,-0.45196210325088587,-0.09922714040904682,-0.10232149941291799,2
-0.4190032831304547,0.05261738851253404,0.25743593703177925,0.04451180021704073,-0.09536789220647021,-0.5275804128863371,0.8399343613270012,0.30252492671017495,1.5257802817394635,1.1530074530154424,-1.2717191789407811,0.7833719372254668,-0.6830534987578842,8.239909399322126,-0.367003931510739,0
-0.6872218539112823,0.05137474867154721,0.5186062209073692,-0.2636170666327458,0.07831280105099063,-0.6985441969493633,-0.0876766826360348,-0.2553453203428354,-0.13179531289120125,-0.02774940699357763,-0.06582622699480896,-0.04248475199183739,-0.23905789978777778,-0.08305991969094807,-0.06566019145954131,1
-0.06803759829235308,-0.47070437859641956,1.436432297346464,-0.7933561153657066,0.7623326281304731,0.2414885843607791,-0.050025161693917276,0.022500259842664162,0.048838275947731075,0.42646796337360937,0.5229012080344878,0.375308601697762,1.2228504888018705,-0.011212913925842971,-0.23374591586804092,2
-0.46333828406843464,-0.06867627695839044,-0.49423073472549023,0.1717723823617033,-0.15314781042573544,0.029941555507762396,0.007115336573686631,0.3452880406480473,0.29120223113701277,-0.20136013212619272,0.3229428484883518,0.05963687116387023,-0.23247718432918166,0.01804738756748147,0.03558013669177598,0
-0.43410648060031826,0.11720986091523286,-0.3926683359927087,0.10856000463921224,-0.27519558075827094,-0.07044076842822157,0.04246981114448446,0.12494604447084555,0.4946271190653126,-0.2370686590381704,0.1849288558789005,-0.3134565259049405,-0.07027346634657147,-0.04601974906976089,-0.057553578719546014,1
2.3846913614349945,-2.8077664350212235,-1.347969020044207,-0.6714135586617244,2.327142095453035,-0.04409700895115296,0.2543788843398113,0.5194431577188323,-0.31775567322960535,0.05063200956095312,-0.4325590275051128,0.2609863333287322,-0.35871353605076367,-0.13187662765424665,-0.14515207480297926,2
0.13912343071882302,1.494975245677814,-0.46822910269915885,1.9124236828916539,0.3117700790709281,-0.31024366600894127,6.20340846780876,-1.9786136880438436,5.872178436019327,3.836854060076925,-3.3390505415930165,4.038227902169042,-0.03768820604689688,-2.234673830372789,0.5947856159794204,0
-0.6695570918655968,0.08932721718374245,0.5196997797484779,-0.26150464386488204,0.05649852961129062,-0.7111988031628147,-0.0551891477289053,-0.3061395817625693,-0.04922962605536273,-0.11179706478723242,-0.16060642856430735,-0.19646887452908474,-0.27995632246463337,-0.13317673707986377,-0.12090064065518535,1
-0.04080336968123984,-0.6043187221749778,1.9143824747613067,-1.0647641617991723,1.1087852880714104,0.6046887025874429,-0.06370475599342643,-0.15077903185500569,0.009982667375849526,0.5026274248162241,0.5705163913497936,0.4891146588158575,1.5195306922043368,-0.07831986927420151,-0.2407153527721883,2
-0.4569652094499814,-0.04349718063986502,-0.43643941037493367,0.1417297721269143,-0.1607538919704965,-0.03845539374714162,0.01803224510478769,0.3144082273405477,0.35328926832314833,-0.21961540941433055,0.3052214373700747,-0.021686384610086408,-0.19416265681433026,-0.010808070901625482,0.01881784799469729,0
-0.4394796656931844,0.08325978465018809,-0.33607339357778154,0.10833420910420309,-0.23299148625994123,-0.09609151475990103,0.023757089345694257,0.16755011247936477,0.40517690125715805,-0.2193387209711834,0.17124962017991932,-0.26155034467429117,-0.11568778689330635,-0.03969326964184573,-0.016508302912763298,1
0.9426464637038852,-1.8680770328225795,-1.591562284890994,-0.3449013318933741,1.9620255668704842,-0.1638022930829198,0.24112002582288053,1.4684963128584725,-0.3549523922708463,-0.18223728170999537,0.26937748118608473,1.1732802343271296,-0.5813598747064017,-0.14232102506544986,-0.16698400509485128,2
-0.5224702185712947,0.1083631008996657,0.279810461100247,-0.03971911888629757,-0.04881026357280192,-0.47380052257576855,0.17397077625033358,0.3277576741500346,0.5733589030698142,0.5012631143427481,-0.5419927531077782,0.3930493695089285,-0.26003497044411206,3.2695696446192057,0.05952154708393056,0
-0.6665625157991464,0.09210517664963871,0.5084598049933173,-0.22043746962034394,0.0442633127703422,-0.6718597231998046,-0.052816736725855795,-0.32120058454045225,-0.10215892380822368,-0.08972265741882021,-0.23363785404103193,-0.16100673148384145,-0.37499700407962544,-0.10005064887363765,-0.07618960600136271,1
-0.39414256704437495,-0.3082039458923418,1.3815974002097309,-0.7672488182803127,0.7504427894046259,-0.06021989129939202,-0.09887132314846604,-0.2501565222429131,-0.1960105982955991,0.3123792846991211,0.2807527583600846,0.418545755798888,1.0131269979789033,-0.0898128712772401,-0.19466597636339572,2
8.201247823967428,-1.6467498628325454,0.6632894043241627,0.49055200869234666,-3.603294286920469,-1.5810459710131821,-0.6437361726274297,-1.6450929584357832,-0.06987899304503986,1.2268204258956308,1.568809945617307,0.4554045142649053,-0.7035162539309535,0.02993070178118195,-0.024845616284316745,0
8.80609425857866,-1.4277686775755198,0.6843768354344949,0.29890753594368497,-4.519287142943496,-2.2275918206531795,-0.9063678329472085,-2.1589985484516188,0.1158684638470751,1.1672682826190897,2.295315741739561,0.9420960996477193,-0.5642088171040043,0.008439915743225928,0.14098085729976698,1
8.572088357490593,-1.3180300889855106,0.5853772787829316,0.20433680061081297,-4.514112001687933,-2.292458547415745,-0.9326188609922986,-2.1889811808307074,0.17429865843924444,1.2059085191064454,2.391229388154092,0.9371196789275119,-0.5247324055566234,0.018799979775746583,0.1465509966377988,2
-0.03252008709977702,0.252573872470529,1.073013119120354,-0.2894907049830336,0.14754863543715815,0.29703431854195317,0.12402160458149837,0.22812699967387198,-0.2001899582496168,-0.08206132525384677,-0.27847883386895,-0.38018373255453475,-0.3623017028843328,0.055975710291875626,0.3106145341961066,0
-0.6755985617896734,0.16996418517850373,0.6211409287466189,-0.13813816051706496,0.04996118199721662,-0.4221293802130949,-0.13837420167790754,-0.6234625449520509,-0.6360188673991727,0.03469608155924202,-0.6081675480261097,-0.09994190900401796,-0.8754217667118219,-0.11952710280803186,0.11669579579588557,1
-0.4284644494972586,-0.2830989551815431,1.5452484326675713,-0.792180140667665,0.7795370976282766,0.2184004139468039,-0.1402372004865687,-0.24975668054542152,-0.4510544680264685,0.5792871827264209,0.2654616997238105,0.46558501206925,0.6753739920656342,-0.09007047658942607,0.07173949293278861,2
1.296465011335098,0.5286838327136208,-0.9137060647930599,-0.09817406076561336,-0.41450560267193737,-0.16069296619710888,0.08776711322897349,0.10206532584402464,0.4856139742265868,0.9314428077220878,0.6230766536676796,-0.8745655822245978,0.3427054265907637,0.06953786170605701,0.028358647053702904,0
-0.5013577962607519,0.02974962448552376,-0.7381381254491229,0.355471465024801,-0.38070534810971485,0.5253438922841778,-0.07820553339102683,0.13165909646175386,0.049987863457446165,-0.03923573308759654,0.2078774288787113,0.07715608466921427,-0.08338208383799448,0.00594196002801645,0.03882207420240806,1
3.7782245800095278,-3.2948630764589404,-2.115188811146322,-0.22921070466993532,1.5822554696145514,-0.4552220681669199,0.014434168179914102,-1.7579132435037372,-0.21088240285799564,-0.6286045665006839,-1.2400180500532945,-0.834797026463009,0.8335427376668845,0.23242183080705917,0.17239423403568294,2
-0.4540953087155307,0.13105322244113024,0.6389227421361924,-0.2599523709468233,0.11614119302642631,-0.2577565377063068,-0.040464393197231795,-0.07433256070510605,-0.17909111278250123,0.015129902936088338,-0.10886724717699822,-0.22504470543583216,-0.1939292558806073,0.06064527089790404,0.14096418904203054,0
-0.6506111947529017,0.17847744889315784,0.5792011202689482,-0.1874523039289922,0.02733603990933508,-0.6250576252599264,-0.05277129727596393,-0.4746942722386934,-0.29070724460749775,-0.16268461001274473,-0.5282379288542381,-0.2594221309144955,-0.6647892314574834,-0.15970885057337103,-0.03812808377944496,1
-0.569351404399857,-0.30403583806604556,1.526015688973184,-0.8930849406736361,0.9152924238387568,-0.20990165090817245,-0.1829768050851055,-0.015199893136062502,-0.6120615920726348,0.9651441830945053,0.6660798125368761,1.024148121694955,1.356655033203985,0.039456706036445056,-0.03587288547906321,2
0.27621899950184314,0.2797833033913806,-0.7155153735783065,0.27343085519144544,-0.4270211724471966,0.19996222242159525,0.051489117302008204,0.11769045906795012,0.24094735590968955,0.16088360458225792,0.26653497763349615,-0.597773658518288,0.4731861000291892,0.02728316891655861,-0.029884725873302775,0
-0.5075705770361473,0.0009967911997459252,-0.6364107007430294,0.2978320628479108,-0.3207950373315598,0.4171260666246535,-0.0841119995771648,0.15177840564539224,0.010539323089197814,-0.059663803222565225,0.21516402408898794,0.1108222451307735,-0.14976489311935137,0.004346721255994935,0.0596703875003098,1
3.5962453644351617,-3.757879066427475,-2.5812317415172386,-0.5046003706306552,2.5061450149976663,-0.42724890860183873,0.12885210621786775,-1.4591775268579135,-0.4257015612204468,-0.8647773828034138,-1.3441153987541339,-0.3748381087245125,0.5209076806961862,0.19060935174995694,0.07931482408103915,2
0.22096031429130775,0.30501702628987865,1.5144027717533932,-0.44806863830209487,0.44864807617876507,0.4748566618359121,0.18105052773918198,0.324515835865491,-0.0019181042662978346,0.34847221727990957,0.04820570334982801,-0.4148744259128449,-0.19293052058362517,0.11232890721649993,0.24797351799515288,0
-0.6580878472010057,0.15366942772595063,0.5288136845658903,-0.19948123876920437,0.02586546703671071,-0.623699453834558,-0.06523662845494567,-0.43211408491187103,-0.23400613351937477,-0.10830461134411043,-0.4414882221581567,-0.22765218479409371,-0.6264526730387453,-0.11867262420769178,-0.025391397312611703,1
-0.6903084988460734,-0.16463484226173605,1.328267335897231,-0.7529057574763813,0.6738946726399602,-0.559292548252374,-0.1997278935733501,-0.2197997251654633,-0.5967422909987946,0.6760807530274611,0.4374411595728013,0.8428854333254224,1.0149996139837356,-0.003951412690062658,-0.04678225480345403,2
-0.20586537251497597,0.10175792797100465,-0.6733675710512136,0.30459284727596814,-0.3439138093519694,0.34351531949489233,-0.026476809627465188,-0.04799765949776722,0.21119041328605873,-0.04289402488204924,-0.010004969122086925,-0.3611913927982457,0.29190582117390373,0.019426782635547844,-0.035998627757917075,0
-0.5496139709857666,0.002371468564712418,-0.7693374430427392,0.3888958604669152,-0.40091757481648527,0.6860561465870296,-0.15323748274958113,0.07719035170224202,-0.20916278712817007,0.040721889932956695,0.17769414076545106,0.26646744925297255,-0.21522405695712338,0.02220390431519819,0.09601690039123427,1
5.108441839676206,-5.069450090394653,-3.240483244377664,-0.7204619401123562,3.444774875115262,-0.43550595904649747,0.169519546958578,-1.8832134184493166,-0.7671607372829959,-0.6773486656316465,-2.0180042234663658,-0.7046174288572248,0.24510387479218543,0.19639314260944382,0.09482667768652897,2
-0.5393574531706806,0.07834482157604147,0.6507904548490905,-0.26144100291662514,0.14962900282832808,-0.3196771528806248,-0.061132301500487214,-0.195673328101627,-0.2070786489238759,0.09432624844522744,-0.15888636361338934,-0.10366456957928218,-0.3125954258735461,0.15336473408575205,0.09782598786784329,0
-0.7069454845379373,0.11060803880800625,0.5598078697803663,-0.2116074413715196,0.034957156720278715,-0.6214790279999151,-0.11732367996942043,-0.48283276274294107,-0.4098421877034302,0.0015939326964293224,-0.39982983576913883,-0.10290560529261361,-0.6439105390230702,-0.11422743037068385,0.031380656556717755,1
-0.6399315648098338,-0.30242832191313823,1.5054017878860604,-0.9039770466727733,0.9453278817089741,-0.37820021171948537,-0.21584057169113938,-0.049935374811828116,-0.7506490804428088,1.0249484977119871,0.7066640201967934,1.228041748508106,1.3493888581894116,0.03827366682083176,0.0033679679715239203,2
-0.2862096421372313,0.14348262730639252,-0.7631007052873485,0.4245811077140947,-0.41151027985500316,0.655079747389502,-0.08007842281228521,-0.19492578887012718,-0.073929682162506,0.07819356288976097,-0.11497791906320311,-0.26300370195868394,0.3178408595284911,0.029558032817783506,-0.04842846072309689,0
-0.5324417143312916,0.0357797539302187,-0.7179023383532194,0.37294643673372596,-0.40091174458486406,0.6182578848940459,-0.11867906372959382,0.023016235760875966,-0.11312800493619876,0.02624155550479343,0.11492614169567293,0.15229858880224126,-0.1384646665266417,0.016442344195342868,0.05347070378735017,1
1.6554301141803867,-2.6113770199890585,-2.5451654186159187,-0.30215886422702337,2.428741157693183,-0.21959605617312858,0.2434227739268673,0.7629854058191944,-0.5702236562360699,-0.6527691280421722,-0.37392592272159797,0.9338559667871291,-0.24367584543912954,-0.08841535077444197,-0.09540720047162442,2
-0.6233641711023646,0.11259947096579344,0.4048291314300424,-0.1372511455255389,0.00024557639978617997,-0.4501513476869687,-0.06634643659233584,-0.31611724423182197,-0.19822488919328715,-0.05288693211192192,-0.26874501685108687,-0.15751644126915335,-0.45656905755527827,-0.05271431557771645,0.011546301694120855,0
-0.6900571557226634,0.13451147802570218,0.5530766263713922,-0.20114366830546518,0.029519052411205428,-0.6437556060621283,-0.08561810574506021,-0.47656016800843976,-0.3363517024880282,-0.05789414635067244,-0.44796196838383495,-0.16998944247745784,-0.6785959686897348,-0.13629909041566618,0.008036517828248949,1
-0.7489844856423878,-0.3908060326107916,1.5182038199675232,-0.9545071880153639,1.107768082158283,-0.6056161790608356,-0.2930604450136354,0.05840055016750469,-1.091077104893899,1.297774843946699,1.0550305094228505,1.968001492563064,1.7709680670284276,0.0607333846931505,0.12148429785078699,2
0.7245204426528462,0.13945461499966094,-0.8347278038181934,0.08079342587516287,-0.32934906108634354,-0.015362508120709089,0.07386903908889543,0.40076006831292216,0.42121570202619074,0.7722035639765678,0.524353301740557,-0.6854717344533531,0.2427479013893055,0.14303229131556192,0.017759595996380315,0
-0.4983854594717707,-0.04779805883696398,-0.6817078075222702,0.29128756323254623,-0.290594705624232,0.3949590632132594,-0.0844287929949457,0.3146024214566402,0.038841811521723606,-0.09822071037627435,0.3434979825399046,0.20268022354484955,-0.17576585400464467,0.011867710555077475,0.08905785331979818,1
5.248029053842298,-4.360355445397053,-1.6692428504585803,-0.727783511784255,2.1140955367952676,-0.016791506414763454,0.016570108926476937,-2.23275373061318,-0.06375705239393674,-0.5037481398037933,-1.264929476443931,-1.0720956289739552,0.17638423457762248,0.23305327035096407,0.3000211113765433,2
-0.6460422874890132,0.07774257449363488,0.36238898738001496,-0.12963398077138838,-0.01827691532534837,-0.46262461140564787,-0.0849279236388874,-0.2786359297601904,-0.20165407309433642,-0.04100317088952595,-0.1895818774580637,-0.08224480979779265,-0.3683252866135616,-0.08480475358599726,0.00421358702475154,0
-0.6070506158731832,0.10497433904770176,0.3256428061249797,-0.0971055969775663,-0.03833468742814591,-0.4135246136687722,-0.04800473538502209,-0.245855617425311,-0.1233738736667275,-0.08713059476701515,-0.2130794718241788,-0.15215810899001414,-0.3414936710774549,-0.06329795202039412,-0.010252312633182627,1
-0.391588589274985,-0.31692831941733457,1.3281796271403057,-0.7516252089641177,0.7497452349865137,0.08203307694670132,-0.09908410542304458,-0.04405792153816528,-0.18841241415545112,0.538064380642375,0.503654611960779,0.4626859125136957,0.9591058951426521,-0.015997052024483385,-0.09126219823062845,2
4.4319126464963725,8.40247271921747,-2.5351732000636273,-5.812156579926736,0.8040445946704835,0.14201257842462298,-1.9143887789982066,0.9160577487896634,0.4194078624572061,-0.14445930189445116,-1.062443346889559,0.27188208206939785,-0.07981240218212478,0.0335653782782428,6.356817102972814,0
-0.38277328963664276,0.05031961122073328,-0.3224305667776311,0.09667397268515225,-0.22970167586749327,-0.10721526504194935,0.03177711619136112,0.16537480602118537,0.42804208122149395,-0.24985992098910598,0.2060235065536306,-0.28523833216133737,0.061160932101727086,-0.050833023562296874,-0.0387975379092177,1
1.8625488913304884,-1.0202568851332527,-0.5963551645873418,-0.07629834016129348,-0.17611598181819083,-0.3797074116165382,-0.033501675812238015,-0.5060712894624343,0.46983911098526077,-0.23346965132951708,0.12499867018491449,-0.6366877485482875,0.6100616462590382,0.058130153353965854,0.12678730430561702,2
-0.431361112338174,0.2722850647331314,0.26798724121768497,-0.03816875282884478,-0.12485298900020332,-0.39298978825357694,0.13720017122713696,-0.14002595793144382,0.22355624242401675,-0.3240193127551345,-0.4962819508619493,-0.3030083267583941,-0.3050896311532209,-0.26358857297286165,-0.029842586761475966,0
-0.588981190052355,0.13107642420522053,0.3201053886135491,-0.10979096862166385,-0.041661555872308985,-0.46415552914175323,-0.024725902335630396,-0.22896677375660682,-0.037875606241521906,-0.157619970212128,-0.2317473091458467,-0.24286730038411217,-0.34791569542583994,-0.0925209485299802,-0.04140289225158048,1
-0.24045944266395328,-0.33992889926687336,1.184095431491055,-0.6471343161639304,0.6334530987184847,0.18143872345614181,-0.05073898010234432,-0.02860048459086579,0.01637547865642062,0.32482948693541336,0.39261023512956855,0.2075001888666789,0.7398845549789449,0.0008117998216328337,-0.10718332409662602,2
5.499412716114363,11.793168757378272,-4.284084652670002,-8.404062856752914,1.5715098957318339,0.9152748673786215,1.2284103824731067,-0.5404676838122785,-0.5782681655492394,0.373307985763812,0.4553668489028871,0.07583390137899967,-0.336766984752665,-0.012078778676913654,-4.384801529907897,0
-0.37191073119005225,0.05809573455500529,-0.2835362719284563,0.07473912482875823,-0.23503572887172874,-0.17256244780338015,0.046485732291482375,0.17050920534611141,0.4684527467644886,-0.2824868107770216,0.1944882002820574,-0.3265868051395994,0.06836229280165011,-0.06905137542366205,-0.04860405539300299,1
0.5271224384709118,-0.5937804161697371,-0.669080491438286,0.023251579621606816,-0.019168768772370535,-0.3295530983000013,0.0189498450761431,-0.09667590591385578,0.49708140298417747,-0.3968192129307752,0.22049330588536428,-0.42438412116841434,0.5131326373576035,-0.0013193806780221295,-0.006537810897526783,2
-0.8456041163577023,0.15546553763570634,0.49466336654595205,-0.2038740331395951,-0.057013075968250414,-0.9119281334730958,-0.12483757818815021,-0.600755250710336,-0.49586052633377853,0.016475791907663604,-0.531865676328755,0.04858204050092051,-1.3908093211683297,-0.21028751048813424,0.03941162909183347,0
-0.6124082071744387,0.14453926970000855,0.32721058056540675,-0.1324085311377832,-0.047561203799719044,-0.5302860053889303,-0.04302501911057874,-0.2523251365016085,-0.07056212833988898,-0.16059306913140486,-0.2863621492386552,-0.2235987509544013,-0.45702294506439994,-0.0834492546191854,-0.019806669200372082,1
-0.3851675114976288,-0.0995484424460564,1.048422015260808,-0.45789054195653506,0.30554651064050586,-0.11123204272375434,-0.05406378160913343,-0.22683834359228433,-0.0038421424628757406,-0.062261771804181236,-0.035314938264731525,-0.07154403152788132,0.2922140598752368,-0.07896594526548081,-0.10720204790415322,2
-0.3004666774700289,0.04272822554378886,-0.3646545069620857,0.14300819861298802,-0.2681658892526191,-0.11487087676597536,0.06382406500062801,0.1903333620252735,0.473582272749288,-0.26239672070799874,0.15316997882992162,-0.35250421031255036,0.1801304600043283,-0.062121182875736515,-0.03678936799416486,0
-0.5846077812167965,0.3647977329327942,-0.589800696771665,0.5563402404147538,-0.6293278462725381,0.18011186796548181,0.892973370210664,-0.3400722450159655,2.2107503467248195,0.40669016566166516,-1.3783275672277007,0.35952049895745086,-0.2006027121525266,-0.16969953385030964,-0.5692720480294176,1
0.08127414840013138,-0.44835807752963724,-0.6721357060630011,0.07568508165471276,0.05874171459999454,-0.23005554882248855,0.0666268642400691,0.288380363335079,0.46657427719947864,-0.3668766570279704,0.3291485039792969,-0.15598608786078397,0.28887255725340055,-0.019007369250159695,-0.022351467398434407,2
-0.6663190328175123,0.10444737915305562,0.3838364089278358,-0.1202520849055916,-0.024653051909556387,-0.5969759727089679,-0.04015957679137466,-0.3202672217366234,-0.11580712701324683,-0.09888929766486537,-0.29683073981170366,-0.13327176050333203,-0.5446487403865921,-0.08631015009539814,-0.03383469997815499,0
-0.5394922546860088,0.11610233860247379,0.28855413179416445,-0.10895657730797417,-0.04971435580259576,-0.42618859485335353,-0.006655470774740049,-0.16061867445698924,0.08943830252607743,-0.2001132664206775,-0.16585538190213267,-0.2845994144645335,-0.2168514013419876,-0.07949223073507594,-0.07080411953690198,1
-0.5375494752016354,8.834334185793038e-07,0.6930599600827433,-0.2958679004913843,0.19581971910139226,-0.455847501093324,0.006536353173124785,-0.1429042065822599,-0.06787866633358475,0.09439231922263701,0.12446010218670403,0.026416856010135235,0.10846324393999404,-0.11407695718227329,-0.09131209390801877,2
-0.2651486716627209,0.09619078053187893,-0.42255517466293063,0.19146047877275105,-0.3226428537527395,-0.07366506264736107,0.09885811891956821,0.12886687265174512,0.5497271669320516,-0.23580163443006766,0.12362613479828238,-0.40129849155776826,0.2517620120818725,-0.05949638336585624,-0.06961154955219691,0
-0.4447626742276644,0.00842069145305856,-0.35064576009762977,0.10396555046431609,-0.20936876022455678,-0.12536157614696328,0.02123488123358104,0.2817379148610777,0.42634200942921463,-0.2851250436369135,0.3167812685301708,-0.18170788954476866,-0.03414698502306967,-0.06284209903545815,-0.0211006069488232,1
2.54821568866746,-2.2372992316729055,-1.3903897632255309,-0.26693711648308144,0.7877001349667611,-0.6267745632793574,0.012526200283570647,-0.6462213908390463,0.23272123625502125,-0.2608463335022979,-0.07376792644479613,-0.5301115550562675,0.5085701404904023,0.09316193351626852,0.13689483783367062,2
-0.4994269632664166,0.12733087737048002,0.35071533652688025,-0.09137380829809202,-0.00634691885505363,-0.3856890282711771,0.015034350999561645,-0.1872260053842024,0.05562497494666985,-0.18512601400467146,-0.24192119622772232,-0.27212212440538736,-0.26324909208813424,-0.05501666888060527,-0.04452192720894605,0
-0.5119444694803765,0.16248197499793038,0.30536629360335427,-0.11751086409328912,-0.05293706269254895,-0.4320847622768263,0.013839333872066404,-0.1863439750114945,0.10227226884609084,-0.2434388645119176,-0.23070907944869287,-0.34497172744854965,-0.2734001765518945,-0.09355163536031053,-0.07348152055440849,1
0.030647213353027055,0.22457413123518707,0.5380990307566601,0.3978016327097131,0.0653932974189046,-0.35208369210083024,0.4331839582028989,0.1635480189166716,1.0234664956124302,0.1793833587160599,-1.092488760980659,0.3701934803522785,0.39510529173413933,0.6660628565262633,0.017278277870046554,2
-0.2884259034000849,0.20169219459813698,-0.3422295552496166,0.1841459823649993,-0.37990353805069815,-0.1334516070761469,0.20062268786414017,0.018214983361960955,0.7403343449193733,-0.2907578169341345,-0.1560212391584589,-0.4128690585619617,0.2258103336910725,-0.21007796259168707,-0.12529275220747318,0
-0.4104193426882362,0.03808055974029893,-0.3054885384535409,0.07892570722666992,-0.2099373617110365,-0.19229836083159552,0.045743646982668404,0.2492302509532073,0.4834580593594762,-0.2920509857273423,0.27656775606636685,-0.2596355992180938,0.0013415446675048457,-0.07295826979177608,-0.03743138246239507,1
1.0303262319444575,-1.0921842728251907,-0.8016215992834651,-0.08059695895436632,0.31942117876830173,-0.43777096563623713,0.04411494037316267,-0.15663389489203805,0.38954797005806446,-0.39721955840793094,0.13356332197817172,-0.3203571821763149,0.5136664155040453,0.0027057709335253253,0.0070994279562825585,2
5.146368684448894,0.963486638037532,3.530809544807331,0.8945709253645036,-2.4524778155277076,1.2409477098481174,0.08270886607413493,1.318806216887461,-0.2641148745984387,-2.939464395759308,-1.2425127550108004,1.833885749730208,-0.26975906361877,-0.04648632812479246,-0.5582960712165844,0
-0.6853776276348833,0.041448534155288444,0.718342636289852,-0.3134875350512501,0.14888057739616906,-0.6147082402796956,-0.11136574629422603,-0.3619908593087636,-0.34467573865127926,0.09044870031834042,-0.16096517894498405,0.0705360878468373,-0.13042720088385393,-0.07158398898960124,-0.018355998527388697,1
-0.5082825991701553,-0.16818473633045722,1.3940129442197176,-0.6887895344083699,0.5729709499892464,-0.11480293380641138,-0.12189322350280585,-0.31115114843516517,-0.2654228321753707,0.28477983243788413,0.17275800264582128,0.2945210013420467,0.7344179518553328,-0.09790520216073824,-0.10571782809123224,2
2.158689519975902,0.6273802049705588,0.4397250524047199,1.7995215511524638,-0.7336167023278979,-0.8799597995461131,0.5662199465441538,3.1878522353192955,-1.5572498872525893,0.3851308805196296,-2.521036459527885,-1.5402309452187388,2.903330360489981,-0.3991086056990841,0.5829553705603718,0
-0.5467044203234487,-0.15714208394177914,-0.6702624577892203,0.21369351687556878,-0.10634255477704282,0.13998112539978058,-0.0547098326955921,0.8344393959823919,0.18241791629146106,-0.2803848391502337,0.8569719089350817,0.6785349547255071,-0.4729956285982773,-0.01348848079502139,0.16551698706152287,1
-0.49793581481490096,-0.3186045032669181,-0.9917992976590998,0.2503667195441384,0.05648715823383072,0.22961701398130172,-0.019979302492376574,1.1195753716761163,0.27055269009539085,-0.4651782350221436,1.134704395960255,1.0598886796071885,-0.6085199713864112,-0.041776389253247115,0.16117460036704823,2
3.9441524294603307,0.7753177997918909,3.0505361780264364,0.6945113190683884,-1.9450828103579483,1.0696603255600363,0.07411524261135333,1.4872052983404214,-0.3825063867312554,-2.9342409638320976,-1.6388412360066402,1.6297458355501275,0.19701841545522122,-0.13062421683282657,-0.5139222826085663,0
2.1578802948732947,0.351827140647819,0.3339579851953831,0.9285126353689201,-0.7302408722389853,-0.7949522013888466,0.6557819942972883,2.771018205108654,-0.7659447584629021,1.2833958890433046,-1.350828949206238,-1.081728928106989,1.1990248346815984,-0.04119872988241868,0.5684782742171615,0
-0.478006214944192,-0.1118438105200048,-0.48329778668496254,0.15471121248119984,-0.09261794901151567,-0.1072502921549839,0.048622109823398964,0.7296743618700122,0.40173122032896424,-0.24097846754178268,0.6204038228514269,0.28656962564031485,-0.24660406762734643,-0.029207867393229097,0.08255543810395806,1
-0.5610838152893668,-0.27222982291476405,-0.71562021504959,0.12965497497156706,0.12656479267678117,-0.103986438191731,-0.0037568338488464257,1.3167198770351192,0.3435157802152536,-0.4460408052760243,1.3528512459443436,1.1949352463354603,-0.6870309530472575,-0.05659137071103385,0.20300637684057465,2
4.313593886018188,2.8496903038766486,2.9939088919397037,2.294845315841805,-1.1771579841559396,0.4214560891270009,0.8233160609058203,1.6765630625192927,-1.1046706325980213,-4.358729836805016,-2.435576747739453,2.40760102700196,0.4643520987664662,-0.09183530335531835,-1.2061104381589747,0
4.997339511830098,0.7190494405519943,1.2413500641766129,1.2040970688801715,-2.5286871337603363,-0.8952931065168153,0.07188681668815748,2.377703943202013,-0.8478615651951515,0.31068680635289697,-1.853729436428909,0.4631005431300436,0.895188440712267,-0.009967751260661177,-0.11424344855383455,0
-0.4931733451374914,-0.09776842372992997,-0.6557461459501166,0.258050098372256,-0.19853261482709642,0.21019743210440214,-0.0310490579613048,0.5909068433024512,0.20044364804321513,-0.1911665598269488,0.5423240994285136,0.32146291402666255,-0.2457865833290077,-0.026410323816740668,0.11358281051823783,1
-0.49742973086257136,-0.37783624139068545,-0.9674126947184795,0.19769419212436834,0.19566772748037448,0.17723988264987894,-0.03441335898622021,1.2949784364715324,0.10071795540441524,-0.40546963509133244,1.2456649286926926,1.4016232005269973,-0.7237807210648867,-0.04233800417079445,0.22701494822426815,2
-0.27054658311191104,-0.03409211745071017,1.1763558008385147,-0.4251030290208606,0.20975171628263592,-0.200525793867752,-0.012226763779209357,0.7897303376665423,-0.29678396604277674,0.519152962463558,-0.21672188766931005,0.23502807180606264,0.7031946229025854,0.6341069367250012,0.29813347171969556,0
-0.6962905116579616,-0.10679657252144459,1.340843049764377,-0.715841749762516,0.5632760907390035,-0.583403403219012,-0.18435746016591284,-0.39572670067956744,-0.46688689235633657,0.4342511586547961,0.24395365939796204,0.49592858695616465,0.8464492023785367,-0.1355015050982138,-0.148651279350736,2
0.872456466004894,-0.02643985654896628,-0.0786833221480802,0.08956443232836449,-0.4139740637113745,-0.4304753506566539,0.0959810086247641,2.0778969176411524,-0.07496137685486166,0.9040252165393496,-0.40495597462299565,-0.5590027028424536,0.5064660512027294,0.11504891764626571,0.8725406372812665,0
-0.5413643331126784,-0.09373990612056164,-0.49611449041644895,0.16291767217274078,-0.13590326404543593,-0.05475934050988418,-0.008980647249930328,0.7413590347824358,0.34312075015274063,-0.30069057078118655,0.7276429188634438,0.3802125356573156,-0.3282463872524702,-0.03329063273637261,0.11905230735775431,1
-0.5606548232949876,-0.1750460835148837,-0.6235016725184885,0.16862651393619055,-0.042442126113939486,0.045380759836450915,-0.052124006690444515,0.841877075755285,0.20740320209735771,-0.3430815644502007,0.9297796542028417,0.7693673394205549,-0.48713322699730777,-0.040918191019713904,0.15695377702267507,2
-0.08037268614168969,0.0018759976310509258,0.9158627655018559,-0.2190729499444052,0.10406639733727423,-0.17335480321145738,0.04055896216657368,0.9407513474399987,-0.05850448269550915,0.42633839930424844,-0.29026925393348674,0.16641330916619004,0.7762473956353221,0.7020031607351395,0.3069142614556091,0
-0.6260503224101067,0.032900277908239635,0.5724936235505472,-0.2733010240178075,0.10657067936208793,-0.5436825858083424,-0.07291227375684275,-0.25117601541693146,-0.09350642370341557,-0.02491675288139094,-0.054482371249976666,-0.07310821170398898,-0.02629103341512963,-0.08668314787317027,-0.09403845733945436,1
-0.6449201952762779,0.026577295501237025,1.0536317202007004,-0.4516172962950826,0.27156257037045645,-0.5812835734548986,-0.08420145935405018,-0.42038008148652384,-0.2800691530374558,0.019329839676462554,-0.19153229110816697,-0.0059815112397293285,0.09485388117311938,-0.14277680773307258,-0.132396731783246,2
-0.14280921227592153,-0.0762521548435494,-0.46849991932097956,0.08855381843778413,-0.10622044595217567,-0.08139797416745463,0.020318418261038744,0.9098034323383425,0.1554556509740713,0.08421624741181499,0.5291900245564783,-0.1508533514033593,-0.09279340916622277,-0.056783457784019865,0.22560449060563834,0
-0.5301864602577182,-0.13590973034887485,-0.6633781088321158,0.2341862075879795,-0.1471734388301332,0.18662575089817846,-0.047875550150011596,0.7171622561577786,0.16306470401351622,-0.24156262740931495,0.7092998669785607,0.5579181959856145,-0.37658488435878945,-0.011256958258396286,0.15432734645897347,1
-0.5042952661346634,-0.3194565015144587,-0.9162909274262663,0.21572287044000635,0.09874952518129329,0.1972201143215493,-0.03771236898904779,1.1159131011821866,0.1472922676699768,-0.39946356866984256,1.1081254478801692,1.159889016373714,-0.6251230722377431,-0.03985865686782391,0.19574494305931678,2
3.0946786428362665,5.183046900267198,1.1042092327061332,5.701483887077896,3.5099848736681687,-0.06362180016534137,8.677535680198506,-1.5519743865776487,-3.957179684875678,-0.80597954564697,3.612605722273285,-1.709857925933037,-0.31558960423091836,0.7785659722614396,1.4001278028253337,0
-0.601074706064461,0.08855296209412142,0.3916086201245621,-0.095757329857278,0.007918527243101806,-0.31208761000462365,-0.08094188937785697,-0.27141704718365295,-0.27758406641640326,0.029573195732167885,-0.22271231095573543,-0.027926786887526766,-0.34407132658569056,-0.027396831739767348,0.06423561155613577,1
-0.4396922865601147,-0.03772940079827764,0.8286148821396543,-0.3073144906968802,0.2242598787253582,-0.07403476854800148,-0.06964898839705654,-0.33064704457520866,-0.1568162576265412,-0.07449876856770027,-0.18361914439079569,-0.10966813037362602,0.0017513156833742407,-0.08222794873307447,-0.03887580182014184,2
-0.4580707195746801,0.13700780878736737,-0.5939519080028098,0.3305973328585812,-0.39310945166563294,0.4353702994779737,-0.047395369209352924,-0.02691486736557377,0.05773435765197937,-0.030638501201370686,0.03602715087479143,-0.15790763114494355,0.057798035800281075,-0.01237700850354722,-0.012832814769805774,0
0.47021158641801847,-0.4673358824736559,-1.3845222613647181,0.2808998745414375,-0.2535985300033193,0.21809486010690088,-0.030850981418730782,-0.03167071116212097,0.30041611116266387,-0.10102195749870321,0.3791026474726766,-0.4714201907705365,0.7268464562438335,0.02836029574954632,-0.09670041907661606,1
0.2589337891819061,0.43773192051434867,-1.3080338477889384,0.45566098829215324,-0.702914202350667,0.6625917320801898,-0.017097655938217625,-0.37226530434025384,0.4281790064785263,0.10976631789977011,0.08535460804275476,-0.6983195457521086,1.2073175863404506,-0.015249827754094674,-0.3137859510795202,2
-0.5563011572530179,0.054026634811267585,0.3662702026869993,-0.050466915512608956,-0.028790623456559014,-0.27317042887755744,-0.14584558689836688,0.152611529783449,-0.6303245099830485,0.135065518324826,-0.28930755841335626,0.06608309554084181,-0.1388015679985371,-0.07533753405405859,0.4901772256136437,0
-0.6770395361046018,0.06926064882330189,0.5110474286359019,-0.17769107893617034,0.05977404435316832,-0.440078946369446,-0.1342959757409555,-0.3673904811884837,-0.46273368768454687,0.14295462054433072,-0.22822022823093097,0.09911323755488911,-0.45932118788565535,-0.026388177158259963,0.1211143573741413,1
-0.4579440814757862,-0.14083323280041077,1.1174479095521328,-0.49643686421640737,0.46058573307243195,0.02432894599095703,-0.10709681523415013,-0.33971504431441774,-0.36416238680061014,0.1962381801065048,-0.09607723332823154,0.18824568685197476,0.1748274764842971,-0.04432739477158002,0.06015542324735934,2
-0.27829869377230537,0.11284928381368514,-0.5708872518227414,0.2813460233412847,-0.33792235873609694,0.2576986296668845,0.026757095958038223,0.0376722244839174,0.26697663075609246,-0.04520684861710061,0.03184366687013786,-0.28302771273817406,0.22992050667611502,0.04543693162688272,-0.02755981866168588,0
-0.3989716748113105,0.16555232684180848,-0.5991746761449582,0.28885883099752757,-0.3934569154228511,0.3683668923316803,-0.009954001112272149,-0.060562257923485414,0.20115379312107542,-0.06278834104072854,0.03842091666372538,-0.272170138816403,0.14534506193041902,-0.02054005319847219,-0.08075799576408917,1
0.1840240926978908,-0.4796253060835053,-1.0632355758193235,0.17579823638491837,0.004899348964400041,0.12647537066937387,0.012969969106592857,0.38495818040925334,0.2565480404464567,-0.12360450013997008,0.4281429419919279,-0.1492023428094813,0.2454892556856246,0.004652438497537256,-0.026507598334762073,2
-0.6622143753181217,0.13292277554401727,0.42094009149670286,0.055222755744338374,-0.030995015256997185,-0.3765824543772361,-0.1663775911738971,-0.12644628766496646,-1.131330552046963,0.24671704862079252,-0.5228172488528361,0.45386009412635947,-0.572079750677165,-0.19402559785103102,0.9878431288474984,0
-0.7027767005273321,0.07994014203655797,0.5039162144334106,-0.14832373365981938,0.03716258408373416,-0.3321475437065773,-0.16777544564690866,-0.48696436689107275,-0.6425553199167227,0.22838635430567591,-0.29681395735557725,0.1757187549947338,-0.543695303662904,-0.04236107623790874,0.1655109480661921,1
-0.1581559826556372,-0.37829193823155477,1.4864142679255639,-0.6938331885815028,0.7934830945595508,0.6649179778525628,-0.06381323472875257,-0.11761865642382839,-0.2204036676185683,0.4347480287303062,0.1718684643792746,0.20957094738462392,0.4828790565551796,-0.002769911534349398,0.09253671694288428,2
-0.3312763575327808,0.07080066931743184,-0.5850585922402247,0.2796543045399818,-0.33957466829928273,0.2887292055311494,-0.02939539418293981,0.02404867347368088,0.19155441852720478,-0.10738183312438458,0.05045501252539665,-0.28103202212056777,0.21808537061582164,-0.009298370468498523,-0.019973568762932933,0
-0.4182565055077559,0.17287853481441268,-0.6039613974215929,0.2839817042450622,-0.4023667701028498,0.3697812850287874,-0.011710919758737061,-0.05011075841781405,0.21030673936150066,-0.07295051606034875,0.0431645146450951,-0.2630011199804991,0.12441715482380504,-0.03596355257881941,-0.07789796532324206,1
0.21575135139679616,-0.5216528111379878,-1.0767568402258274,0.17164655178177288,0.03588317628553156,0.10133163912067282,0.01815326051962763,0.3908345585762469,0.2633684548261915,-0.1314089846052428,0.43569025313501647,-0.13967108408673493,0.23524353976618467,0.015154539791457575,-0.018432098573416635,2
-0.584234473059859,0.12792582780471795,0.34379540147520743,0.01421874880492971,-0.05299252578316052,-0.10290015711659327,-0.14746518086106622,-0.31212427424469597,-0.5931308424480465,0.08116482754151204,-0.389034388106278,0.011454865870941036,-0.4863288145839048,0.031686222086828565,0.236276177995457,0
-0.699276566012614,0.07436034613890319,0.4419944746521349,-0.12585540147413823,-0.0013759173340573937,-0.2982820679991171,-0.18112822825452818,-0.45175226022712783,-0.6406714152231313,0.2013397903529201,-0.28852735168280835,0.18048417972036052,-0.518368742064182,-0.05122944709320265,0.17044786474198845,1
-0.2933566753463478,-0.09344101604234002,1.3639045526069238,-0.4453591482783147,0.4592056902237516,0.39976761898088126,-0.05146218716420856,-0.24271532083731026,-0.22280677421776246,0.10715254465945091,-0.11345766851715611,-0.03777777828391992,0.018552627911738184,-0.012741116547680271,0.10280289364502107,2
-0.31646135581967916,0.161221665713269,-0.6300247900800349,0.3186499026768652,-0.406763430119673,0.36087659347391465,0.0017182910925265585,-0.0556946113211627,0.2363144228952269,-0.06641549258517244,0.02657989283234474,-0.3354036043068967,0.32561917610001095,0.00016341522105703426,-0.07831892876644227,0
-0.42702719988024934,0.14417986653760173,-0.6451154884080424,0.3172471301921016,-0.4355801366940105,0.422849141253687,-0.03205145291124721,-0.03733107053907011,0.19779953131239406,-0.08243219850006354,0.06522477197788201,-0.25495923469707565,0.19524728836228414,-0.0256461462962062,-0.07701568701314883,1
0.5718213593748793,-0.24234052362935837,-1.566083990102535,0.349882984657832,-0.4977581177966521,0.3035006024942724,-0.051670341605617946,-0.29353735690453875,0.5444267726480987,0.008025990459464774,0.4397777794032789,-0.6059392825823654,1.0811196809173824,0.03638108592089027,-0.18731256839577462,2
4.528498756597451,7.694540269123589,1.149454259724864,9.284680283682269,7.432274336284301,-0.6338946384638724,-6.685674928425308,-0.8674862920893713,2.0887440504140917,1.143150165685451,0.2776204589217582,0.21906151506697832,-0.301053773991807,-0.08210199729184067,-0.6633327466588445,0
-0.666560360724918,0.006047200466691943,0.6086691225000433,-0.2781941750299512,0.17044228474133072,-0.38038999031806214,-0.15689826174953508,-0.2575435024696224,-0.509417658650866,0.3107286019110172,0.029477276573419243,0.2935493564509214,-0.14382703910960914,0.033832737239101254,0.13508394594797388,1
-0.048850349822407595,-0.3881031451036424,1.7192329539522806,-0.730805932001513,0.7997736389734373,0.8644253313449481,-0.01696309885609946,-0.017411042283889937,-0.08312456633898978,0.4078377302395157,0.21136747969542302,0.10138634140116841,0.49411651741191753,0.01127865457372678,0.09008352985188642,2
-0.04474673380200985,0.43647240580122526,-0.4742432527679583,0.4300828544769982,-0.48528759427301493,0.25412350190285665,-0.030104776825175563,0.14345557704695447,-0.0029447888502457872,-0.228197804270511,-0.2214885222084369,-0.6246148866905592,0.6885162230164303,0.017692594306492136,0.06160393949969922,0
-0.3917324403559149,0.15243642606371552,-0.6260462734733744,0.26801729695283616,-0.4050939194013939,0.34012368141026583,-0.006087448431663137,-0.025368638653403813,0.28058600071129697,-0.10481703857346186,0.08992304337043007,-0.2942959736518046,0.18816020687128682,-0.03292912184956796,-0.09731379840630909,1
0.5734724558966298,-0.7888321187232784,-1.4901398862966708,0.2548459272820175,0.04581513674776407,0.060165749209271854,-0.007591536522220403,-0.1400898054173404,0.3477499534345433,-0.3627118987114219,0.21524013987785381,-0.35937908375812716,0.7766248542614757,0.019606974075566434,-0.04539672826061697,2
-0.5036235535432693,0.1359140264244308,0.4099716639062966,-0.1190540725806181,-0.0029101651943297833,-0.3631114193875813,-0.00747636327345836,-0.1998656841830531,-0.023771376962642834,-0.19678879225038867,-0.23613770126261643,-0.2644427493822252,-0.20696997084223942,-0.06784280446303671,-0.04728591957393281,0
-0.43157449933127917,0.14769508940376008,0.4976680352740169,-0.1346755697395958,0.01709142701696226,-0.3096248477641023,0.010822732582581124,-0.18036169054393894,0.017427990518636867,-0.24915413615317153,-0.26265122742439717,-0.28527909728012174,-0.154527749598225,-0.06615014356490283,-0.05579936428487075,1
0.046530536171866047,-0.14280254304633813,1.0378823404093176,-0.3159617745348007,0.22222233823189114,0.19016433481388972,0.04561851314081603,0.1723661529076884,0.13184988219895252,-0.01768374170013478,0.036998170620320285,-0.11739602986616819,0.40510079042033775,0.04659724246313747,-0.0374537478801173,2
-0.038825032452257914,0.11756660789628236,-0.584942583912428,0.18045862828922726,-0.37495086665387045,0.03136007206229073,0.055517233294928664,-0.015750423742096214,0.5061663234460011,-0.17980673172826614,0.12781765573024878,-0.5097679474667871,0.42092294528413443,-0.01855010552115223,-0.08549369861790049,0
-0.3628262431796428,0.08423613311000872,-0.5725034014809556,0.20917285853980394,-0.326754347228041,0.11750460858281742,0.0405212241739032,0.13547305529945458,0.4533360804139507,-0.19879450631896303,0.2093018752638269,-0.29860328807022135,0.13455794587064288,-0.042763474263417624,-0.06208349223996503,1
-0.05960728089781199,-0.42415509516643374,-0.725476421084175,0.12415142737115724,0.10423892762802078,-0.08255419844731247,0.06240926909528535,0.3281799932654223,0.3656038814554623,-0.34961579889700073,0.262880283569633,0.006664654052995965,0.1762702099596807,-0.014329306301841123,-0.01716321175237581,2
-0.3653672011994943,0.12545118294042243,0.24913197406409654,-0.0646043566190248,-0.06813660672918555,-0.2875720989061621,0.039630566987876995,-0.07397924581399198,0.19501287687041188,-0.26980770140434607,-0.1278493177542071,-0.34115105791245093,-0.025213412826070543,-0.05244906649982504,-0.06501623454588916,0
-0.43061022848153757,0.10291978231179459,0.34401740084247884,-0.10140242408345329,-0.029214279552164085,-0.30956724551327097,0.01702527763370627,-0.10042797689069333,0.11286763768594316,-0.22501076252230726,-0.13342605731877635,-0.27571679736017624,-0.021509056055740217,-0.05359643294479915,-0.06855257972013719,1
-0.2666578384908816,-0.11692938266822801,0.7061968767100913,-0.2977355032727609,0.21146801264874232,-0.08866558452613284,-0.0008159906612008735,0.05508261356047709,0.07553059645997034,0.01661020507202739,0.12111678085620518,-0.05051004771975139,0.3855783370500474,0.031081834298975354,-0.058852164788507424,2
-0.14327397081648344,0.09696575981989812,-0.5249436466207325,0.1979390399887323,-0.3138014499694043,0.0774640013424788,0.030470476650616765,0.05173164005803551,0.3761037466603903,-0.15482017911916943,0.09281513486583094,-0.43714463067201215,0.3084381857596818,-0.0019321672049232943,-0.043284198907588445,0
-0.3824082369791901,0.06095055421454994,-0.5500650609756929,0.20845003969623388,-0.295507064480452,0.17798789967079837,-0.0023430491806927193,0.0948456542440139,0.2951421683730216,-0.15046236171619684,0.16046064173671248,-0.24078875150674903,0.06736601033499512,-0.011398254239393847,-0.03181817938090876,1
0.36079530004717614,-0.8914416006665274,-0.9214425187755194,-0.05214562739549732,0.5934269812983287,-0.1549884471958884,0.08812057503350341,0.8942598037763193,0.16957104778213514,-0.09685474171987501,0.5351602789410171,0.3030680410366128,-0.14662693202232813,-0.04435191125938384,-0.03447005387608352,2
-0.34158162648791957,0.19115847849208736,0.2852662583597944,-0.08155673582279449,-0.08555477877381924,-0.30552322078439537,0.056570656432749125,-0.11007651462067654,0.20666158330337828,-0.34121090981672536,-0.19400961811522663,-0.3871618386197347,-0.05179238809526861,-0.08190917271479972,-0.09395573100203802,0
-0.3474650644577953,0.17554551228424783,0.3405958999203187,-0.0904115382053758,-0.06476370285339998,-0.3025092327347859,0.05344242142745663,-0.11761027002969061,0.18819109839514292,-0.3283658843258692,-0.1992716541174786,-0.36381684570580636,-0.0430041819024945,-0.07476573328247121,-0.09378341475105487,1
-0.2480675692243028,-0.06944827846883825,0.6926757309966775,-0.2885246148284468,0.13439538776487864,-0.14181340408974238,0.004778879514304437,-0.05590591239359372,0.18007883365719385,-0.12527979302630948,0.0917041460726194,-0.1820268421827925,0.33227234560552704,-0.030308608561047876,-0.10149771400992916,2
0.054824315385983945,0.17859990628336805,-0.43294391815853855,0.14237493543708962,-0.370949151508175,-0.02627766855910216,0.06325125120265848,-0.08989153757732309,0.48345355962521336,-0.21820749832441236,0.07546364780284266,-0.5526974951028831,0.42724095290395375,-0.017437248086014333,-0.09981095498825783,0
-0.24435016847919075,0.13992611277541733,-0.3938083509856159,0.13400762861929577,-0.30114636059442107,-0.04919901067218337,0.0598976848086738,0.05048431924632662,0.46475054550743394,-0.22825815495559557,0.09355275098174026,-0.43522070047770667,0.2084456909486534,-0.04639019312734283,-0.07553574053685431,1
0.010216519694724667,-0.37225571020088144,-0.7534602751879176,0.11193043730654438,-0.017596844038437615,-0.12625585477554496,0.042124103632093644,0.4529086933680559,0.45288158073721996,-0.2656572508231172,0.49024133857425967,-0.10445887842675064,0.14473327100795563,-0.027453715875603923,-0.012863967876026677,2
-0.3481486230277899,0.18208536943716394,0.29488382197333096,-0.08611818835226881,-0.08275480703081077,-0.30925443661513524,0.050072395739930456,-0.10597683884558931,0.2014299374459934,-0.3375750508592167,-0.19330680282230778,-0.3808439407421796,-0.04484441904387165,-0.06902268174432591,-0.09262934110469002,0
-0.34124411407191635,0.18184197314679337,0.33197322212040237,-0.087110559247819,-0.07212702483775052,-0.30160291197326283,0.05735718351286662,-0.11679083092763583,0.19811420254599096,-0.3365029289770614,-0.20816997670123946,-0.3667880133064383,-0.03966554592427333,-0.07441926518415347,-0.09831178918481463,1
-0.24290390057137468,-0.06465647624197893,0.6948578986192288,-0.28533115094768474,0.12724935096270745,-0.14758187266318215,0.01017817995397558,-0.05610843066701528,0.19108621105879187,-0.13176352152781742,0.08966895593737703,-0.1856546834701258,0.33271514420856696,-0.024338232216543743,-0.10458364537560556,2
0.05194432704306077,0.16979703448305755,-0.45241220030815926,0.16108959164054973,-0.38443055795367786,-0.028003830238820183,0.05968863031841839,-0.07700255308174928,0.49134912878981163,-0.22212675973095497,0.06013774925680023,-0.5526878824209099,0.4456753636143995,-0.019633887464328183,-0.0969098961037837,0
-0.2527426203923201,0.13721626297105172,-0.4042811066043967,0.13706445139472992,-0.30540924748256654,-0.03857380306093552,0.06192096241918124,0.03652871170688934,0.4721592419835451,-0.22839498348506118,0.09797383211692483,-0.43476137249719393,0.2128679775996038,-0.044806195183165885,-0.08430738919719127,1
0.0693241577065759,-0.37013659686471057,-0.7043370547946681,0.08636779613940883,-0.04127215523791156,-0.15951712099614584,0.03761119385092854,0.39336015485082604,0.46472340344054863,-0.25159462943024113,0.47198992488166414,-0.16849382159809348,0.1824472121900688,-0.022294056067127446,-0.010577660817971271,2
-0.330342832498841,0.16134228268031459,0.2857260767432377,-0.08488530752358639,-0.08445342147437099,-0.31905069291238575,0.0532740178759243,-0.08277979054602387,0.23656422086039566,-0.32645880060023535,-0.15382523559298525,-0.37705539140550864,-0.00871176755711381,-0.06603353062953353,-0.08717443033088906,0
-0.3444491473581197,0.17475242746611458,0.3450195023944058,-0.08725013309025328,-0.06533879637851228,-0.31345477485730405,0.055366772436809104,-0.10440120090098234,0.1888808037833572,-0.3308372574742786,-0.20527414511300365,-0.35697081275504694,-0.038369352654350646,-0.07314283216829962,-0.0917618898369344,1
-0.2037568977463082,0.013681484841666834,0.6515105882434574,-0.2206117015168632,0.04372409040431689,-0.13564220423624787,0.03180251797214933,-0.07967946374379713,0.2155073897303798,-0.252653576550662,-0.036164524249725515,-0.267262215041845,0.18967556858578377,-0.03639429502770184,-0.09353112231374669,2
0.016132796347314675,0.21510916189614215,-0.31579328228111697,0.07760350677670748,-0.3636320336654945,-0.17527580141383503,0.0898962957036421,-0.029506939629346193,0.5698928866273718,-0.26751081149826783,0.09758303206677832,-0.549101768970769,0.3674102188225575,-0.03971896218437,-0.09890527411525842,0
-0.24983441077168614,0.11640360729078227,-0.33584275987458534,0.08575506657178174,-0.28280243503806635,-0.15295757620103176,0.07063484964752169,0.08726166791157759,0.526040367274745,-0.2672585044871082,0.13588223455068957,-0.4367419057900846,0.18710973261934077,-0.05520948030028826,-0.07554599034593987,1
0.2741330532504277,-0.5232866859212395,-0.651611667757439,0.01715004283041806,0.055456087027653866,-0.2797692917013021,0.056553202057207486,0.4236492230800603,0.4639372361508824,-0.21177700727822402,0.4956239449981735,-0.13658519996398194,0.1963984816689575,-0.023046337885771692,-0.004817244014772654,2
-0.5533306314824049,0.1390516034989468,0.45468899475296504,-0.19544724680226105,0.018318942390463895,-0.6127084921046323,0.015974470645575157,-0.19274568083954507,0.12460492052918577,-0.2141356193513154,-0.2353309787057344,-0.2876252502317032,-0.24021633371809858,-0.10006553449794009,-0.09067761729519312,0
-0.5794817299736782,0.21504847105650818,0.6108061809394728,-0.27785754534560536,0.043730677732772415,-0.7585973661414009,0.03514527881622586,-0.35319519679676736,0.09559022192210163,-0.31835364403692884,-0.4314459858158521,-0.37461528102058606,-0.36119531486533607,-0.19084935556874047,-0.19359634199039827,2
-0.1556085715732519,0.17147345043879272,-0.5290914329195321,0.23848830056149187,-0.35123345181410637,0.19658220433526102,0.023931928946287196,-0.09857565970668636,0.3232345733524607,-0.12153785616869693,0.01620429647219637,-0.4681342966556026,0.3575572304796048,-0.0033009048927882152,-0.09981245904936206,0
-0.47851788447368987,0.20533640590548594,-0.6056024627615552,0.27903358324555905,-0.42650518728629755,0.3456866873848997,0.005110133109222971,-0.03627588792837441,0.3043448527951799,-0.10205181450986937,0.03652660746818576,-0.2622037523253118,0.015353651884525532,-0.07371165467973506,-0.09950593417098702,1
-0.36628719346470423,0.1416350147201281,-0.8737000947670933,0.37123505398536805,-0.48222077960486825,0.5686048227947809,-0.02269312250329207,-0.0528472267148096,0.2938433403335046,-0.059999121556358274,0.12542027692067706,-0.2661247134758535,0.31702615850464444,-0.03640785748844731,-0.13047882398872138,2
-0.645457897993563,0.10915443026366956,0.5002367369732418,-0.18667382787683115,0.03678051859225844,-0.6141525485551033,-0.04709960860366849,-0.3072450240343398,-0.15380901523482593,-0.07943203605674365,-0.28019549022001244,-0.14103435727680405,-0.38892485899051016,-0.09042739509518563,-0.02339676885775063,0
-0.7236680041237799,0.07391214571558224,0.5685642545549483,-0.24211755640395122,0.06106945470182685,-0.668283159208418,-0.12772301758180396,-0.418973335088834,-0.38837487518045344,0.05120855359138581,-0.26117519584497384,0.01428450870568449,-0.48335160017539636,-0.10518613157747665,0.02560348807147241,1
-0.6209344605046441,0.14558560751929597,0.8977415923457515,-0.3520874417157254,0.16214525216750758,-0.7042467780372237,-0.032811060405721904,-0.4427391263342549,-0.18662653203789434,-0.2085392808127718,-0.4608626654081814,-0.23431148513666653,-0.34899472204066156,-0.176573076312647,-0.12905253168456518,2
-0.2059379847745186,0.20526746552874636,-0.5381774639865383,0.22220358896911652,-0.34771582322223166,0.1650270424137489,0.031127320360521463,-0.050323300091305714,0.3616098893491778,-0.10783468928217262,0.027762519938548363,-0.4573818938578936,0.2664048360829553,-0.0074529532935256725,-0.08873750553493702,0
-0.532756397904962,0.06835685747845488,-0.5181921931408856,0.2189966602158985,-0.3248201325719278,0.09121970191215162,0.020648862950674637,0.27249344386797525,0.4489315217027086,-0.24546469258014478,0.30904651578150205,-0.09239189580361805,-0.20282994194768098,-0.05308795986791012,-0.000797476169619824,1
-0.4601028835758185,0.049279825114085,-0.7249448458823515,0.3041272087516177,-0.37233996171955747,0.32216425398512644,0.01138346656950896,0.2330052753018266,0.40258780134809136,-0.1775903519384317,0.3036457004877671,-0.09095957740483021,0.006841612651616592,-0.04420273971536554,-0.027668509828759125,2
-0.6573507827068529,0.07590979252853289,0.5003151501767193,-0.18858563742670553,0.04583470143311528,-0.4970528293750254,-0.10125232866645491,-0.3197285167775583,-0.3191039478169984,0.033427319259305636,-0.21632417184690134,-0.014333439277024117,-0.37788094359956975,-0.051605566132883154,0.051240506160700305,0
-0.7452881767110298,0.06979757680808085,0.521292898638142,-0.1914236123403745,0.03593452324051059,-0.4825130474952031,-0.18690577496925065,-0.48192179657789275,-0.6623364089395358,0.21603804097969156,-0.2969360793632022,0.21444254985782402,-0.6084385832169626,-0.0467954924963835,0.1703442083600584,1
-0.6039697841334146,0.22805860331930372,0.6771097496013376,-0.20304471428325047,0.08866464242328174,-0.5830013005900332,-0.02973144156225354,-0.5098849624109879,-0.27960561601122746,-0.20753194319493187,-0.5923240343521242,-0.29753212894743375,-0.7262083279056945,-0.166576933373609,-0.04480927999705501,2
-0.19297762363372112,0.22587882340835533,-0.48440864274083345,0.2213052086858181,-0.3333672496574998,0.06931057000150537,0.06635110631249477,0.014739465009767245,0.42835973826462975,-0.13101703344487292,0.01866199324599023,-0.46667974546595836,0.2686455892077318,-0.018338299078834885,-0.0756577073008484,0
-0.4868134126113473,0.13049462173913973,-0.5743981211127996,0.22676262886527906,-0.37027139318326285,0.1717016103352961,0.018785589529942467,0.17080895426996542,0.4563714381199802,-0.2068521565337662,0.22358376369067812,-0.2230184042611905,-0.06283262818877225,-0.0570064223104184,-0.04542289508222829,1
-0.42618046849212476,0.027675350452876828,-0.7824374830127561,0.31106393235266067,-0.37590437545347427,0.33459863465766154,0.006447147973049293,0.2537735805290945,0.4267039933189874,-0.20176079673260752,0.33895991718681734,-0.1226928819637028,0.08372960419146806,-0.04773717972762984,-0.033781032575886584,2
-0.6421950047481334,0.06275274380534762,0.516118866880639,-0.2330194782090599,0.08319838880676932,-0.633847360563499,-0.04549187343763123,-0.21456693100009355,-0.0911349316676805,-0.028315780228037914,-0.11839605804077673,-0.05738038192379376,-0.2156542587397156,-0.041991019944027354,-0.035900573680951814,0
-0.681332229331446,0.09783980398637632,0.5277378918522115,-0.21667296302133662,0.04562673848606649,-0.6618087051919044,-0.0808770123311572,-0.3561991709875754,-0.23394778493614068,-0.042158409822777236,-0.2878929122550772,-0.1110500161355621,-0.48616334548557444,-0.08958128512976404,-0.004866181982945371,1
-0.636713135488654,0.1757727362279861,0.6947664720521197,-0.309393550651762,0.08868503761508885,-0.8011395062321816,-0.010575362183850752,-0.4067301777642507,-0.0457117859896136,-0.24180353923340056,-0.44379383214174734,-0.3156400688769444,-0.43702615018442587,-0.17508729245404248,-0.15265346849393016,2
-0.31474339173251353,0.08384471313473675,-0.47140287590351004,0.23088574214781288,-0.282762275120686,0.19137610713265332,-0.00355214531485656,0.01896428265769269,0.22135158498094612,-0.10669475020098694,0.052983867323647474,-0.3062408373308051,0.16551989661764888,0.0021485897474909353,-0.02869717024565082,0
-0.5004229547493912,0.09616024655068142,-0.6120457793513063,0.302352315177106,-0.3924895781178559,0.38321760000771127,-0.038621581409145435,0.04027352218931977,0.1726429201645398,-0.09593056330638779,0.11731564212453917,-0.1076878863040515,-0.03189981489579919,-0.03125859333723002,-0.027161949595506583,1
-0.4710277953404293,0.03615782708527335,-0.7462522668472898,0.3436256438447987,-0.39552927691717193,0.4964104829647388,-0.05641216813762891,0.09157096423960207,0.1470031696643241,-0.09086824665617839,0.19657063820558446,-0.028758632312162153,0.03564347304472092,-0.021448866246062185,-0.01601528376127415,2
-0.6653586312848013,0.084430200425,0.5226114449250502,-0.21138676715040725,0.06161647143058572,-0.6578661880130742,-0.045774570708521076,-0.2874941032596797,-0.1608003414254079,-0.025385291948211486,-0.2148811189474427,-0.058366162929442585,-0.33880668371274214,-0.06397830141828376,-0.01906003628447488,0
-0.7069166779230498,0.06640126492491277,0.5977748435516494,-0.2679085079390023,0.09218492841835567,-0.7172819052690964,-0.10278194094361245,-0.3476695196223611,-0.27367908661012397,0.026023238092142673,-0.19748290446953548,0.0016771351412772485,-0.3465313528838333,-0.07855485266393056,-0.014519967424386524,1
-0.5364048931347689,0.21917812574157072,0.7638184548899974,-0.2756960054261449,0.11405284347073316,-0.5986694860052402,0.004393183438448314,-0.38925541874697256,-0.08540020037595158,-0.3026331995620776,-0.49460031688603295,-0.32625940106570644,-0.4663435967839378,-0.16658504129277585,-0.104977812135963,2
-0.3189127564974716,0.11714247153616944,-0.5511750229031156,0.2998365928538971,-0.32875660812440083,0.3011175630813844,1.3283080274212624e-06,-0.051931037774999196,0.1871466872071059,-0.06563925710665933,-0.027364766010846395,-0.30542418902204793,0.2190138161703171,-0.008610493415584711,-0.04309096304152729,0
-0.5319389850962019,0.07273583148358258,-0.6228952080141658,0.30200680177096456,-0.39783138259498113,0.4149388795014301,-0.06376673942809165,0.07142057794724425,0.11880722429941074,-0.09527256486084372,0.16993418980431169,-0.019182008990304228,-0.09069180440342571,-0.026943880070404654,-0.0005507542815199719,1
-0.4106464135354109,0.09030250390504231,-0.753590451485487,0.3237762588214052,-0.4130645405216826,0.43886608882598055,-0.017328872225817516,0.035010573602138766,0.27836827669947883,-0.10698939349454287,0.15555597418266603,-0.19992022836305975,0.16644177441099106,-0.034431815601853696,-0.07116226341409437,2
-0.5319735197111537,0.057772531399314285,0.424468975329244,-0.19465277582269006,0.030876666965788856,-0.4639657816817665,-0.017895537942766136,-0.12731418418018703,0.09071232909306812,-0.14863422843401386,-0.06094931444723341,-0.21674070677452797,-0.051870803434113585,-0.06270087068992204,-0.08250461943943821,0
-0.6683795617273791,0.09543437845677132,0.40559355629689003,-0.17614933108961203,-0.008889642727717124,-0.6273711464986166,-0.055215282262714015,-0.2870047941299665,-0.07743672772560248,-0.10524485104053254,-0.1978834511453642,-0.16297884383943412,-0.3638237504672118,-0.11093437976057152,-0.07535211284337304,1
-0.5130354764611799,-0.2802147560806157,1.3828637611973724,-0.8110362663573644,0.7777755446358783,-0.22749468583448026,-0.13353778681233908,-0.03983733451449406,-0.27874329740669324,0.6343054710637921,0.6203373874987304,0.6814309962845874,1.2889190454058923,-0.0022127198877696006,-0.18911732009186405,2
-0.31505309313937907,0.05247816155838349,-0.5873303175548755,0.2194213994691451,-0.34407445464101627,0.16212063632480647,0.0071871057936274355,0.09176501099146686,0.3704192976064322,-0.19712009379241452,0.15765701862102743,-0.34685385247494527,0.24671653598843826,-0.029971405098974505,-0.0565344672463406,0
-0.5933864181002054,-0.08863436688344566,-0.6083373551603922,0.22995260670054538,-0.20351554639684913,0.17167449015713865,-0.05572572780684122,0.6194049077568445,0.2183648340282849,-0.2628328152671782,0.7438884227486084,0.5910733802166954,-0.435775968050861,-0.015710498640967966,0.13271729511151314,1
0.4064109899948247,-1.2277597186460856,-1.3873719411457393,-0.08387135009971147,1.1122135325336813,-0.24479956935745417,0.16085416110056414,1.7885726009177632,0.012330973166237767,-0.1872182663170492,0.9453942657952327,1.1334710410659763,-0.5624630095328191,-0.14812029272375274,-0.10027701444431045,2
-0.45779304169495244,0.1610091460269076,0.4444016208552288,-0.15969818726924145,0.024906428980049945,-0.41506951918585583,0.054166021432962404,-0.17002081209091327,0.14138835856403367,-0.19264916806759966,-0.22901350055760528,-0.2869119149864127,-0.1973414192543706,-0.02335789260114347,-0.05319062760937185,0
-0.6990553428982613,0.0874688857257893,0.4679142731846083,-0.19895374191693352,0.01321935414051521,-0.6648412656969218,-0.08193302560797035,-0.35104253418556225,-0.20399740331128363,-0.0442411224516469,-0.23815346552098246,-0.09052546141959165,-0.44805942387165876,-0.1058562142391397,-0.04148257030182844,1
-0.5372610274155288,-0.2771115341111495,1.482775938655579,-0.8507569001246417,0.8201972512431827,-0.1997758034030536,-0.14758769904291114,-0.08327987884603888,-0.37264690576888554,0.7155168297364888,0.5902631315353126,0.7355421305508945,1.259198100836141,-0.003974557774223742,-0.14109740585308578,2
-0.23119736271022656,0.14973237449296867,-0.5324154225920543,0.18889054975980182,-0.3479223759279847,0.0665296350563442,0.06941790714465049,0.03293766072080002,0.48714744024608814,-0.17036507742087495,0.13004204931517746,-0.44369063420918153,0.2853089378880609,-0.026131958838336602,-0.09714772644715168,0
0.552668277353459,-1.2320341687355367,-1.3274968568843708,-0.0879489511660493,0.9548565402885957,-0.3381946635977029,0.1525502102731456,1.527812124950374,0.16474447913738036,-0.15546001779106855,0.9121806137812715,0.8167012490182519,-0.44757220949187804,-0.11947036731544579,-0.09724763858633136,2
-0.5855381658678191,0.03264384451879689,0.46451025663749057,-0.18523778630438234,0.07171160862106837,-0.4342127655592088,-0.047709975552207615,-0.12454375181866867,-0.13365884458342966,-0.010748914038063204,-0.04396102527204045,-0.009025734667392307,-0.05132758197800102,-0.03527594799795532,-0.0032654143190532607,0
-0.4996396381339815,0.013168856769244895,-0.4726355854837557,0.15793762884428908,-0.2635519232450651,-0.08640026839945134,0.04202291571653146,0.39674155365871533,0.5965890414029421,-0.35864187009756343,0.4550356453293824,-0.12375102627840978,-0.12383568309426558,-0.07358217100547738,-0.019409226065576782,1
-0.24933951167312515,0.32093570461064663,0.2698067022356706,0.008820194882277685,-0.19752046094073525,-0.3138773704191065,0.12335772323506028,0.0810851072632299,0.17679970569311484,-0.5060751894226858,-0.4512163716876625,-0.4336867442478224,-0.04046597165706125,-0.2059902092055576,0.06465010786172415,0
-0.6816379172532228,-0.11082980820432713,0.9501352613437354,-0.5624687375222084,0.4719144712779799,-0.6397652176239295,-0.1600169048298519,-0.1843716672383617,-0.37763411717214146,0.37515902310393134,0.3799136359861718,0.6003300253901974,0.7552933742357241,-0.0669302068924835,-0.11840108209403712,1
-0.6932069308700659,0.06960282314443302,0.48424158726759986,-0.2195080723811461,0.0308091637657422,-0.6721313085275207,-0.079512776377859,-0.30018364044883844,-0.14579723270668188,-0.04925022711650007,-0.15126272625315193,-0.07119103791855894,-0.2734236047145212,-0.11124518372445284,-0.07811407675341044,2
-0.15917988239926747,0.18491317645425612,-0.47535823353444845,0.08256749985587022,-0.369777476912272,-0.16702422059340788,0.08229423090674474,0.08796308355144669,0.6917734949663112,-0.26558276296590966,0.2168087574800487,-0.5397465164909282,0.2943686069589162,-0.06206273502309314,-0.10098108213573219,0
-0.5114721354924502,0.018270128638763136,-0.45730550635131983,0.12265354312215053,-0.24055495703980254,-0.16083848326353956,0.054705471060785334,0.46588442195760676,0.6642872578300948,-0.387612936551058,0.5552610477926276,-0.09693522024552731,-0.2004095313228127,-0.07932425529088344,-0.0261989290507581,1
-0.46721636517464193,-0.020836394978380753,-0.5890165928683363,0.18638633529199466,-0.2676722317373298,-0.0733876447664938,0.0783066993222463,0.45496611853198865,0.7449059077433513,-0.4256595847735139,0.5526531596731441,-0.12632117506906737,-0.08263927616824876,-0.10865826415114743,-0.060835181319259364,2
-0.545262518212026,0.06241687654563992,0.403144417314159,-0.18773841678309647,0.02353432314983188,-0.5590801463975249,0.02230510626311221,-0.10146107704274004,0.20691312513770996,-0.16256470230516412,-0.046370861426486235,-0.193931466850131,0.017192424233093657,-0.06288977351883586,-0.13425620522439158,0
-0.6241522658072117,0.07295440087528211,0.40976404870123384,-0.18745022489461938,0.025801962555424572,-0.5977979635331376,-0.029071223804692473,-0.17204227104196518,0.019625262780687235,-0.10264989877160678,-0.09359345934317104,-0.1277885954182373,-0.1829527622804149,-0.07267956317641859,-0.07248360288037554,1
-0.5993843951415487,-0.1919166450755224,1.1619103549550374,-0.6872324296466548,0.6289989425714386,-0.4856951709919726,-0.13394670877637946,-0.03942002657672789,-0.3081746925527311,0.5374971500995925,0.5166971393350784,0.666163045961907,1.0716857113734153,0.012918586889741656,-0.17840628762022415,2
-0.25395145421223514,0.07542318060798259,-0.407838590929368,0.10918915894315914,-0.2746856309623751,-0.0748308603902814,0.04147218169967647,0.10339380162513331,0.47613974638524886,-0.23306618653677535,0.15724001389526457,-0.4174449561187655,0.171267389248602,-0.035420363162910036,-0.048170624289768975,0
-0.5280991411234284,0.015956819816006503,-0.49954381482381993,0.179456594337709,-0.27612021021957955,0.0020230513203252885,0.014247984717213214,0.3875745702743279,0.49149341373966754,-0.3242612108192855,0.45392420555005286,-0.04385942428802562,-0.1962483350648226,-0.06033529539923547,-0.00020855900902448787,1
0.19742756074782547,-0.9011071483377799,-1.1964240735610652,0.011859892780488674,0.6698546273764704,-0.24534706018209085,0.11867210751616163,1.1933047969871848,0.28086064007786316,-0.3866157553565207,0.8074320763729814,0.6574918803975582,-0.26457251238040375,-0.08307574124228219,-0.04332253584115848,2
0.03901994146867944,0.3993396893335808,0.4894117178442657,0.03792094679562371,-0.04120817056057183,-0.11376728289587491,0.08554093204650862,0.1816594396671635,0.04181335728319388,-0.3981631711758277,-0.3298089156524218,-0.39818589466321386,-0.05531266563643742,0.08175797647743313,0.13317794083351872,0
-0.541733869757252,0.0460019228473481,0.37535704729673985,-0.1411356683457298,0.03301723749280109,-0.35922815115294227,-0.03629122301673482,-0.10263901103030576,-0.054680091613849714,-0.055015461203013684,-0.06489434052061648,-0.09463040687085601,-0.09528507725481994,-0.01922433957969204,-0.0027089023998820867,1
-0.6260288967917986,-0.08608463856251845,0.7914116567826801,-0.446091793719974,0.35171121999639854,-0.460468004431087,-0.1321395356083881,-0.12894034383964856,-0.30484807284817234,0.305563121589343,0.2769907093450906,0.40260194622820533,0.4331221542320959,-0.0008224907554905224,-0.031989793953944815,2
-0.26308539560615957,0.15685695217253476,-0.4334352522745259,0.2644788597509141,-0.27805567903478623,0.23728078360390364,-0.005899492252269867,-0.047952601256657984,0.14105159727522568,-0.038124955185434406,-0.06353904170355021,-0.34616997113928794,0.15829081057217637,0.0497242890823438,-0.02127452327713845,0
-0.44128417234447975,0.047841016508989725,-0.49082595339404733,0.26428355569508444,-0.25681380295227757,0.3140863879821265,-0.06909756746379692,0.07022807432898673,-0.03548254788905558,0.009920625625377516,0.05426779334466945,-0.05914131372164652,-0.10825854424564232,0.035771349110482416,0.06646202697626194,1
-0.4311425274719854,-0.06971249222942107,-0.5381207060116715,0.19847760740877995,-0.1752963724081521,0.14853635307466878,-0.028470384160402006,0.3179993468995563,0.167349422260218,-0.14492378984489532,0.28525683980470656,0.05334319678925593,-0.14132352583452296,0.009991722004399777,0.05363325424753122,2
-0.4675479250034277,0.2153566322871669,0.3779300108629291,0.010244125950697692,-0.01947202694429832,-0.15119800558875873,-0.016003468678455215,-0.3185993108177271,-0.21645967336542407,-0.16891072172469598,-0.4644355172498661,-0.26686074475995775,-0.5310850981588183,-0.04801833555053366,0.03604845543370159,0
-0.623995263232271,0.060815638659562896,0.42693985748361596,-0.13030576447858203,0.032725743183389486,-0.2710149569332861,-0.11931521873198224,-0.30848676129065083,-0.40436379649758963,0.11927821203968125,-0.2024664996600087,0.055531810833120004,-0.39954928668698936,-0.0014386573332868602,0.1169827627644121,1
-0.6662692750790303,-0.041815121586266026,0.7792338113099917,-0.39407254872896197,0.27749293709226236,-0.41655780657924996,-0.16401873204354625,-0.2758016192264358,-0.4997478732580994,0.33608564443564826,0.08448255997831083,0.3917254520939652,0.10871678674661302,-0.015604867691304043,0.08149098376538376,2
0.11578766505435406,0.49167041763492275,-0.38989247560495166,0.35923178595663524,-0.41597208734749286,0.17421756741570618,-0.010324687643625386,0.01541650493444591,0.10810481198228912,-0.22201307655376218,-0.2102278085647427,-0.5900465536951105,0.5516709170782966,0.05555738424481058,-0.030288478809634766,0
-0.4251162334357587,0.06738081115198574,-0.6698366916271161,0.33065716803184025,-0.36654981726002744,0.41652880518922947,-0.04495449628661753,0.09775001894158848,0.12724862183303307,-0.04394352699875739,0.1277085498636084,-0.11494610963028537,0.07472278674504042,0.013246074514522588,0.011282394324931203,1
-0.33902923590596584,-0.0012960028562114265,-0.7664998276009641,0.29701487145525024,-0.31739173863881104,0.35673115125728533,-0.02454120919833425,0.16413429656595277,0.25139967983479444,-0.10195822471884491,0.2311533211853578,-0.15080714329536468,0.13937023475147547,0.013106254357896838,-0.015437842700931655,2
-0.5527234506329319,0.06868932295340237,0.3680818750630867,-0.10220896410926252,0.028624097077271034,-0.26625468695115806,-0.06875640973038614,-0.18238969984776585,-0.21259410252396668,0.012259221882222998,-0.17975564520571286,-0.07653783551977449,-0.3395530707546003,0.005459204411138202,0.08624478045709781,0
-0.6242477556182924,-0.0056930699247047115,0.5093189830317557,-0.23698245912442711,0.13846120078129429,-0.3713675862942683,-0.11865247557783985,-0.17507697433863997,-0.3367651225805661,0.18201374628804043,0.01718085916660241,0.20584475961210252,-0.12054990734502022,0.024297763844862836,0.0846511905135202,1
-0.7590168935782184,-0.13451006059003065,0.977916355940876,-0.5853542642836279,0.5357657281124424,-0.6112839913302964,-0.2515511669483803,-0.17292949364110502,-0.8078860662627898,0.7082299600857259,0.5112307343396808,1.1216061570316473,0.6215639647632885,0.030371589221684085,0.12648924843426945,2
-0.19584452196351437,0.16424778505890886,-0.4775354300812135,0.28063674474620176,-0.29804387123592563,0.21277989377242607,0.012203700238904481,0.05459488689430813,0.1837979751470971,-0.027249265810466678,-0.0067015346798618815,-0.39073460339455884,0.2734896794726963,0.04349198293901747,-0.005548889851675228,0
-0.45160291143290143,-0.017232461998965696,-0.6125168544270756,0.25196486919228295,-0.2677569465107338,0.2315587318961297,-0.025862282312306098,0.3304484473536617,0.21784975362671644,-0.1359998916885842,0.32584717713180045,0.020034538489815325,-0.09217378869212989,0.0034060091301979607,0.05204062612155492,1
-0.42920782414723385,-0.1580284504641633,-0.768594765530682,0.2493715618790692,-0.15195801324384386,0.22518087880666557,-0.02467963800068383,0.5637733384065395,0.2570848724596152,-0.24422189286715135,0.5575381755674237,0.2576201658855341,-0.18521628931427805,-0.008765323227372529,0.06932484893129714,2
-0.45913997599182566,0.08096221914427017,0.40571224908357156,-0.11365980059467544,0.03221798945611496,-0.25696343221348006,-0.009157962943745613,-0.11415478565754143,-0.017674258730076307,-0.11930705732726184,-0.15895610123349332,-0.19893846136312565,-0.14107758537136725,-0.0032779468195557387,0.013143706602851989,0
-0.6094919969864572,0.01902244336245877,0.39708996288766685,-0.18593584071571873,0.06633882635256907,-0.4549821206315594,-0.07297231461114714,-0.1044037480492241,-0.12325194592565254,0.017833380500075525,0.03412209856677944,0.055281145664417664,-0.06669697522415055,-0.008688323943978931,0.0009031147297803208,1
-0.7170812592030967,-0.04450973725788957,0.7133770602630708,-0.405255055864895,0.2859781470693249,-0.6131707208795867,-0.18010232423707634,-0.19593282139215085,-0.48241337970102216,0.34188300660294474,0.25975927769592394,0.5723380392193725,0.25442102644697717,-0.020121422206392053,0.03551063057311942,2
0.07478468202183919,-0.14970211307790926,0.07037870835036635,-0.022542253922600074,0.0394080884929127,-0.07985233781082694,0.074429681604868,0.5902117761267998,0.037025467870936725,0.44506159935518697,0.31398955659403416,-0.2479293124260894,0.07435866592182107,0.041872151377174024,-0.028212404928565537,0
-0.521717055696646,-0.10117859691810308,-0.4963027732477195,0.17951992593857907,-0.14016491757177263,0.07268198260587273,-0.036189728747575055,0.493758269907913,0.14550434256478154,-0.1743325790804414,0.478974927862057,0.35545243164159485,-0.2850089899969269,-0.015183683415994641,0.10763221862945441,1
-0.42096088344576177,-0.2321297735323515,-0.5020463306361467,0.07784254819868418,0.09544925735062394,-0.07128064207838321,-0.006942998207817567,0.8936107481914349,0.15850947810186167,-0.09705698740794512,0.7739686616502841,0.567620971437364,-0.30887710926266093,0.10977322387717146,0.08321966640961276,2
0.21628981976195483,0.6122204330149531,0.48528765347159747,0.2051683598656531,-0.22363022074885597,-0.161965043349827,0.24087923586032006,0.4513719290425451,-0.10484499488660307,-0.6845626420769358,-0.6922945414567284,-0.4084510500726707,0.10175883897723739,-0.07306854187276761,0.23135631570094672,0
-0.6223524131870061,0.017437525857560768,0.40662556519586196,-0.18439588260497847,0.06636735630102485,-0.40700300437004117,-0.0978067112501038,-0.14177301329334083,-0.22310010328028915,0.0713468670693648,0.01362140501208128,0.10883440642246682,-0.12784737454047965,-0.002538953554900568,0.04214537634017445,1
-0.7328623401282887,-0.05046662009792628,0.6987666891487523,-0.3987227675817773,0.2898412812814155,-0.5826314710961609,-0.20558972192584618,-0.18000278938919498,-0.5991308148824732,0.4185656094260784,0.276366040080257,0.711324553683585,0.20190329990218836,0.026947645686819434,0.11284678428950132,2
1.6438737854235148,0.7250305091047129,-0.5659028737127706,0.41198560039168375,-1.0114522773614512,-0.3717426530103392,0.1370338525693313,0.5970743713895604,-0.0024329449004678962,0.5712686048616893,-0.06707472885319435,-0.7489303847739334,0.9478787810168652,-0.005669013480823872,0.030629865673066088,0
-0.511378192559869,-0.010395506086393294,-0.5589879957855307,0.2310253859927044,-0.26535373775210896,0.18840997429309192,-0.03438507343575208,0.3411084728568758,0.23436388856091092,-0.17282623979390782,0.38532655015247663,0.09927519372223079,-0.19139445260843588,-0.0015732249292688524,0.05632441722936808,1
-0.4967924176290468,-0.2476602249358561,-0.7962543885202653,0.21293302049825408,0.0016264449928782244,0.21310970990795494,-0.05845741996166184,0.8602014717036568,0.08874286316476329,-0.27310335255762513,0.8584303995597218,0.8109991468682906,-0.49792254478323456,-0.009374557253673102,0.14793760050711158,2
-0.46498209297603776,0.08961698859232267,0.26048138893806067,-0.09028816078907058,-0.054449410901037276,-0.36279618845164446,0.026166423290841838,-0.11349941575271749,0.20217419225639335,-0.23315656774424678,-0.08926544761554797,-0.30345834075131906,-0.020534746722215017,-0.0692099496548797,-0.1076422117402998,0
-0.5898274746838116,0.13437613615950483,0.23007317982460382,-0.09623869879144968,-0.0832342343124,-0.4725102306880153,-0.0019138469155179155,-0.1982030394865922,0.1049839858382326,-0.1971545497672224,-0.17082658944111898,-0.29335819719666734,-0.2768580964153746,-0.10829761670706753,-0.10667690599704654,1
-0.6851890714334539,0.005858425859909365,0.7309232598343339,-0.3701589145495199,0.1933740873611042,-0.6591128396153728,-0.11241049450335473,-0.29635232626703045,-0.20868652200451307,0.08081801307848342,0.02568210540799998,0.08500474246667516,0.14796318693427662,-0.1126164467929291,-0.12177059234333011,2
-0.4187512563423022,0.04940556356194097,-0.5778360516058486,0.2652101390452101,-0.32607229692771766,0.32493103505446114,-0.04415255782356086,0.02136500924327633,0.14120228768001394,-0.08585161483491935,0.10294545836055799,-0.16716436210419347,0.06901931468815344,-0.0037781549721815407,-0.015188301679116658,0
-0.5283331650706163,0.15907714568465536,-0.6812703099579245,0.3387734599716463,-0.47921733382580006,0.5391392440993306,-0.06962933891594626,-0.0661165639084323,0.11467968566174927,-0.03750855251020907,0.06152123255565838,-0.13289287926282695,-0.003517006822146701,-0.039474161035888716,-0.06570044757162027,1
-0.5711671696671978,-0.19234212786459326,-0.933037546148211,0.32540064007617514,-0.17836068158446605,0.44905854316722277,-0.10140215727348761,0.7869775175238466,0.10202150490123629,-0.3274441765525337,0.9229721332272647,0.8706320413003593,-0.5251492784782512,-0.024141488578579614,0.1736892404363626,2
-0.5313941845378015,0.16044893361543042,0.1716402379727131,-0.06498760762931093,-0.10521494597191405,-0.39348867976018703,0.01375657466179189,-0.16135318952150587,0.14531565431850182,-0.23858796274219182,-0.19131373568343482,-0.34674862550393004,-0.262763643138351,-0.10249351061058842,-0.0853304893488632,0
-0.656694767219832,0.11572349945922317,0.33132784041032853,-0.13826127991082793,-0.05761458251413966,-0.5805289510199896,-0.04562791073892062,-0.28550929814027387,-0.04554862389805778,-0.1533773113772048,-0.23460668508793006,-0.2350005118829134,-0.4038649404404875,-0.1349216150913178,-0.08756965779770619,1
-0.7063003584179058,0.045704378669441464,0.6937687558198001,-0.32728699844148285,0.12920845973190048,-0.7222292284968006,-0.10283636889896877,-0.38491613322994317,-0.21893870602718246,0.004907541910669164,-0.15455358789311727,-0.03909320893313849,-0.11041243419788209,-0.14352753662266213,-0.1264128924836768,2
-0.33773619741645644,0.09268555156310773,-0.4943041916387526,0.218357604493644,-0.3186568423526274,0.18768699847586637,-0.0016568572738951712,0.013413491069448015,0.2645323365076308,-0.13248494119868498,0.08774449237453849,-0.31530689054981387,0.17591324320106266,-0.013287317123519812,-0.04984422463351537,0
-0.4710021766181201,0.21599683905664396,-0.6077214770037986,0.2717722794694123,-0.44131544673297096,0.3672158161666925,0.009687010476036966,-0.07919772848036394,0.2915828537263642,-0.08957784714783369,0.025588273396986314,-0.2856462443949745,0.0641859986497453,-0.06306809382673757,-0.13762989676167572,1
-0.47710159224486004,-0.1663340590177618,-0.8782458539419746,0.31371084977167096,-0.21304205421778502,0.3744324024671882,-0.046128407638310595,0.563487499110646,0.24038535443083062,-0.30252440600132724,0.6339070969364113,0.3812328792876549,-0.18510014927853646,-0.03848014595675614,0.06633258361791944,2
-0.4681268571959685,0.11198579721804362,0.30285973639868013,-0.08496757708494893,-0.03912136710256818,-0.3408226394341789,0.03025782720209683,-0.13624291471333266,0.1337211610757486,-0.21018060588116166,-0.1618999114161721,-0.28299193578575693,-0.1176624451376715,-0.05034792745545361,-0.07454860821535479,0
-0.6327841717116446,0.054881353962407474,0.4051532455888975,-0.19793191756057346,0.02484432462783747,-0.5556137892165213,-0.05334093301773727,-0.1833946840991489,-0.0023161053475823775,-0.08507458261363461,-0.016766825472686885,-0.11138998683868581,-0.07958754788561687,-0.08220714540524163,-0.10500508837788806,1
-0.7075519201671299,-0.08771275205684528,0.8578283167990166,-0.5169261822985697,0.41193367959194616,-0.690486049297303,-0.1641936769150942,-0.13475569891324682,-0.35527957277878763,0.3547100771805304,0.44158211150178267,0.6188917365334432,0.686472581563233,-0.04254912261699583,-0.1112449445874557,2
0.6572825688287107,0.7200833053936919,-0.5624498878676849,0.0183744651864044,-0.5522073497731308,-0.14850422636867214,0.15903207524057622,0.22246455619092398,0.4694410702942972,0.10347952208090844,0.11777385399415148,-0.6916552284572588,0.7030712404508114,0.12997559800723713,0.051575639658439434,0
-0.26939168256036183,0.10023399360518986,-0.43139658097405353,0.1587358090455334,-0.32034087689931734,0.017515008248809315,0.04407101841629607,0.016950033240091235,0.43886799062545273,-0.2230625701344915,0.11180500552112409,-0.42486894026090066,0.24769343561635426,-0.04035058827164927,-0.08795077861550982,1
-0.40913162565432604,-0.10984521229899566,-0.7874375765706176,0.2841315356880458,-0.25849855334548766,0.28081249646431367,-0.008348357673340877,0.36182725998540094,0.3487824839637215,-0.2623956710182225,0.4377796869085045,0.057191750109899166,0.02176851221146857,-0.03159799215635899,-0.0009772478101348018,2
-0.5646902476747067,0.06173843182146408,0.35283696516374335,-0.14611370131926085,0.0018258343222657463,-0.469041596585457,-0.012529975066182234,-0.1406845068191389,0.0842880391459473,-0.1488990007929954,-0.07700488885002235,-0.19155980209056975,-0.09271748538841489,-0.07056178979236968,-0.08815411194511348,0
-0.6712843540920186,0.07366737293039298,0.3350498960143778,-0.15497367057608882,-0.03051610834935969,-0.6021970546866209,-0.0576884252723,-0.21645386617750012,-0.0224347694514568,-0.10663395115949295,-0.09205389589459102,-0.11966213527991833,-0.2910702152355235,-0.09388140866467047,-0.08299994483494465,1
-0.7274118539338876,0.00204312245417288,0.6382551352718598,-0.34991040743648477,0.18068142278347948,-0.7457455291973698,-0.13554102807334514,-0.2363987106420597,-0.25180316915302037,0.1280810495139786,0.1414217643763682,0.2515477646610421,0.10527611851314309,-0.06993192589773463,-0.09110006938536036,2
0.4612024071952536,0.6403646120265669,-0.4786942080815737,0.18115426224860776,-0.49222511326855245,-0.12924005320884813,0.17130405721244943,0.13585773421017955,0.46106098086289177,-0.06949860985712467,0.11705082521377948,-0.6988485724826058,0.6853712131438953,0.04487722258830529,0.02089886158053583,0
-0.21430243546474012,0.10192171732409673,-0.38544368727437744,0.1310673558056377,-0.30740559898970465,-0.04711786071153588,0.06053218571972506,0.005832943494316426,0.4733174190042194,-0.23346210360785646,0.10823461806267752,-0.4550900402960316,0.2517837863581962,-0.04194646591283239,-0.08792050225333356,1
-0.4408335230471669,0.15799076890610947,-0.5566057287030965,0.26250173589293796,-0.3901434260606993,0.2570021230667043,0.017515636424058373,-0.0100285047864317,0.33423563144342305,-0.1453126580965377,0.0579674028995778,-0.2916817075075143,0.09511085482456838,-0.06637172347397118,-0.10154858338868727,2
-0.49526307939099584,0.1359763657895269,0.335439228618527,-0.11019037463218359,-0.028019306137550166,-0.39773766174398667,0.02151529135217433,-0.15854054356276248,0.11371422799574085,-0.21794906509637438,-0.17522531791190663,-0.2999448480958684,-0.1487665019311417,-0.0633026848555224,-0.08279654722043796,0
-0.5898477415644995,0.11872724761353592,0.25785111501546026,-0.10325948458984394,-0.07448329135608835,-0.5134061227926675,0.016714781883422868,-0.1739071925319021,0.16257911516251922,-0.2093814675071876,-0.15547319706556598,-0.2817851371328264,-0.19738207033501712,-0.11326228930920475,-0.12799345151788652,1
-0.6811739263750024,0.002644455159014595,0.6631179077507736,-0.34248264878341633,0.17618611618515811,-0.6324519480232138,-0.11357650229172693,-0.24381531210614277,-0.20555276026734537,0.09585805924210973,0.07776029227315749,0.13258397319839854,0.15285350762515904,-0.0738068327775366,-0.09672233816432678,2
-0.3448202469192941,0.08383869554719092,-0.40908869900650174,0.17751731745293614,-0.28373274339476734,0.05194230365618169,0.027888658369162128,0.06083052018356098,0.34905724885536715,-0.1799751056247558,0.10270425362046619,-0.32641347878292587,0.14074159421046165,-0.029400172532770368,-0.05212033040663335,0
-0.40307584726527856,0.23524730857639606,-0.5875428273214969,0.20623411175463136,-0.4014031707364739,0.2602258838095222,0.02505902913894465,-0.057179437238426785,0.36536980005456743,-0.12234062047252028,0.06976654508050406,-0.364126976987597,0.09353534176317112,-0.06487569641775422,-0.1421405826150779,1
-0.37139681788837015,0.13506328104803914,-0.6482574242531889,0.30186947847313916,-0.3928273649691316,0.3060541056395741,0.01886137744361252,0.016765786644454186,0.3522996217237383,-0.13257999474689822,0.09010604799847827,-0.30180588765447086,0.2246061396440007,-0.05495364524352925,-0.09115766746234044,2
