0,1,2,3,4,5,6,class_numeric
-0.3547511238409576,-0.04050842800894829,-0.20300414725436117,-0.3892214218635368,0.10636817256276683,-0.21804385405271332,-0.27350577935173326,0
-0.35653475795894746,0.0625933207058137,-0.28203964668888565,-0.4432996905514862,0.2057518011158282,-0.2638633891307745,-0.20272233578366552,1
-0.45657693542283606,-0.13125144126330865,-0.14608393884282578,-0.27444442931040586,0.04496399073573447,-0.15020308968416424,0.0864179421849107,2
-0.4406588792273954,-0.1712236989641518,-0.14587693209488553,-0.24041122021375944,0.11351956256392934,-0.11032980023838981,-0.29041068502065315,3
-0.4209604070054407,-0.012120599062319192,-0.3261673288843743,-0.3929330339401952,0.20701664727433353,-0.2349485381855223,-0.22678110998486728,4
-0.38533350534729943,0.034409433508208076,-0.2990110482959728,-0.41355270284008205,0.21620167880237684,-0.2448108858998093,-0.23791276625026164,5
0.14604848351029057,0.0761100022575324,0.19052870418623738,-0.3744666554933741,-0.03166251277928364,0.012579485502760574,-0.026602080565492795,0
0.2070279391914471,0.16874929914354742,0.0032036725993374086,-0.43407398848090006,-0.2460954867461414,0.2991804577313778,-0.05650772308244975,1
0.43583816286555566,0.027023705075042485,-0.14566388238222053,-0.34921773378812276,-0.1775238775598041,0.4173338418784021,-0.004655402520359985,2
0.3968304394382361,0.016057112085552074,-0.10240360757662503,-0.332396806174137,-0.16970868558848343,0.34600661934562765,0.08114832107259916,3
0.5149721972482157,-0.05324407471274666,-0.07422334970754561,-0.30524092004963926,-0.001108881774426995,0.3577124539855545,-0.05189257710394272,4
0.40494136153835125,0.05827437042425961,-0.1703851158132724,-0.3566082977733238,-0.2275015129372117,0.42037664905586974,-0.039484398082121536,5
-0.38758273560950884,-0.09053135871098565,-0.2057599258648639,-0.3142571313763937,0.11815888568187603,-0.17155547220811637,-0.3228890193937919,0
-0.4207397747973622,0.01949368221305357,-0.30400453769423114,-0.3563447264969305,0.23512406942148792,-0.2070417333712446,-0.1976768745001774,1
-0.270917412234632,0.1690445624926841,-0.21940153043801944,-0.46287075168665626,0.10026188597630883,-0.27185492092343044,0.161616681482661,2
-0.320258875714306,0.11470197846623578,-0.2275036320072638,-0.39785973715690204,0.07973129916143154,-0.23868333587743118,0.2532820064271239,3
-0.4305415101163731,0.039798205886138645,-0.409588342249354,-0.34396013556774274,0.23098954976844327,-0.20821318368144143,-0.16907394340077664,4
-0.4551965568204175,-0.0271306775800213,-0.3641652275358556,-0.25089422273993306,0.2242518065355129,-0.14879338573691375,-0.22314247465451667,5
0.24223380348936513,0.08593407817672014,0.1398053691016128,-0.4347075277717481,-0.028190128051027524,0.18609103654965398,-0.022460939625365134,0
0.19884244120865327,0.16770283095404176,0.03280947366392147,-0.4486541171887077,-0.23116710388827727,0.3108857113221749,-0.04637554983463287,1
0.494999231476876,-0.03646400119011822,-0.0298976750595971,-0.34329754062556594,-0.013702313176592736,0.34639189833139983,0.05958021460345022,2
0.4746992126372896,-0.05575028479142011,-0.0011997496756117204,-0.3135854926360329,0.001202318793326838,0.27469763493792765,0.11792475083237527,3
0.4947304089953933,-0.016032216423164544,-0.058376860513480525,-0.36489672862424616,-0.030703106760316935,0.3992013566883445,-0.02515288188762742,4
0.1511687278012087,0.19240901713257136,0.00851176020051855,-0.4215967184601225,-0.2702645063087605,0.25021400424209456,-0.03605913841371344,5
-0.3727190340392049,-0.1252628633298664,-0.22910071049359834,-0.3168980525653195,0.07129438301284298,-0.17530131316655784,-0.2967556371735911,0
-0.4071299957041924,0.05856969058799026,-0.3724497449971534,-0.38619374023421843,0.23354220709094015,-0.22732595813658638,-0.18016336320925352,1
-0.47080393606949783,-0.1579107935641679,-0.19747984776273958,-0.1594941222443029,0.02804325525329574,-0.09252199258131086,0.17184511634631894,2
-0.3095130328663073,0.16647016924013464,-0.26470954451310763,-0.43776190205294774,0.12486335080613425,-0.2576226596234145,0.18012769734777587,3
-0.4196074786203672,0.03498027390916417,-0.41468728972066554,-0.335607220655965,0.2133940125862839,-0.1974421889740263,-0.17498192512474267,4
-0.3984591590517059,0.08346830179603235,-0.36755630286087837,-0.3185759337100187,0.24089460584856412,-0.18629771536887552,-0.1994881623408966,5
0.36018752498856094,-0.005861871719809783,0.09995227349868652,-0.40555699644313253,0.05095502005523688,0.2251699206155454,-0.025768157158233232,0
0.09501084489167502,0.1974514552478642,0.09930356179005538,-0.41442754175963026,-0.21656712175664938,0.16069856598159316,-0.035615629754917236,1
0.44407310080436846,0.0221561855526784,-0.06461927866897349,-0.37105606490656007,-0.1224685751651436,0.3802005171486076,0.07762160036547339,2
0.43122072610245527,-0.004882694282703032,-0.028230726682244075,-0.3284782160442581,-0.0761988952699111,0.29546185317713913,0.12417965178361533,3
0.5287033263052947,-0.04422015562649758,-0.010795188923736928,-0.324911046357072,0.06593612479156181,0.32236018754472034,-0.01197286399772949,4
0.2255427721730894,0.17599492156371638,-0.031239390780883846,-0.42627210577510155,-0.2747104379431477,0.31832580796958587,-0.043768800413807256,5
-0.38715628925591616,-0.07504980116969807,-0.2654030953361669,-0.3448209003752305,0.11304498286049715,-0.19501596845971894,-0.2673637665203875,0
-0.37649131646403694,0.10135030460162028,-0.3623323844666424,-0.3987009306034878,0.22857990302290462,-0.23205307812214848,-0.1638080891552425,1
-0.4395032712511374,-0.006044671703178009,-0.3206873342475491,-0.3206593634518913,0.14066406137812748,-0.19531883688272722,0.08313080036827984,2
-0.3110942092400535,0.13587422947662076,-0.1889225960812106,-0.38702260853697606,0.08213096584406153,-0.22537477973564599,0.26388824188226,3
-0.45672112690446026,0.0160529235368597,-0.3987137642082854,-0.3185491992703095,0.2337542557660655,-0.1878345541513577,-0.1637067577370166,4
-0.3079199953130358,0.1612304137498533,-0.2954409462436761,-0.4011687980798615,0.20226162168995263,-0.22962954786256856,-0.17264591567743984,5
0.3386552163274483,0.013876569520730186,0.12740461858002639,-0.41160424878886825,0.06696615140006637,0.2008287205099264,-0.017190967462486335,0
0.24267330560510794,0.14722132136420035,0.024468340846819453,-0.4480620975580383,-0.20243689163448195,0.332934906064815,-0.05243688074386934,1
0.49665755895140506,0.0037355823860721416,-0.06590312365628741,-0.3764339556952591,-0.07388535793132876,0.4143750743950193,0.0339334140835308,2
0.4021666022626981,0.046359888189528686,-0.07001849831108503,-0.39659141139769444,-0.16804883478856708,0.3993153479877565,0.07854657783686791,3
0.48413725918796063,-0.007115936560723228,-0.03418562830178864,-0.37516081154014363,-0.01428379575826282,0.38395096407011625,-0.0376707940974985,4
0.41405696628480676,0.0761718631037321,-0.10332399258358865,-0.3933373839594881,-0.18390241157974926,0.4288503996317503,-0.03585406174550002,5
-0.39407231284940064,-0.0402859616636779,-0.3055724045168172,-0.3298237180134318,0.13106751677266798,-0.18866486308371722,-0.22298596252089056,0
-0.3738539826351104,0.12684407243200713,-0.3419626221858059,-0.38357544322659437,0.2505002523488666,-0.22326703512352103,-0.15988012708126967,1
-0.4459061371917561,0.03650430292755889,-0.30898458115549254,-0.31655694032770615,0.15533566381865133,-0.18861788871710372,0.19196629254828157,2
-0.27828126971249323,0.17893299558209624,-0.19300015714097565,-0.42857055086364637,0.1041834096588391,-0.2493127914292977,0.22117663688644193,3
-0.4149186091944881,0.09291167711375214,-0.38260304263603734,-0.367818514469385,0.24082071178069803,-0.21771338247708544,-0.11177355317696637,4
-0.37344619360244163,0.13792856382639415,-0.3426618662483483,-0.3720269105433846,0.2469851647409851,-0.21863417121028544,-0.13735488304552126,5
0.2426455897269238,0.029475743768666202,0.18592410000417797,-0.38519268658544525,0.04065386304469956,0.06393924536291885,-0.010795021741666563,0
0.4624682694828635,0.021574863705056208,-0.06985045388757297,-0.37755430418975616,-0.09714171688139575,0.40745679829187165,-0.026335012493963455,1
0.5311524448103501,-0.08288609691089331,-0.04415577618543791,-0.2846844124699676,0.0040515051095991374,0.30680789671131375,0.09386645004651067,2
0.47775731202150534,-0.04738268814234585,-0.06974971043881618,-0.2762534546417728,-0.08366254294249806,0.2948344104002174,0.1480209548806214,3
0.4923274920794931,-0.012268384235550801,-0.06498305452466345,-0.30983803123998976,-0.019597265825635347,0.3531149074590044,-0.04142248338131107,4
0.3463401862163366,0.12413579506593017,-0.10585950949367302,-0.40449353206671024,-0.26230716906489615,0.4099842263707428,-0.03551432311071863,5
-0.3220238722440037,-0.2344939399096123,-0.09773843830073582,0.10885942960566357,0.016318375124794643,0.013780741045545985,-0.19298805263511737,0
-0.3027468244328628,-0.2231312412701279,0.19679345664224937,0.3018768933021375,0.0028651225893568722,0.09039275873668257,0.0498321144804899,1
-0.3467679494224951,-0.13234457160993904,-0.10074988236884826,0.09617239964743197,-0.10058823273138696,-0.012099330614913632,0.44238596219554394,2
-0.293823931251312,-0.1851804897325674,0.11587373918361667,0.05467499039858396,-0.19649458849361573,-0.044176293021849555,0.5142136173144638,3
-0.4169211501257666,-0.25153137652411944,0.025523219992533857,0.2435950585467654,0.018676754755275457,0.09215998582375058,0.06660443948679028,4
-0.0833825484061424,0.0988634348568784,0.10691275835650937,-0.26451189483259036,-0.12907160336719659,-0.08711621090638405,0.084650255837162,5
0.11841157789933603,-0.06561838724090922,0.10263427442767765,-0.24929058705172993,-0.13123610834134208,-0.04119883950149571,-0.10092316267184168,0
0.21407893438839612,-0.16058387919024616,0.25688588138466223,0.2267657864681081,0.09167149909685679,-0.18800496430310762,-0.005115256205282223,1
0.015805616251590455,0.14766909148080617,-0.35796675382941173,-0.1307085438801458,-0.2711660012108497,0.021814893687019714,0.16438872619538628,2
0.15284652253921802,-0.19438537032967182,-0.08410958066868744,0.24327666289343902,-0.12577399097732553,-0.05237163523625911,0.18652557615037532,3
0.2688032517508612,-0.15981226062271314,0.2202743890108831,0.13335710342638452,0.14592337837988661,-0.17922172028772798,-0.08154266359682195,4
0.2722123763414367,-0.13905574575790153,0.012656607647467552,0.25468269295461754,-0.03315838873310097,-0.09594017905016154,0.10107055845686949,5
-0.08114996590089828,-0.001171340086155124,0.15690035697971194,-0.24134545727074103,-0.1592112661306277,-0.10005021844691493,-0.04444263778530685,0
-0.23835952529216123,-0.2034804142161483,0.2685650804995725,0.2685905378133787,-0.05182784062662972,0.028816178163844384,0.13300059761040395,1
-0.30450538541538325,-0.09273488369536523,-0.036956424883028506,0.10162131138253537,-0.13833635615053022,-0.031488077931481395,0.5473028134113558,2
-0.26577171513121733,-0.10832205612600228,0.1732984796087092,0.08843590021277233,-0.17581215341870446,-0.03170081461095445,0.5156709611560172,3
-0.3261517956403446,-0.0031145489503052997,-0.16847465107675136,0.05960633524022185,-0.024057917259180796,-0.027760783494368786,0.370467269894146,4
-0.3619683285077827,-0.01828284341715521,-0.12953427621635955,0.11479524213015287,-0.03412232809778003,0.0074334584932526215,0.4586984372878313,5
-0.019969224669833332,0.20035876391745963,0.2249923666992601,-0.3434045698451122,-0.11952838580733086,-0.11224553506894341,-0.0055386972880936206,0
0.32117739800475303,-0.2090356689450345,0.18521964834665677,0.11439871383871411,0.1349350967807546,-0.15477399308624057,-0.0420878168035966,1
0.0700672940440612,0.06920628404607185,-0.2309852171705732,-0.1610732677514973,-0.26818879060290585,0.05148997934573545,0.19673455750450075,2
0.23255988474277728,-0.2723998145138625,0.030795121395220115,0.14709009992213254,-0.06777733591914778,-0.07076922351348176,0.19192988175964382,3
0.40144772871697,-0.2134718664726657,0.022652994615717334,0.12135556352791621,0.12032309715878169,-0.0464321272182148,-0.0866358384307983,4
0.20261268245982197,-0.04518077979677292,-0.1505671345592523,0.0962586690212382,-0.20673827534156894,0.005954825080208951,0.3099747909448223,5
-0.044572812705568704,0.12576143428230657,0.2424960728466451,-0.35725830091690675,-0.17370884478777138,-0.13443247489016372,-0.053448517160318704,0
-0.19801594981937395,-0.2535817777314225,0.349768188702063,0.23087452061916833,-0.05548033472316442,0.01185856148501038,0.08055244690375654,1
-0.2558288896908194,-0.07949785092012168,0.022028987206179348,0.03769737248040682,-0.16214165929144114,-0.04432680927840836,0.550576875206801,2
-0.2939825477312643,-0.06859695603501537,-0.07188785245652657,0.03189393576247276,-0.14381609413828675,-0.05178880137955726,0.5836256581437013,3
-0.28394831521534486,-0.2996398338464387,0.22426543462223558,0.24225291364284737,-0.08861733395206943,0.026516487534113446,0.21471005525253248,4
-0.34647928176307524,-0.12411655734010688,-0.10633555232321332,0.08315547217745309,-0.06968232801827211,0.007737782315579679,0.4188554245498229,5
0.35893362250576993,-0.03938475643751427,-0.02355305213299372,-0.14502422994092273,-0.008161252777212734,0.052672392522836134,-0.009840668104696975,0
0.4345193923000361,0.006538351217401017,0.019170065686280314,0.054594697133810065,0.11884245111164887,-0.07654595445380619,0.01720152051832599,1
0.206172410545634,0.12283802392303593,-0.106744017310041,-0.16869666085180646,-0.22454730257375996,0.058557042576933636,0.19071931150208346,2
0.4013643039652247,-0.13761008342316136,0.22471347148398685,-0.0033560980744160285,0.2571249347493762,-0.20282710697118958,0.11390175072030824,3
0.30232005619454805,-0.04941001330210333,0.30909339529707913,-0.13000814095492527,0.30271480645439375,-0.2614415583119134,0.05092056315047621,4
0.44169354535169314,-0.051176505400928024,0.10659460008735401,-0.024263811319494778,0.16833315740937635,-0.10979455956582139,0.11601290822975084,5
-0.020377409187927853,0.19069200442250808,0.22346892647446884,-0.34114821823974784,-0.12224890846101062,-0.11094691058106212,-0.010322137457551698,0
-0.24095913788717585,-0.22188892461339543,0.329101196825229,0.22171987332080115,-0.07242642937738056,0.03111617146637501,0.11481474646127356,1
-0.30843918970205547,-0.017598383008793704,-0.25174071508582563,0.0070149514163139175,-0.07205247310366324,-0.04738772580651181,0.4185756843271406,2
-0.30251360078883843,-0.1055177714824043,-0.007561820482647614,0.03257640722359767,-0.15757331763675872,-0.05067366485688435,0.5803104463574617,3
-0.3212823099293929,-0.29854163850685916,0.19951060520634153,0.21567660066381794,-0.0927935096641594,0.033735353813874734,0.19773882183210323,4
-0.27508143930389045,-0.21883272804463344,0.33574584133634844,0.09682466959310373,-0.17162767698775067,0.006031127287806373,0.252412820380012,5
0.3872331237365156,0.018531112509064078,-0.049497635196963805,-0.13571283230299774,-0.02177000393219508,0.06676818823853872,-0.020041977955374136,0
0.42810269496256376,-0.0137417431800101,0.14690031634938466,0.050787407747987935,0.23329517982377526,-0.18827831299008824,0.0401731161620536,1
0.19481115125214263,0.1724899142030705,-0.13086249976071768,-0.2062982282308099,-0.2578724119682377,0.08025101167704776,0.14007576032432503,2
0.3793074988769337,-0.019529498725012966,0.00048305832945641795,-0.01942749819025592,0.022235464872836445,-0.03601732843958176,0.16192358168540485,3
0.4494993105471677,-0.052368102409550595,0.16539365141658674,0.0017969206617778968,0.29559718517351474,-0.18537614197030514,0.016794988393403838,4
0.4165326681470868,-0.011603694719786747,0.11407352830012156,-0.013029415588742953,0.1592945047367036,-0.1375661081847062,0.11849375324001785,5
-0.042917133559873845,0.13745291482129393,0.2372103640175409,-0.36015024912587895,-0.16892468558964838,-0.13298389087333073,-0.05135251181826229,0
-0.26142431866194615,-0.28016418738620513,0.3041662581573243,0.27120798279421676,-0.048385200830207704,0.05024175234460638,0.0699840662615181,1
-0.2721641069110758,-0.10751247292285666,-0.04340562736881258,0.039733309113314366,-0.10974345322408864,-0.015602352041811643,0.33257765150134894,2
-0.3062101427443165,-0.12165533942299636,-0.0574731828221351,0.010996302454164398,-0.16015195380981556,-0.05693405895251874,0.554621339473077,3
-0.28182584707484887,-0.3535926718466798,0.28160589377740247,0.2055558746272919,-0.09670650988997898,0.022784295294456226,0.08897174847226275,4
-0.37846037798582566,-0.1802849716549085,-0.031778564749269496,0.07288264670632813,-0.09335815164698505,0.01022008361526826,0.4049720947329928,5
-0.019925871519542043,0.22008156535320456,0.24754571622023638,-0.3831660748244486,-0.14517138595190268,-0.13936487388073593,-0.004376279178553166,0
-0.02013488919421822,0.22273510498568427,0.25016396353740444,-0.38762755200930143,-0.14823179705379957,-0.1427778475017445,-0.004026580629180337,1
-0.02014752710414233,0.22246911192748106,0.2497362523390432,-0.38689619911562567,-0.1477149373360586,-0.14230191962889957,-0.0039585965917905,2
-0.02011832324077008,0.22266784179898558,0.2500189560053997,-0.387495588386863,-0.14812683496292348,-0.1426067610133312,-0.00402220571486477,3
-0.02012181766985611,0.22216836919248706,0.2491962476245975,-0.38620556325684313,-0.14726442654639654,-0.14170063348611597,-0.0038965175729880432,4
-0.020061905399866308,0.22237910924106888,0.24997790885247942,-0.38736044176144385,-0.14804733381720425,-0.14245229334801934,-0.004145752687907767,5
-0.06239540012923817,0.08725001741978226,0.28710869863246746,-0.3486126859498936,-0.19932826321294017,-0.1320119517133345,-0.07408358281841392,0
-0.3441393411149787,-0.3712713779760611,0.054743390886141476,-0.0829186128966247,-0.09392302297193472,-0.00323581282147577,-0.20719780723361303,1
-0.20850161512387724,-0.2526294689017514,0.38433954099040535,-0.14846381765381597,-0.2853329923941344,-0.08132216048574337,0.11474243205776219,2
-0.14657784367251214,-0.17549360797984329,0.47655425125004613,-0.21221004308863617,-0.3004621018978829,-0.12366567141701741,0.020470677139344813,3
-0.2899466884327749,-0.4160175881824838,0.31285095079031056,-0.04810538906042701,-0.17875605338236092,-0.011595895331693707,-0.20313479779218152,4
-0.29274515467769424,-0.4305379253972135,0.24902979533628913,-0.028893350929826252,-0.14431731919883023,-0.007661244999645313,-0.23349615447651365,5
-0.014507703510872069,0.19517088057931947,0.23002607982362674,-0.34633868302998017,-0.10957487657636589,-0.11342179423231422,-0.002359289555328047,0
0.49195656713266195,-0.15671972499301756,0.18884003710292552,-0.09960223574082068,0.29786563224748597,-0.11651780828228295,0.10488232702383568,1
0.46134802379407586,-0.1485394663822837,0.11821156985778489,-0.020059936639678894,0.14743707590458754,-0.09936258294588049,0.18828724519239265,2
0.338791893076509,-0.20841096389902955,0.3190121780604007,-0.015382260362962304,0.19372794126634155,-0.2513508939885014,0.21442639535898908,3
0.2774353436537238,-0.04353051204754168,0.3534695704272828,-0.1623169820932634,0.31183982847878716,-0.29627279076563734,0.03449936527773877,4
0.46648242975525533,-0.11517506758157531,0.24439571453810296,-0.04430198043239601,0.37482579490274376,-0.22644329607860775,0.025338559979602725,5
-0.2016387080775931,-0.1535118713011451,0.2305268420622229,-0.2439200247362432,-0.21886143431737407,-0.09677966970337971,-0.1387179656885463,0
-0.438446548627656,-0.33107856253470125,-0.11951266109082094,-0.0032285104406140647,-0.01317766219213589,0.007504130650675209,-0.10157368848716289,1
-0.22454212014663205,-0.23261021493768322,0.41159182666035815,-0.12102446988444464,-0.3061880316394408,-0.08196494124741784,0.20518914667013063,2
-0.21559033329389893,-0.26341852059231485,0.46383508508098054,-0.1283832611572975,-0.3202261627292061,-0.09736236768674733,0.1161356451549904,3
-0.43237664797738645,-0.4192454791143415,0.05289394956894111,0.04622219617445581,-0.09699684665466657,0.030293054458627042,-0.08704485113715071,4
-0.36373137898556696,-0.4285806052040772,0.12777020016259347,0.04523719235071999,-0.09754963223748929,0.015512860993993094,-0.18083284324742702,5
0.0740163037155903,0.12063934500619253,0.23268680207000061,-0.3469716384509914,-0.05908681360356173,-0.09730900796082032,0.004675032802863437,0
0.510975113051505,-0.09911921073818777,0.09767277050057667,0.05043489180108993,0.23350139986610324,-0.11665055995044635,0.0692193068470392,1
0.48053952518577703,-0.10544692691490198,0.07798628858364492,0.08809987093581713,0.14369538875679094,-0.1194029598502648,0.1466875153531191,2
0.2829819140562239,-0.2101502829997642,0.3453705060965418,0.026395613594429383,0.1414321239563646,-0.260527878107617,0.2158775715413492,3
0.4520569021896647,-0.1128142437178908,0.2127173856715012,0.03690446557179814,0.3092091362350825,-0.22921813967533694,0.022941784935120023,4
0.4233669136475425,-0.12535264832011683,0.26236694875883076,0.05970120861696557,0.33320739155071755,-0.26208835909137923,0.021088308189256322,5
-0.0325249161383879,0.16834703023003136,0.2514016941910062,-0.35276208103562345,-0.15433148571234792,-0.12461439732772896,-0.03541830825799186,0
-0.48921386191203725,-0.19619390549970925,-0.23154681562640633,0.041542764769045205,0.10346965018091793,0.043964857540061505,-0.10999122078947687,1
-0.387889928717457,-0.24888093962610985,0.20046745947984906,0.03519229463882282,-0.17052280245394585,0.03140094543245194,0.2856862114189519,2
-0.23296147619543678,-0.19813739049109558,0.46781136184071703,-0.10005058302844239,-0.29045635660169694,-0.053495757019958595,0.16073727735698243,3
-0.45448248453794854,-0.31242865572562667,0.05522764142530942,0.08969549536376122,-0.009512028398828056,0.08182823203803415,-0.1561415917957359,4
-0.45368886021930244,-0.31291238277610817,-0.032097642450821966,0.07698985800186578,0.03926898346052471,0.06628897283719887,-0.2372094085450943,5
0.42075690451014625,0.015312687231106455,-0.006952550578732948,-0.2808529067098232,-0.03405156059293553,0.16681925368321723,0.054968512636152066,0
0.5082510776418319,-0.07508175172883401,0.012040873014327678,-0.1392193063607633,0.15475360558021023,0.06882765325364133,0.030831637133455183,1
0.5037802450492259,-0.10529116849347042,0.07001584174018965,-0.07376134757333633,0.16931501171082083,-0.03865201073126199,0.13591832379279495,2
0.3249725545119521,-0.18085930716796675,0.3217389294801531,-0.07905501510635565,0.20367173827574445,-0.24474572214305645,0.2044156251779591,3
0.36505510085871856,-0.08718549686928605,0.3296281962985408,-0.15476469362882922,0.3810055146350913,-0.27668904432401936,0.040218219986420084,4
0.5385356611898442,-0.07860837017551646,-0.00022938336040884065,-0.07908699096042128,0.18114778273555351,0.038932813321871505,0.0009721586609335384,5
-0.2605503345261515,-0.18865756906707454,0.2604658416236266,-0.20050498948084966,-0.19652839479143908,-0.05402157689524774,-0.20998664523721763,0
-0.47135804697484374,-0.20459902346292763,-0.14023050383851943,0.004197647452040379,0.08289498627666386,0.04899695015421983,-0.20756808273160104,1
-0.3617892522510899,-0.1644184865956446,0.11544871726004986,-0.08817869419589006,-0.15582829299504983,-0.011513988461209762,0.2564043588234102,2
-0.284523986135684,-0.2757467670745083,0.4299873006222265,-0.07338067462081183,-0.2914207953903097,-0.04266405246308726,0.1038492392203201,3
-0.44062517282241437,-0.34838951591390965,0.18440883927819163,0.09008274265118561,-0.06034067481911052,0.08723606306202066,-0.19635422211416012,4
-0.452141371588981,-0.3114131366122627,-0.028110466039920755,0.049631775949123456,0.006071844464198807,0.05084626613914098,-0.2345554790503373,5
0.5085895663746139,-0.053427682504930706,0.04551546047593859,-0.2474798227493877,0.11444004339610644,0.11221577697595875,0.03790941131047689,0
0.5579003622311768,-0.08975508433632687,0.061362491398834,-0.060783845509201614,0.23817448419168846,-0.02259772704326322,0.04590739285653463,1
0.46948083087044673,-0.11674845093766958,0.025841272056491615,-0.017030933774935877,0.08914847608163,-0.024614110233043295,0.1629060463771363,2
0.35175394574892543,-0.21161532181377635,0.24475389355669258,-0.006823858084128303,0.1440805682148462,-0.18852057174239004,0.22686187472137478,3
0.3336901739397195,-0.06202995265798341,0.33031418748742514,-0.1458294111172898,0.35385966380952044,-0.28627645455812034,0.03127359547343625,4
0.5241325394563456,-0.1319563676112601,0.15529564538017301,0.008182823407887464,0.3220214381666042,-0.1538986052582218,0.03924244725419718,5
-0.3801796578809564,-0.17549131989526234,-0.0379166062746186,-0.19004010643330743,-0.0005797494532455438,-0.07113123424009136,-0.311835385335946,0
-0.4822898192875649,-0.2826783654906064,-0.057146009504102376,0.007324880771863638,0.02046543739044465,0.03737434956101557,-0.18071884928626938,1
-0.3444466561311787,-0.13060443499932026,0.06289400411825102,-0.16725381861706703,-0.15279458582868394,-0.0532729793531251,0.230191120489654,2
-0.20529587737111865,-0.17742139563267856,0.46492652924895705,-0.1698244590991431,-0.3152444539568038,-0.08445080549094147,0.07357258813293074,3
-0.3938053631084315,-0.34374170292702927,0.2960287024309421,-0.00034585241001498416,-0.1521523270229916,0.04765274147864733,-0.17031567971405343,4
-0.35811629936286904,-0.36033452774522035,0.1532105385180145,-0.039941049173734894,-0.10448024425784389,0.008964037297307883,-0.28948203326548355,5
-0.004625037841083791,0.18737221604922483,0.23723225898827754,-0.35405097824078613,-0.10401443929846077,-0.11733621871551468,-0.0024261809699811874,0
0.5168732158900908,-0.11073364052182205,0.04110390966295942,0.06971237721703849,0.17563286289265242,-0.07470281846008404,0.07724494030272824,1
0.44402228438188285,-0.11211213291098004,0.07070017160062113,0.08680559460462449,0.09629406857947366,-0.10976400556164044,0.17834236869844328,2
0.3499140773555564,-0.18849276946278928,0.12329169818116374,0.13941613515439846,0.06317741880363516,-0.14576310889957225,0.24609833533788944,3
0.5215518886631088,-0.11362907483624085,0.20075646293797716,0.052967698874263267,0.35934041959886065,-0.2273308752728625,0.015056251902148206,4
0.5398271369254948,-0.036868115015395594,0.016483937233518018,0.08954910095628761,0.1975326245871506,-0.08349117823929256,-0.0432242270918884,5
-0.45028243505985077,0.005794785135400962,-0.14980369022115844,-0.08341824394411056,0.1526962658883743,-0.02587142977254962,-0.2370757170954216,0
-0.47596109816040755,0.04124651962046759,-0.12809856982075382,-0.01922286113224972,0.19024136591779975,0.02441656175276072,-0.1622800470196707,1
-0.3226259999823777,0.2481289200145779,-0.2574360442541077,-0.3578946805382038,0.14438854183124286,-0.21421459922425148,0.19225888874230843,2
-0.47509413226385167,0.11396051917367644,-0.19597176599694027,-0.09784499983741493,0.16637211683131542,-0.04810476325367476,0.13647776674680284,3
-0.3998131677469185,0.12084958724090952,-0.2284969129235195,-0.1772822128636544,0.2062551140620443,-0.08758839101298208,-0.18581270030541544,4
-0.3494970393586193,0.2030400816991547,-0.16774405744988719,-0.3007375109277816,0.11240350559595372,-0.15404231916608452,0.2962734345657116,5
-0.029217065716002338,0.15094604976720472,0.2437726111977393,-0.36711822974855174,-0.1704090523905713,-0.13905168474021087,-0.04366196942579233,0
0.07426926968729652,0.476946522130582,-0.13313612762978094,0.35158624159604884,-0.19430759810186138,-0.1463678481666068,-0.1745673156875903,1
-0.022585957343487874,0.40406969676200066,0.06220998086440266,0.42916452243104497,-0.13094165308169428,-0.12477006860051762,0.06873519243317465,2
-0.03195686940789681,0.44973486803546586,-0.0005979814181092692,0.3927751410553106,-0.16854552010095067,-0.12816731051963742,0.11193010474533978,3
0.06864209428977194,0.38871644489627855,-0.02454600880809355,0.4776045271260052,-0.08228547478303302,-0.143209298986571,-0.19570787263823172,4
0.03532430748830224,0.44439948692660863,-0.11623723664827332,0.4610305673891635,-0.14910452908396035,-0.13111658927798753,-0.10842648947478355,5
-0.3266604284930753,0.0751836823151698,-0.020309791784399595,-0.12772608186266848,0.06513662557791634,-0.03327281567631099,-0.13220970530541087,0
-0.45886453397753735,0.187584559115258,-0.1854942146944128,-0.06133871565589649,0.26304233353385126,0.007548567582853099,-0.12286324287255593,1
-0.19585715962970437,0.28300559047830603,-0.08565204896396426,-0.4057923005955679,0.08005360876306203,-0.2130419498141032,0.1780585486561457,2
-0.44981493174012976,0.23875439096139575,-0.18838797333899854,-0.15096861536426445,0.2104621161728883,-0.05112374324617105,0.218932853582134,3
-0.16632697775944494,0.09806333318542362,0.0665956590157284,-0.24553951756281125,-0.03302079790968159,-0.08903789733988607,-0.049644265972835055,4
-0.502068170207757,0.1819341686380859,-0.12674014038167838,0.0023813971950292345,0.2375279305023807,0.06092473786744825,0.03292205729691883,5
-0.028609036412072904,0.1707601217958788,0.23845832021248656,-0.3684381872113967,-0.1595320816002489,-0.13551966899305024,-0.04021173815507066,0
0.047002100559623866,0.5199743702071097,-0.05888210047668977,0.3630577526829019,-0.1721273075449841,-0.15952990765605166,-0.1624426988496566,1
-0.018269264460172265,0.40004017723958224,0.1532957823162145,0.44299657092387656,-0.08992450963981433,-0.1271601400631049,0.008437983719899783,2
-0.016141308027668062,0.4227413080353805,0.13326374021013696,0.4156158329734716,-0.11906333799377333,-0.13600435978226022,0.04299749863749272,3
0.06838615933350102,0.4511407108996298,-0.054117412286348476,0.4305477073373856,-0.1309003234933848,-0.15243912144630983,-0.19757097257601394,4
0.04746995153670411,0.33913912437893134,0.13847907613057492,0.47910452117666075,-0.07354799252066588,-0.16564423155418226,-0.05146093075663795,5
-0.022949513700555733,0.1867408418230793,0.20167014896033494,-0.3218379693620917,-0.09858285106844737,-0.09571123415254347,-0.011893301302759236,0
-0.16233787864651986,0.15905905641207327,0.040390075888682854,-0.2576291040599887,0.005582521863744682,-0.09031973778071896,-0.09011808074575703,1
-0.28700208880112893,0.3241401664703833,-0.17827231179702158,-0.3354544996898702,0.1716602376836725,-0.1711505117219535,0.12673897983048643,2
-0.44144799845790533,0.29842740244336835,-0.1666823878254897,-0.11742115789480845,0.22895966289920336,-0.015894330401227223,0.20618491399219663,3
-0.05715797412355313,0.1593493847747484,0.15859272700542199,-0.308880352201464,-0.0807438241991089,-0.09901057381211954,-0.04496410930846985,4
-0.4634579760382076,0.2187882756647711,-0.13981225576187664,-0.015511503144412572,0.26822894632323085,0.05831867213690652,-0.14597212832093354,5
0.0833664947793414,0.4321468483456746,-0.20347749647899338,0.1671450378958538,-0.26168420405569137,-0.1176550977997065,-0.1551724851612795,0
-0.010602980888120233,0.19361118970972338,0.07720195591526159,-0.12425529803141869,-0.10821431382540275,-0.08519201938223944,-0.07761212157381513,1
-0.031670136306760126,0.44208598028176394,-0.054738302910620644,0.37513861651564673,-0.153559880354567,-0.10968773079061479,0.013713094105874202,2
-0.03157049069630434,0.4437131430986129,0.04342300108624408,0.41723154009650043,-0.14730630553436744,-0.12627969278208928,0.08007814602787071,3
0.07099332660490575,0.45357443880260007,-0.11285228777024128,0.4270641923004451,-0.14876438220310934,-0.14410556035586677,-0.19857958865865538,4
0.05305758257033882,0.3545780487267665,0.04562065214408481,0.4893883685237881,-0.09870201391913769,-0.15603328349844617,-0.06607475079368345,5
-0.07135040930608726,0.16907714158250906,0.12910466893584027,-0.31280731883415946,-0.06961944749527281,-0.10668751410079223,-0.06375029642722269,0
-0.3922306756772928,0.3859861576758019,-0.17695177320603184,-0.09246688461545018,0.28083446422215635,-0.003680836171523302,-0.025579326217039663,1
-0.06343139298019852,0.19139654014918286,0.13323664209934144,-0.32457542283873775,-0.06387202181248296,-0.1119052163354099,0.010172159485820962,2
-0.4025664965168906,0.3387384066120801,-0.010233348607150743,-0.05381771905727452,0.19322377935225496,0.07733093495251299,0.24833463511934872,3
-0.07975785619746792,0.15704987734530784,0.13075410356697295,-0.28642657963973234,-0.06055678134060897,-0.09199350359113145,-0.06194554241796132,4
-0.3923864740110347,0.32923200178786743,-0.08634734092615477,-0.1379945856072058,0.1992685288045608,0.002819911163502607,0.26895929685536735,5
0.08408893635168808,0.3708598812931036,-0.2526291637630374,0.13010425556635055,-0.25358788133049215,-0.08163132669813425,-0.16505646300738638,0
0.012626607100766926,0.43589596744601133,-0.20500431703429517,0.38691464328218383,-0.16861640569952552,-0.10472552413605754,-0.10946884150173686,1
-0.052192812790157715,0.37304336835143465,-0.0406601970509188,0.48411471952112217,-0.11015561045364554,-0.08976762540552298,-0.002405419876857088,2
-0.07693863421192715,0.4010439885666867,-0.06471606818197165,0.3887671420975221,-0.16099829627200687,-0.09715950741487552,0.1499514200932821,3
0.03113359665713005,0.40613114425577956,-0.24601527039295906,0.3630060600573943,-0.16554612307349653,-0.09463385806226943,-0.1736194565199166,4
0.0007785257673554178,0.40013686873544796,-0.15473772955127202,0.43982274495236673,-0.1446583361871012,-0.10248718846139433,-0.08103320355093088,5
-0.3937580008388801,0.3148640185778718,-0.07966009273159738,-0.06709662911167769,0.24252052265574434,0.050258957701234265,-0.11703319983315186,0
-0.39202475830832306,0.3932704278454645,-0.09059125132569537,-0.04964428887970659,0.28518576416029157,0.06408279690780254,-0.05310636209446947,1
-0.10956715777240573,0.19091159798028348,0.09375118475333061,-0.3075474851496523,-0.04657024343774274,-0.10755265157768369,0.028367185195770684,2
-0.31908033543293784,0.3499813782439018,-0.08481705074131095,-0.20721830620538867,0.1709092654501681,-0.05089382440359922,0.20303039379224055,3
-0.03985714886135306,0.163294859832056,0.19119104138849646,-0.3199649177234884,-0.10788337138201151,-0.10184710831293509,-0.012859237559198355,4
-0.43136454778015365,0.3674482822274792,-0.08447846211172753,-0.012043603370699924,0.27700254357383564,0.09293784963135011,-0.0005343184011276803,5
0.030855039225909233,0.3447549602106434,-0.09736638622533689,0.025485566745312112,-0.19972739004298704,-0.10341194801618528,-0.1154870897000415,0
0.02039353839654867,0.5044865088939303,-0.10954308097854352,0.37131978677282645,-0.15860920792104924,-0.13024550595047113,-0.1392416190408992,1
-0.03607508760548562,0.4678602269546045,0.03229887862330323,0.4682519312616114,-0.1156210092485989,-0.10980832787914274,0.0034825681543386327,2
-0.028832351185935856,0.3497762670564743,0.1175962641372269,0.4203329617574744,-0.12068906294579057,-0.12120459311181464,0.1240364629493127,3
0.05659438636515369,0.3901950115131398,-0.042292763096084283,0.4689746894794568,-0.0992873566100534,-0.1322776946810063,-0.16930333298627165,4
0.034517105235006854,0.43181924109646386,-0.13626916404430087,0.4563020883759596,-0.1616254927280424,-0.12175537243515779,-0.06643457135514239,5
-0.04488472549117933,0.15032642423590398,0.23195235001206924,-0.39441411434996826,-0.1861295685087718,-0.15644012917094843,-0.06271118004095158,0
-0.4535114614066751,-0.14502280619393018,-0.30247890043263426,0.11861214869582985,0.053350809527352896,0.013388575678807276,-0.039502246308934064,1
-0.44766644945589484,-0.03882799320844826,-0.4144099664288617,-0.068494200005073,0.04298988362768938,-0.07253794851389088,0.1418541700267461,2
-0.46059355853763706,-0.17854279023349803,-0.2041344464562573,0.09928796988121763,0.0003088874482946302,0.014763218159108563,0.04432559206082572,4
-0.027028708189713053,0.1435367577987086,0.2715428230596602,-0.4156853385215022,-0.21699553271750696,-0.17162086662731035,-0.059696633101282544,0
0.046858023646637374,-0.08363479087446578,-0.36688091612806156,0.22429238910285285,-0.12862082848936887,0.03250719308184799,-0.09090153003580433,1
-0.01600324949599116,0.12371785150550067,-0.494284099109977,-0.015571215571512285,-0.20820676115923906,0.03672119932943308,-0.04399288215981902,2
0.07602273779870283,-0.06638757124161668,-0.3771432285743476,0.2579756203982516,-0.0951581088363567,0.03860383485226194,-0.1960984386297727,4
0.022550119265780974,0.002767538566828282,-0.46018406146318225,0.11706539922727964,-0.1590414475877296,0.048610159721804075,-0.07031728551110342,5
-0.04225854687835486,0.13775896178800523,0.28313186033766524,-0.4088890660680758,-0.22536143883191306,-0.17627077324575177,-0.06334138189750445,0
-0.4370936178177241,-0.22502637410360007,-0.14067907136267357,0.17750352187028334,-0.016299632005961243,0.03210205134232015,0.04668400097538776,4
-0.02623457672003708,0.10620796381595986,0.2854224633095783,-0.41025473178708255,-0.22989541946620792,-0.17811094788290058,-0.06625186237290186,0
0.18396769802481858,-0.10402193199857909,-0.1638523131298608,0.30494555334929985,-0.07890141065355145,-0.03601183423341883,-0.04417753344599135,1
0.1509587399103708,-0.17435282284195755,-0.13433171922000084,0.38131129598744984,-0.059446031508338784,-0.03373952710604704,-0.019904360613192437,2
0.16367949786404723,-0.20346234131746868,-0.12130212079466984,0.36268661586643763,-0.04202402445023786,-0.03821692136421479,-0.05652094545024815,4
-0.024237439412807024,0.19142813972159092,0.2558807129796385,-0.38368049069474036,-0.16604712707099079,-0.14592613958804543,-0.029607957934510716,0
-0.36420660422193196,-0.2613193075473881,-0.1461874635895504,0.18278377422866673,-0.049995334559281554,0.011253075616840509,0.05464980418673938,3
-0.39407986076819446,-0.26698452308618975,-0.13423304034214528,0.1807647957793635,-0.050352164947460545,0.025171170158801437,0.02022351263740855,4
-0.02732587459351717,0.17135889555039502,0.2667673005946221,-0.4056304271807934,-0.19836567823948792,-0.1636084900350192,-0.03998505336578016,0
0.08151550605833027,-0.004199221774873945,-0.4032321439852696,0.15135395514284902,-0.16110712300811822,0.0460555856353408,-0.11115246437834014,1
0.019409319826631376,0.0241593427897326,-0.47347000505468667,0.0874470411095841,-0.2003524602710889,0.058815560882487905,-0.037300991290672866,2
0.023594209852999943,-0.07729639217839605,-0.38344868340339083,0.21899146049374046,-0.15974084545391135,0.025450455975853246,-0.009683748597794833,3
0.073302113465599,-0.12385558413954438,-0.363211666845104,0.2238655217191097,-0.09878249649342559,0.048603968882674084,-0.17926278066239476,4
0.04717447660221008,0.03058769122091959,-0.4649065099439186,-0.003405121013336727,-0.1782925264349553,0.07302698148579947,-0.13721193492956718,5
-0.1899779166725065,-0.16122312515664974,0.12299824855860932,-0.25061580128311917,-0.21769676602382634,-0.1269772031381928,-0.18366334416896976,0
-0.45283164494406347,-0.05361714462552067,-0.39789882470562,0.04860593044978682,0.0554293794438505,-0.02322217473985471,0.12178525707401751,2
-0.015709243595079008,0.059457472363319226,0.24953234561089513,-0.3847934769482022,-0.21824166771366868,-0.15404834429289435,-0.08107658655108316,0
0.14994471760816944,-0.1347556689000857,-0.12481028149164083,0.36313068303927687,-0.05052173797677381,-0.046832102993263444,-0.04045059047272326,1
0.14063959975767154,-0.1446398734194325,-0.25630723481768103,0.37303969957416383,-0.07630609262037653,0.010890817245900129,-0.06784733389845439,2
0.08866042847146914,-0.15373747169739208,-0.2528601123245784,0.3420321692702273,-0.10324199174319663,-1.7026686607195635e-05,-0.02302185157027466,3
0.13116372863848683,-0.10222090959065037,-0.28315281690914307,0.3378027456412359,-0.061564405548967006,0.014543493785460992,-0.17104574488095434,4
0.08588965199821001,0.016398845373791767,-0.426958247931692,0.23626298316008132,-0.1409279976035815,0.043355923051948006,-0.1283792911935483,5
-0.17792221331169614,-0.10595359320478764,0.059985756932497386,-0.21915356653033968,-0.18558928082702544,-0.10054663179627993,-0.10781865014292898,0
-0.4062882653935838,-0.12119706189269047,-0.3069659017162222,0.13901127897226265,0.022450948531385437,0.003887883069570553,0.031899061953714766,1
-0.449753740348915,-0.16506594778341074,-0.3229298638552686,0.14085829238259343,0.020333995393338702,0.012280074149145108,0.09365266815844839,2
-0.4325476219686452,-0.2611697401424155,-0.1447185833103888,0.21446955382532182,-0.03139643537736666,0.030445933380619097,0.11860184456162892,3
-0.4265018258926415,-0.20563103302228355,-0.16647958481549588,0.2173712379974478,0.010570470665366602,0.04233571148970684,0.03405763896653357,4
-0.44040990759351223,-0.15061143978218514,-0.33832178962837556,0.14645938316222115,0.04858074254982274,0.010184103341234124,0.008856511363013471,5
0.04399699196804155,-0.0926337145676634,-0.0020412662253940965,-0.23434447204899705,-0.19596756861564815,-0.036749076527567995,-0.13964862520148033,0
0.11465796792781763,-0.020593667938771796,-0.3750187361073804,0.2333220821212754,-0.15030542976386652,0.04073730133572147,-0.09257900172910968,1
0.027076513098109302,0.0916403678046347,-0.4777771317952127,0.07377313886993789,-0.21274312220201574,0.050234117771860196,-0.03830290260295003,2
0.041357944988258455,-0.04773000059187168,-0.4148634069661545,0.201855872603762,-0.1667084272904404,0.03656412445198543,-0.04419059808922481,3
0.1163623237711329,-0.09535200134372586,-0.3118871765913751,0.26355935826729415,-0.07389432176818563,0.03618019850624434,-0.203767667142933,4
0.05506300616619106,0.05479499688947253,-0.4814100735961429,0.09018482067800551,-0.17866336356844284,0.06048350558921445,-0.12942461304791994,5
-0.02549429391984234,0.17399767701283841,0.2581209264765448,-0.3757939203115825,-0.16663466243430858,-0.14197752137773934,-0.03364647576382445,0
-0.35709186858202896,-0.3885655352709477,-0.04438353949391173,0.16665360371096818,-0.027181492076829943,0.04977694835020223,-0.18509175018818352,1
-0.3769989105375762,-0.32751937689890304,-0.0177401719800022,0.1524565086105795,-0.07674861954252245,0.042161738530510674,0.08105230939650876,2
-0.2956305543507229,-0.38597234250414664,0.3771220183038455,0.15186139244813565,-0.1465867594508041,0.013702087593840423,-0.023260127162188747,3
-0.39900483942882076,-0.29161812640107443,-0.16119710212545024,0.08332051327097424,-0.03573903714181741,0.020820558934000345,-0.05056888504985826,4
-0.3736709035529057,-0.24721660735383927,-0.3586574233279577,0.030812632093933662,0.033068563906600394,0.003687535470912792,-0.20781273925176236,5
0.6030063649193045,-0.11273093928974136,-0.07663466401872071,-0.00668692302199948,0.1364922656888792,0.09218960767936348,-0.05013938349930116,0
0.3181336660541522,0.11475740391686262,-0.28822328512584916,-0.21756880550057628,-0.3372936195647329,0.25889512885217375,0.08807763996832621,1
0.5574832743447805,-0.19947313877214817,0.14171421662880973,-0.02270269464285021,0.27499946409413606,-0.10062121320867067,0.03994220521559366,2
0.6048140239127661,-0.12773293880569628,-0.0964796943098822,0.007937876065101625,0.1265273793890807,0.102787166978896,-0.08248040611834032,3
0.5516774900231779,-0.056835686481632626,-0.24074415061555807,-0.026183879557300317,-0.060530869134348624,0.21740335915735357,-0.07016154924433783,4
0.0975594405554488,0.1862317159337704,0.017303449745094682,-0.3492138981542676,-0.23207533906229852,0.09653484596627854,-0.02591293115964583,5
-0.13364284342013247,-0.17201909946937552,0.17671362918135738,-0.25575557563386836,-0.22093868821110377,-0.1108088049905552,-0.1662865667202059,0
-0.3639461431109681,-0.3956218603664355,-0.12712639540390563,0.03910736414864021,-0.055177887416516545,0.011224377126491868,-0.22224036337427727,1
-0.35242526689018516,-0.14785889320967432,-0.33011084787027584,-0.19232672076461294,-0.04231749716199923,-0.07883955931098789,0.0035228914940481494,2
-0.1786321575134508,-0.24693648430743276,0.498966701829831,-0.1260510674883612,-0.2764166977893364,-0.10351998835597528,-0.05716445612254766,3
-0.3773769839169618,-0.3971073818750195,-0.06570170029589854,-0.07029020723672477,-0.11678318343710789,-0.03036958328046,-0.20899259145051682,4
-0.33702657653264323,-0.36374064961304137,-0.21277287113313673,-0.07226305897802535,-0.049378371349504374,-0.027082731108882332,-0.3114922876170872,5
0.500998531363856,-0.11660042300917273,-0.08125143134682085,-0.036231556528504565,0.023939859675355734,0.08464124504912138,-0.07084175304953969,0
0.53390208685622,0.006841310866722367,-0.26270521011461934,0.03430403335067962,-0.09593546408036925,0.1786824650148257,-0.10047572454755418,1
0.26534765719677345,0.11060445025457331,-0.2800307521951179,-0.17757383099871543,-0.3290165054580339,0.1939477378082152,0.12138445288922965,2
0.5712197120159176,-0.18737472037726263,0.05818680969250715,0.03406993568583793,0.20611521148032125,-0.052986586357299574,0.015121719605873623,3
0.5900167369984862,-0.12904466440432624,-0.06212910686646486,0.021315348027140375,0.1521648243278693,0.06850227636856936,-0.0974485739031655,4
0.5778376079003867,-0.08582097091931748,-0.20358285311986596,-0.02910331268897467,-0.008180251841752367,0.21079096414172335,-0.09671806348730647,5
-0.03555612469747189,0.08865445029569625,0.253573825654439,-0.31622745721527573,-0.1520099309276358,-0.11829689172079827,-0.04425131548942033,0
-0.3185048467464599,-0.3684300826046163,-0.2216466806876723,-0.024141249701025484,-0.06288865782982443,-0.0004503060488966472,-0.21303421241082576,1
-0.29774596271511844,-0.17596264122290947,-0.13460026288681648,-0.14992855462911361,-0.13476413446552923,-0.05739498240931923,0.1597850430701904,2
-0.2660327349054421,-0.3830543578444515,0.3851381646156221,-0.0008443245924465455,-0.23284779169797365,-0.05158026813861865,-0.06334911646713058,3
-0.3978203042445336,-0.3302248115272593,-0.2265615379599154,-0.04945506976757565,-0.05705910109826689,-0.033299698007904874,-0.11917218230988107,4
-0.32922576760322364,-0.2729724304025455,-0.339064737398843,-0.09043356026002679,-0.004579003017883863,-0.023670720347184097,-0.28184352653572264,5
0.5572551698823707,-0.09620600468119593,-0.15127692703585555,0.00973581212175119,0.0070747148242026586,0.11712624895999196,-0.0678319122999707,0
0.5199539709112447,0.01781546411156736,-0.2824078705991976,0.02636324826587108,-0.11878966638046407,0.19311027226509364,-0.09942079821076813,1
0.2519163908011555,0.12373658022598039,-0.2831389027845917,-0.19274934082199793,-0.34002908720713054,0.1946138690266952,0.1220915065896241,2
0.5708735075268931,-0.18750171518017722,0.05983071670599547,0.03352154307749833,0.20679511877822285,-0.053975124255128286,0.01581919295300555,3
0.5839065385829595,-0.1277632570629334,-0.056341470374768,0.027418725399479687,0.1481204013439399,0.057241301764900575,-0.08887147574691627,4
0.5712254904282635,-0.0836247354645462,-0.21681276256236287,-0.040294434513892065,-0.026290168434468346,0.2257409118044416,-0.09307721010172551,5
-0.20866617442061486,-0.2786500272112356,0.12887588571782702,-0.18140134193797378,-0.18994096365349153,-0.08018005836319758,-0.22574494956084548,0
-0.31404850787826655,-0.41621258994293225,-0.13825087374549166,0.001559518661520545,-0.07002312774466286,0.00209717173011605,-0.218080888824362,1
-0.3701659072592464,-0.29537582829639303,-0.23955099549474712,-0.06964920946888875,-0.08552362634820883,-0.030004212734465525,0.04148118739898735,2
-0.16090848508366182,-0.2785038983614864,0.4891167174382061,-0.11733226583002315,-0.2585389688466099,-0.1162920662760615,-0.05730143787024115,3
-0.31892294835626817,-0.44978100160609447,0.02472069549614937,-0.0345638095427838,-0.1756100098254374,-0.03249601615903146,-0.10228468965509929,4
-0.30047777517662105,-0.38955163102054613,-0.19855747915672756,-0.07243117377606978,-0.08450206746538823,-0.021146773570806084,-0.2507655911055855,5
0.5533109731122084,-0.13837808237534235,0.02133704648958896,-0.18855689353395208,0.13160280939021649,0.12329528463267429,-0.026195705181622737,0
0.5996226798941947,-0.09751830618642349,-0.1772940132828393,-0.07206888137748371,0.0059674709803147555,0.22874822118868804,-0.055269646512893456,1
0.5405306236536079,-0.08595054806987609,-0.23754631540702192,-0.08194222936499919,-0.11691552491069063,0.25566249139216374,0.07921182859721988,2
0.5406998749055436,-0.2133033380931437,0.15196531318105627,-0.09568341512725877,0.26193011685296247,-0.06133556486810512,0.06210470948161393,3
0.592918302139188,-0.19181986858331088,-0.008197918013912809,-0.0198253541632785,0.19266291815291772,0.054874160297076105,-0.027332826826905788,4
0.5726503278792586,-0.1664637271375012,-0.06864881165051431,-0.10048414632160052,0.11998256863617214,0.16348350524723884,-0.03336139985534579,5
-0.022938704534171423,0.18428277645362146,0.24268139417501994,-0.3614833622757177,-0.14635973504371272,-0.12797632114669505,-0.02230469217165968,0
-0.17048821221744576,-0.2245687418163252,0.3049207270731196,-0.10319152165984777,-0.17421552499215823,-0.05434952226298846,-0.1100720904367461,1
-0.34309296312216114,-0.292243980695446,-0.1057838675801575,-0.07304352451455776,-0.15333092995035807,-0.041443975570021684,0.15663511817110107,2
-0.24158899900523045,-0.39420652212709123,0.3901791994544217,-0.014147999774688124,-0.22758661866277938,-0.06398480977751773,-0.09006837522746824,3
-0.37735073306959943,-0.31027175404778157,-0.23683979434762664,-0.09841161605548354,-0.08487520387795111,-0.052850736229571975,-0.08096278675152793,4
-0.30565473212842054,-0.27945798982993364,-0.347014264978186,-0.1242555764379943,-0.039701441761125035,-0.033389114606934854,-0.24299144696860298,5
0.2080224525536461,-0.05521013076731266,0.08721471315792148,-0.22339892136192577,-0.06672882809952552,-0.011796542339315227,-0.07972847222820346,0
0.49235331316172615,-0.028500228875122793,-0.2832235658984955,0.11595734736834155,-0.0900782021784738,0.13235046054075536,-0.09170241654954377,1
0.3409146047536985,0.07856641953819264,-0.3659892945560169,-0.03579051686221605,-0.292313394985272,0.18976916601465527,0.05884523448919787,2
0.4821341160371537,-0.22251168412309444,0.15557297571301668,0.11963267492105469,0.21619584499985242,-0.1652444029567391,0.028567718019744306,3
0.5490875056113834,-0.15248946753383322,0.024440558860703468,0.07910224181191082,0.22702051379268934,-0.04215668921456494,-0.12662257169490654,4
0.5315693956408754,-0.1009366535930094,-0.2367807740302474,0.08333066019211846,-0.03594708489747789,0.14781587594509873,-0.08100109310037777,5
-0.4275990973656376,-0.022033227549327745,0.20184580102280977,0.16813320702793252,0.08927928234625072,0.20985006194170688,-0.14041454351687482,0
-0.4364121702852344,0.0545627726451347,0.31331023728842977,0.2578404529500013,0.11538536368326183,0.305446544056963,0.015825233641795323,1
-0.28656991784774943,0.06022625799435737,0.4268654136906282,0.07130382164905127,-0.06727995649068115,0.16505643044323615,0.22340843038136043,2
-0.35690179490376694,-0.04981277112990709,0.4580536839509084,0.23447502269059733,-0.005455439113098045,0.22092376518863274,0.034317892915575764,3
-0.3459426019695151,-0.028364604386212917,0.4624199983923461,0.24071512910287568,0.03042570705031511,0.2418314355204618,-0.04598187614923071,4
-0.40624081730883826,0.054721625995767756,0.23371008259743997,0.3078181794460611,0.11826217520164163,0.25384777251842766,-0.0028119260705199403,5
0.43681007754900114,0.1689377478874082,-0.12642124223534662,0.15298377277137148,-0.1313609214582057,-0.07115516211654031,-0.028902267287042486,0
0.47865781533338203,0.10022833786481569,-0.02969829803557835,0.26204931322873254,0.012109306491798472,-0.15493946373779405,0.03865382603730014,1
0.05422244094505383,0.2526726291281231,0.015205347967321493,-0.26619574685835073,-0.2452343048893148,-0.024974388407468896,0.05647079938356933,2
0.44807562220112346,-0.03975942688022896,0.1903854782628923,0.23434522879324707,0.18646805052793308,-0.2847863408032003,0.0757274599750716,3
0.49301585921841135,-0.016332283942699758,0.17093284662403743,0.2010346240075152,0.25540712864946225,-0.2673792575275488,-0.041053866479946216,4
0.468315590238771,0.08837370583974315,-0.06660946969772412,0.28852262367996107,0.014571817587745874,-0.1342404790590913,-0.03951910250961009,5
-0.3071640218810362,0.47022110395783095,0.2720480790662045,0.07835494660608118,0.22831471209665694,0.30770140216871317,-0.09373572004760651,0
-0.29784916175326903,0.45401013705906373,0.43083966037475824,0.113100221654018,0.20808602463064937,0.4020874311537338,-0.02666103981131687,1
-0.294440922806349,0.45465560044252945,0.2862923233382161,0.019017925422724898,0.17030753554767242,0.2797129001813516,0.13689275461435477,2
-0.2992666509375989,0.40175187804293333,0.4651345638304506,0.12553462317282135,0.1752167371123477,0.39153659488183334,-0.021529600790311357,3
-0.3078560969963429,0.4377915175587334,0.38207767110239915,0.1454521902336237,0.22762894253451207,0.3760330178047797,-0.1305484684664914,4
-0.2972498247691712,0.44167898949038803,0.41070215917955827,0.13869208319616697,0.21669335185997624,0.38312510828706803,-0.09576697635543875,5
0.475428454982753,0.14539509177897283,-0.00852699300496347,0.13433137176960858,-0.00848273404802068,-0.143817091462443,-0.0722845780165141,0
0.46769696354520424,0.12656853592150513,0.07184074977249834,0.24059904787619799,0.08978840708106758,-0.22877287592580517,-0.023843214274130005,1
0.09029144387886087,0.29028510027672627,-0.09235800998409031,-0.24698619827541493,-0.328103932346952,0.01162091051346426,0.08583975767271006,2
0.4493060996264247,0.023121300161731157,0.22135991134696692,0.1975515313472699,0.21167227314838782,-0.31852789055971054,0.02454479379731377,3
0.49833502294951176,0.050445581878052606,0.1316538427114434,0.2159998829728851,0.20243060639032034,-0.25946578627187744,-0.0646685772031201,4
0.48145072402922967,0.10931222677931628,-0.04879691668355807,0.25944591401226186,0.01897889393859736,-0.1415131823159124,-0.07643902126933655,5
-0.28623748840709634,0.4675482251420197,0.35100202692222565,0.030463983137703664,0.22013092432349526,0.3470053046601696,-0.08332546230833937,0
-0.26128483266021724,0.495732076142067,0.4420682624574376,0.043019793893411165,0.21113352446689188,0.4019064959130271,-0.047371683010106885,1
-0.2544729497898382,0.5054909222006518,0.21963145563347242,-0.06742556695942338,0.17187017662348916,0.19972815660621576,0.14203161681844922,2
-0.2596772107841758,0.47077322943108824,0.4622352817260789,0.057094330572196476,0.18088569904314356,0.38680853590329256,-0.014188981040234472,3
-0.241844796858515,0.4545746135349847,0.4753804719796735,0.03350486328745452,0.1759172809577189,0.3881478442006773,-0.05244918446336574,4
-0.28054472958113896,0.5197481779174848,0.385148672768413,0.06588252156413073,0.23176363238821768,0.37859745190853455,-0.05015157763553733,5
0.1934857350024881,0.485964590378874,0.05044775685065417,0.23474235598194942,-0.21772848774573889,-0.2570293747669409,-0.1596543983837173,0
0.13995530210184404,0.5350935333780291,0.1533375919115846,0.31747069244661086,-0.15144667617305865,-0.2756927687170137,-0.15079712840185291,1
0.04696790471848162,0.5124584521845658,-0.056679222513532614,0.02592379576934793,-0.296675324677122,-0.15571571228991476,-0.036843476412609356,2
0.11660288592846756,0.5014050908686501,0.13852167392455078,0.35037286292346814,-0.1511055426572861,-0.2423605332172741,-0.07705597793503681,3
0.14471767405030164,0.41815945144036115,0.26921945099499833,0.2729600154593433,-0.029513285522458615,-0.29043303045775515,-0.17284827061961686,4
0.13682906964014588,0.5214917768901074,0.16076266104548054,0.3359616975068148,-0.12695931866364377,-0.27182428796053065,-0.18267255476615277,5
-0.2868557495858203,0.46351491759958846,0.3575936458583868,0.035130257506876664,0.21583711785291695,0.349461380997291,-0.08201570051697561,0
-0.26266694933414775,0.49521586284016594,0.4414630204734734,0.042724717877869155,0.2135980216028086,0.4036814025052535,-0.04689270633669993,1
-0.2578078450761994,0.507317205968325,0.22840712303327956,-0.061880528529506054,0.17575553215866624,0.2110074107385377,0.14479970349914753,2
-0.262352937861053,0.47535836364121964,0.45866803217834645,0.06141961128791945,0.18452483288911742,0.38788788184190814,-0.014583914736222262,3
-0.2395718230135744,0.4536591347606577,0.47675746190085155,0.031164559415141825,0.17322150831580815,0.3863895092269016,-0.051555952151044374,4
-0.28054472958113896,0.5197481779174848,0.38514867276841297,0.06588252156413073,0.23176363238821768,0.37859745190853444,-0.05015157763553734,5
0.20722355078739815,0.46297527303076824,0.03283701718188602,0.2392958514912279,-0.21479799575659575,-0.24586679202585526,-0.15467148349628154,0
0.16348828410279626,0.5137363708089023,0.15492303023562834,0.3121843682020008,-0.1363142374973645,-0.287289011043791,-0.15401660881668974,1
0.033173271621552834,0.45259552951650717,-0.038845213397860005,-0.08490329631527674,-0.2922361081715929,-0.13454291854655806,-0.004639004221085328,2
0.14143106178685425,0.47700076364971766,0.14033535539142505,0.35120316687204556,-0.14070841505577994,-0.25686147441700713,-0.06734114739801579,3
0.1660109778831415,0.38674826487813585,0.2773985776565917,0.2542980122885062,-0.0032295512583628574,-0.30600729390201165,-0.1637439846228309,4
0.15952610837667172,0.5130636208781859,0.1321783834734953,0.33104101212760223,-0.1344582245923867,-0.27407936397786725,-0.18514282579279864,5
-0.2646717608893626,0.5108964288286342,0.3304319561872739,0.020619072655231236,0.21382440812295697,0.3215164294608457,-0.0645861359639212,0
-0.23732432126194616,0.4904049455389357,0.4516606367022535,0.004803599066006998,0.198297779833733,0.39527300109387786,-0.048345195276904264,1
-0.2528137350934097,0.5009088627507985,0.22187050901625627,-0.09920182677224472,0.1929650655831357,0.20917674956387525,0.1280970809886309,2
-0.2757377883824355,0.4909591274166446,0.4311167760822636,0.03869740197508032,0.21996362329571423,0.40674761086599276,-0.04032917172269119,3
-0.2371408364254997,0.44829396123563336,0.46891695220137963,0.009025644950233808,0.18495172939877397,0.3924851888510372,-0.07972627040022355,4
-0.27343309345298145,0.5299872625821103,0.34633492001731797,0.03074731343360072,0.24460962816284243,0.357104039820351,-0.07084312017563002,5
0.1351231814458286,0.5159513393996368,0.1480504745387222,0.1829286985078472,-0.19296788192835385,-0.2879478337736035,-0.19367725203074165,0
0.09018035479929244,0.5463211906081473,0.22079955972432805,0.23885134360552715,-0.13845398790505165,-0.2674202229611124,-0.15526616491888431,1
0.025815721639397212,0.5095075251190024,0.021637451320358186,0.013015917148895701,-0.2682961675207065,-0.17030682886536666,-0.004541369596739063,2
0.093366702246572,0.5303730416225081,0.22746641456209188,0.29570338631685233,-0.1279983318199852,-0.2592721228421127,-0.11470506880680932,3
0.1253170508146796,0.49923538630238473,0.22374133080529846,0.24982177212044562,-0.09625171705877777,-0.2851056855120962,-0.2001113928805441,4
0.09351197945002947,0.5740080183003835,0.13986951857054036,0.28841238130410596,-0.17485685189727396,-0.2516276819151579,-0.17330543804087728,5
-0.2552209343491039,-0.30548405242169413,0.038011106893593785,0.30397872495128925,-0.03736105000318862,0.03138483804489968,0.006860220803566933,0
-0.27322880093617286,0.19013334047584143,-0.43633596109631134,-0.09041018590720624,0.038378804684768224,-0.08172763221717998,0.10757680047936763,2
-0.1367532786083368,-0.16034242314192523,0.518726620121707,0.013717242423649887,-0.16649455857508838,-0.0785996617075721,0.1074322394363437,3
-0.335236570025226,-0.06992241883153599,-0.331300700623625,0.21273227873742856,0.0537859754069212,0.028398103294058622,0.03756322425259055,4
-0.3047277037638119,-0.10864427472995987,-0.18297049313482772,0.31395994820738216,0.024135711697784168,0.047147309605770016,0.12073884037699778,5
0.5730324122840571,-0.11407788782085727,-0.11894640163294835,0.02621164104738136,0.053072666469966966,0.08846108779805781,0.00892456555629501,0
0.37208231994273655,0.05807310378524962,-0.275338150978868,-0.07843042333310105,-0.16714013671461142,0.2066931307902133,-0.07834631210632513,1
0.33456476484425757,0.09113155354271141,-0.3618239943831105,-0.1602143371370218,-0.3033775834622834,0.27207309912279304,0.020596943445675937,2
0.46413835979610846,-0.2806713499789902,0.18389684463513362,0.050091413769854584,0.2176848097190127,-0.1474932050730928,0.13092373142305497,3
0.574731010295987,-0.15940293961084462,-0.0809155604571973,-0.013672003574046075,0.1582804698470137,0.11559189311449362,-0.06745826617591034,4
0.5109371932057198,-0.2635115111482218,0.017872399712919866,0.0011508142268644077,0.18266225814297588,0.02520566885829241,-0.013634594157283195,5
-0.22011291496167915,-0.4622539811758033,0.23973294462923722,0.06578921212851063,-0.18716069475003472,-0.05874923898183333,-0.0604004991215929,0
-0.22646568237599943,-0.4968439372581677,0.19741188829461917,0.15665646028405214,-0.12900467295032986,-0.015422555908969697,-0.03741192650568924,1
-0.32513241964118,-0.26907949818139454,-0.3184333317016301,0.08297619333702046,-0.05761927342990706,0.002580564961228427,0.12912711644415725,2
-0.1065183706804556,-0.2327261280685297,0.5197452444107569,-0.07041572805574459,-0.20746271879489497,-0.14193955331549235,0.05357984657033808,3
-0.25708864527789616,-0.4392793387389013,-0.0031339714109719498,0.17098054964781806,-0.09684219466323736,0.013664234694406207,-0.018716083063936694,4
-0.2508893443631372,-0.3920021730697194,-0.23353846168869716,0.07071843202211843,-0.05489612860207574,0.02487827719174839,-0.15497288919844615,5
0.5251794959567306,-0.1824670752891121,-0.07863779014828257,-0.05515860420292353,0.06598190245168342,0.1078573701424566,-0.020608055731004552,0
0.5124189667759879,-0.2301442439828378,-0.10848811219746887,0.10189993946705371,0.10166212185874668,0.07129952515666514,0.004529087104626816,1
0.4354461547809506,-0.0714526837761633,-0.33648939879906553,-0.0021090946000159117,-0.16932857916823435,0.22608571487163082,0.056483464708152915,2
0.5275126374615237,-0.16817254752190802,-0.15952251824410457,0.01797680557024028,0.012992673698941741,0.12851849241911228,0.05240955229588994,3
0.5231016606140519,-0.21767886249191556,-0.05001394477378055,-0.012856647836121317,0.14640490296521172,0.09248146967727136,-0.028861068211582182,4
0.5276289271524365,-0.2032360478678822,-0.1395675269955643,0.007620303278276832,0.0648188282266594,0.1413435161253797,-0.019560531409351024,5
-0.1963754789420409,-0.3676823026190143,0.44426072662359695,-0.07764829656274148,-0.2587590021018935,-0.10372114755355404,-0.10926833762743632,0
-0.19702396356582993,-0.4395966800899214,0.36086007684915644,-0.005407280622592274,-0.17739246237280817,-0.054965625820141945,-0.1616608814032263,1
-0.37844624456211906,-0.2832518278885026,-0.3270037225775349,-0.029643780758307856,-0.018498306258863985,-0.02133889597614629,-0.08185924317226399,2
-0.12749803785185898,-0.21452661426185302,0.5358411403510231,-0.13043680426735005,-0.24320754265301123,-0.12852148498302013,-0.01263446134469102,3
-0.3323275688536258,-0.4334604994364621,-0.06180361703096046,0.05303156977734585,-0.07198139364020942,-0.0004993871326385291,-0.1845385539987479,4
-0.321565990555142,-0.4560546473945933,-0.057549747212686624,0.03904626541894585,-0.08511138605236662,0.005139610149916574,-0.21871607612948607,5
0.5436103715423508,-0.1764099008565283,-0.030391084308804165,-0.039507361633685505,0.10887629999372009,0.0636483136548397,-0.006266832388192825,0
0.5360356892752258,-0.18633838245223594,-0.13968659325468563,0.10608559778019189,0.0618748171731653,0.08759460837402022,0.03161229831040563,1
0.4692979872263166,-0.06885706004623349,-0.3070796703423758,0.10565758047942511,-0.1282738806364568,0.1594037603989728,0.07000859646212657,2
0.4655757279208833,-0.2690575817820157,0.17437082583027247,0.07667653063101963,0.20818275465471675,-0.15256641136138388,0.12095678327975135,3
0.48604344179662173,-0.2230588065950102,0.13369754609813128,0.04016665048590827,0.2770491199983328,-0.09966325047532679,-0.030826158144444466,4
0.5074586204278904,-0.1883149714499352,-0.1415263491521237,0.08037398336520682,0.0698227673927247,0.09186905906231156,-0.048954237371837184,5
-0.22298038460474373,-0.417983137682655,0.3924771677067641,0.07067441498117631,-0.20117927381644868,-0.06172804794928478,-0.052164929385915756,0
-0.2685386364145464,-0.44952981822542937,0.2995176446362455,0.1920592209772568,-0.11122150005179272,0.014268833793956324,-0.05371679328718426,1
-0.37194140657310915,-0.2669501514718995,-0.2627381528716893,0.16597306108494694,-0.005766935633888694,0.030376252487875816,0.05028173537544311,2
-0.10919816620678893,-0.16570298270621978,0.5235926639082676,-0.0971545296847843,-0.20743482261594356,-0.12653735276169462,0.04325868982622337,3
-0.3237340885599161,-0.3692654290278661,-0.05846179381838571,0.24137896733295816,-0.006134134060742991,0.05182936304676625,-0.10806263476481305,4
-0.3363924869646336,-0.3643512142193045,-0.16710511074300202,0.19986661803765712,-0.009202239400616714,0.04077661013311059,-0.08917212519195612,5
0.57865940155946,-0.11183293073700391,-0.011142065290900862,0.07052273464498807,0.16050270775942582,-0.028651095945667757,-0.006013365030413073,0
0.5580383499869584,-0.0569055331697499,-0.16468871900648768,0.1360311724265923,0.0457354518785753,0.0675738789708426,-0.014421536981021969,1
0.4379445152609533,0.0555569103481064,-0.3316635730373041,-0.01779703159328592,-0.20884694892880437,0.21857183345314185,0.029854159877369234,2
0.5437710577136992,-0.18373143307275766,0.14540552339912283,0.09153374440616621,0.2707121633069069,-0.16334173205862446,0.1083370037100041,3
0.5514884429860069,-0.10269604466203974,0.03995680596841942,0.04775421185017426,0.2525633860181009,-0.04843746015955385,-0.05950621617181597,4
0.5867494217343,-0.08675947811676764,-0.10960523312715102,0.07420817848119775,0.10903426067929078,0.06397268929355272,-0.027191009208618368,5
-0.19261981419564397,-0.4239295729704713,0.3404986431379168,0.03580179542041264,-0.20448972372575797,-0.07987781297579892,-0.057660966625526756,0
-0.21960731273232975,-0.46147014847501194,0.26428074854625466,0.21743016177292374,-0.11679416031337383,-0.012289961589883793,0.007171044739755272,1
-0.36719958389294927,-0.24762233875058112,-0.2819491333313897,0.14849189307698957,-0.015554851080024761,0.030340589185464402,0.09400826738311617,2
-0.12252741015438241,-0.20062240441022763,0.5396849881151304,-0.05350115926908075,-0.20735805838257404,-0.11818718455923966,0.07755400158401192,3
-0.2753830827542159,-0.37738700486446547,0.056455213837200785,0.2625116047173876,-0.030395991773243026,0.03852897161252256,-0.044042559296223284,4
-0.27190112007019235,-0.3745426179477115,-0.13390409133209027,0.23837236764772574,-0.02053809370669661,0.0478139576620281,-0.0845551048478649,5
0.585589251336235,-0.15780668210305965,0.0208519728197882,-0.07940364532653385,0.19307271687287028,0.04647002351223231,-0.00593614873936755,0
0.5846592432476097,-0.14988158838946428,-0.0011091585647654922,0.06257425039388416,0.21420408806679056,-0.0041442040086810805,0.021918685602023383,1
0.4873750728902771,0.0223710778600511,-0.2856511363120991,-0.052287515091364735,-0.17188868635911114,0.24000602036613955,0.05599969364753581,2
0.6128819216016034,-0.12686646397974277,-0.08684383860524271,-0.05368000175624437,0.10315601526188015,0.13659780115194986,0.06592118130440236,3
0.6032410309199897,-0.15376714958547189,0.0031219652397674433,-0.02374798771285548,0.23777458471194682,0.04411027607289493,0.0029444180718260237,4
0.5968791894878541,-0.12336319550719259,-0.12965179028282328,-0.019223519043830087,0.0916665366558694,0.15327433391729892,-0.0057291124044789275,5
-0.3141868220011174,-0.261324755508611,0.16476814511113702,0.25547006220155705,-0.035991089818599255,0.05719161299371516,0.1074560951717483,0
-0.3678706558091945,-0.16311006283604204,-0.13312588851935644,0.24833780371810008,0.06516931938630069,0.07758315873902646,0.062459163388904865,1
-0.30123432123531746,-0.007669017023187887,-0.240444848426725,-0.043197088683231265,-0.04924678474154967,-0.059429589179408084,0.4066058619370448,2
-0.275491896300926,-0.26059674788961773,0.26232285108273773,0.15603906727258954,-0.15767262134644253,-0.01547470439625912,0.29648698233853676,3
-0.36787067936672524,-0.21850534191425672,-0.2773567958674494,0.11994872320092272,0.029193726377140038,0.009008842129954512,0.016484365467693794,4
-0.3041874665586003,-0.1375125574751239,-0.3508865805256672,0.057493402133003524,-0.01797047581121307,-0.01675998415792382,0.12331196361301082,5
0.4564354207926346,-0.1487710836855886,-0.03056569819624778,0.10824623439881258,0.04441392530832235,-0.03480808277379116,-0.0028800297807105866,0
0.3124911966754593,-0.2581277287039712,0.2076660843299813,0.1816452865533408,0.1339341392720629,-0.1764230162139426,0.05714525553322259,1
0.1960938331966811,-0.055501695891470186,-0.26124992061613916,0.13153161388497875,-0.22004352421383397,0.03213250539647261,0.2792352753169195,2
0.3378357049467151,-0.2330380143315319,0.027573655520904496,0.20881588336948131,-0.003031804221781823,-0.1024811365511751,0.20158826145870035,3
0.4070468027838043,-0.18304332203269502,0.027094605482387468,0.091191355599888,0.1286975461612759,-0.0525158483943884,-0.06623603489763714,4
0.3618867125453676,-0.18734688566205238,-0.09258790398586265,0.20022475126600664,-0.030936320134801857,-0.022021013417332678,0.09357137481329128,5
-0.27787113718660306,-0.16314622538546683,0.32061837730342624,0.03369386262605241,-0.11097306789561824,0.040256316138568136,-0.04587486492795936,0
-0.39246221685686766,-0.26456871601260235,0.1113516715143554,0.3097952623818918,0.03487024307413562,0.12184055060303682,-0.029949825272118546,1
-0.4236317319999302,-0.0522646523409538,-0.29308698719427834,-0.029119404571710767,0.022822532186281917,-0.051669821379596824,0.3306237567782737,2
-0.43578171985367076,-0.2654658097821047,-0.015034294070393464,0.11896210225686034,-0.07179909690346421,0.00676434422193629,0.2095839816042633,3
-0.4717459996463587,-0.17194555772629982,-0.3104297243327991,-0.01685119944697897,0.07570979211246681,-0.04468848855470035,-0.025487480213684927,4
-0.4345389080343079,-0.2124258496130654,-0.3133469291902782,-0.01551381885894038,0.027669086122914778,-0.03416920412404797,-0.08410274238013092,5
0.42250180621718336,-0.13072780085778743,-0.015635589766244556,0.1180064427521686,0.01153761495785738,-0.05599182135907456,-0.017134509369772493,0
0.09561114750637162,0.14112122342480327,-0.37848473821743944,-0.0849457696427488,-0.3292972534342935,0.06199570772849502,0.19149482243636476,2
0.17507207559311022,-0.21030829762092085,0.2357323576867081,0.2098968987705995,-0.006661255656340626,-0.19474917414155435,0.0854500493406488,3
0.3807170321473983,-0.165118895371255,-0.08408361861391606,0.18618693137849676,0.021947314698158724,-0.023380652560027217,-0.09375882462112632,4
0.2518287183105563,-0.18655969108924902,-0.06840087171692617,0.2846895538125048,-0.033269996288455624,-0.06151409028605746,-0.04589034588880847,5
-0.2985675240977853,-0.2852437981673253,0.41932628587622345,0.18728067154742284,-0.13075158965590553,0.04059807734233131,0.01830579188187689,0
-0.3963481119066436,-0.191793318581476,0.15827172200688205,0.26107888763352216,-0.05078176094055831,0.07831667303459726,0.1573189084616482,3
-0.47424846606089793,-0.04069691774163677,-0.36206574116508716,0.082381706293581,0.1355354588474979,0.00464360643717209,-0.03144958565787051,4
-0.4253112421666489,-0.061067707797482905,-0.3307625052531865,0.1367023904594764,0.052663293462543496,0.015603907178782881,0.12210810532208183,5
-0.021197534027396304,0.18941650370102073,-0.005736985292239582,0.30500456207569865,-0.0857653836087269,-0.10209124730174451,-0.09803853896700587,1
0.06059802706953542,0.1012056580687717,-0.16180223720476278,0.21644344166983612,-0.1093842691771148,-0.07514680529650568,-0.16490738664270635,4
0.11862510944421698,0.061081487594470345,0.044932462209923175,0.27377654273529983,-0.0654769218344251,-0.13793090593171575,-0.11027815085706769,5
-0.11079314462329268,0.06494767220711672,0.275401603564177,-0.22772202923940543,-0.1490595320356291,-0.07367573032597009,-0.04173639634789005,0
-0.4432869539868248,0.22231728487024774,-0.1970335671342597,0.047527144865659586,0.1593284154838367,0.010441224271797545,0.2498564591730351,1
-0.4595194202471046,0.22122636754583108,-0.1931206800426036,0.12536314511017427,0.20819704993860888,0.05706751700189473,0.08484539521392483,2
-0.45285585367978104,0.05916970138730589,-0.008078825189992206,0.08793702250167992,0.07124969644260779,0.04873733124616729,0.2128199885884314,3
-0.4725902069096528,0.17757378034370422,-0.2737120240308174,-0.02307695879274993,0.22619365175593498,-0.018215381888205776,-0.02610623190598715,4
-0.4094054668249595,0.26864217025785847,-0.3434942379642932,-0.0973357822762076,0.2051711844912391,-0.09158506339178925,0.06146679137247541,5
0.23451441776046816,0.046430953729167855,0.0036013365581905243,0.23992090763770896,-0.09440460271595522,-0.14439375898105342,-0.04868125506761158,0
0.17535312831168742,0.09962514044398908,-0.07278252297632982,0.3278422782689822,-0.10802420983688046,-0.11806218415728124,-0.05544675895571129,1
0.13001284001314992,0.12926364348937716,-0.08878882784046685,0.218881727405994,-0.14160670369722303,-0.09114158091475726,-0.029636371777990368,2
0.14833840311989935,-0.017863618555326335,0.09879512524548191,0.22927970935538522,-0.11037947855476102,-0.16787666330257456,0.12208020447056138,3
-0.315466357819651,0.03323878772956606,0.10055064014231273,0.307761273928536,0.013630747826261235,0.07390859974727777,0.0944185449471774,0
-0.35650967506941905,0.06349141177737064,0.05793450537643573,0.36353372455884037,0.06798539745744611,0.13180876178856116,0.10430137338053751,1
-0.3486552081096294,0.1943826654058209,-0.31459220833411394,-0.09093360785307232,0.039124044547230105,-0.09331219002844975,0.3782358449710855,2
-0.3745808326146202,-0.04278377189960583,0.09352049323148695,0.21577301177384636,-0.04184339318674633,0.047096701078415265,0.27011645878695995,3
-0.4234644006617477,0.1157889724461925,-0.43497111906428126,-0.017532835422222476,0.13826972052146017,-0.062394869531056996,0.009972854214072981,4
0.39226875549658724,0.10777806225439182,-0.16800661172418346,0.28803797939695747,-0.12632824324576183,-0.06973133652961787,-0.0750994711849174,0
0.27669677094378314,0.0800224615671077,-0.15677297601122275,0.37389270451626433,-0.08846814268422679,-0.07779745697882871,-0.0715792951293467,1
0.028129118812512403,0.28517228057422006,-0.3228406164853183,-0.15458181402405197,-0.3188423338596491,-0.007757918773116344,0.1542641711814161,2
0.19803375098890022,0.06433129023253922,-0.2191999627494254,0.24189056903210943,-0.22295547765876403,-0.047882195655474316,0.19078179014914695,3
0.2502003962173145,0.1613171818550373,-0.2983688437693715,0.054173274539657076,-0.1999124485553681,0.06175090200847926,-0.182935368162292,4
-0.14072106967199507,0.08034462751830398,0.36434361836557355,-0.21529920137512573,-0.11871605449050995,0.022388727010233818,-0.10239014106962958,0
-0.4219934333425669,0.09913558942158533,0.2836771352639036,0.18741795949231868,0.170943325849405,0.31607997634593377,-0.0749082954911297,1
-0.40101664427263223,0.24155987633330422,-0.19183026001641304,-0.11541927611154289,0.17726314311342703,0.010168011930842477,0.19180052371053663,2
-0.42607486245963033,0.06707024863453931,0.26262045492126085,0.21991675799209312,0.1333148254858744,0.2874490747055081,-0.0064130001851404345,3
-0.4135133699138205,0.06438456545527178,0.2711396672760924,0.23642198444533052,0.16593252887488436,0.2973288678698167,-0.1202744142989967,4
-0.42849474208962723,0.09877214717228347,0.06254335840597593,0.2176580429889568,0.20063045529875706,0.22851855415575506,-0.13021071739518125,5
0.5770648901268721,-0.042543531803420735,0.12526958538085406,-0.14587247488621896,0.27481686792443716,-0.052337527400426465,0.0498183637585427,0
0.5305651765677809,-0.036495878372901705,0.1655247454751154,0.015564645458161419,0.29621012273472885,-0.18711784281486707,-0.03189175359895839,1
0.5163987017825296,0.11574001090367445,-0.17578811257011567,0.12716612706968528,-0.10530058350789084,0.030995174056922547,-0.050593770566548325,2
0.5776495050243093,0.012133301718467942,0.07632433156622864,0.10288461105936268,0.19560862723661251,-0.1575925509446824,-0.03648562752043495,3
0.4452123620167878,-0.030270163686572458,0.2465745381657485,-0.08582711562968273,0.33800289278389695,-0.22685510512803098,-0.026921233982109834,4
0.5579294969489552,-0.053338929749233405,0.11548042240382721,0.018091041812946802,0.2688190132868405,-0.12888571230275347,-0.05458581746527161,5
-0.3925299098809992,-0.25531340849167095,0.21095206695495278,-0.07611031321696546,-0.05214676635583239,0.05871308967279604,-0.2448908011894626,0
-0.37316399250332355,-0.22582335571510406,0.29548859876452865,0.04259441551313107,-0.0031908905585439663,0.14457776202579756,-0.26580087940133734,1
-0.47687208466847314,0.0076196673793996,-0.26857520898723725,-0.17323272433793288,0.1573794944914389,-0.04137704755618647,0.054700667440638014,2
-0.5159705929213897,-0.21396159954688368,0.15697713346039058,0.106927295422263,0.04611164642950248,0.1760494324725438,-0.06744065925073198,3
-0.40536586116907825,-0.2280405683998205,0.401968059094096,0.1002251207806923,-0.03688946655184986,0.18731358991750102,-0.17398794057187536,4
-0.32198595139009617,-0.19160100590339912,0.36168046368658097,0.044061802996040594,-0.012111467171670016,0.13426482271125553,-0.281227620685141,5
0.2837906420922425,0.009424694754826617,0.2257842206175116,-0.2433054511525991,0.14204100458054025,-0.1201340595499749,0.040543947884709906,0
0.5813411883369363,-0.17162820064777454,0.1722234292302274,-0.0709548861597798,0.34821723748633526,-0.1105892520842045,0.036182211326090674,1
0.5904622652237641,-0.14871378104841063,-0.037856529931335224,0.050779735799487545,0.10752708075511914,0.026774129693299703,0.029041045531708432,2
0.600494741226472,-0.14293425849974187,0.06471604302883624,0.01781591411386791,0.21605033094399317,-0.05669212996662261,0.008653437695889435,3
0.4830191343970604,-0.11278040947101131,0.2625595791733916,-0.0378967687403129,0.36081923747057565,-0.24292485811289738,-0.01166147710855906,4
0.6086080858795448,-0.11888442550975047,0.028968432332885145,0.020263878620891653,0.21995002717116952,-0.025839362816065373,-0.057840834468252784,5
-0.3785399781793333,-0.31857506268502184,0.17140266571646254,0.042319460050035965,-0.01981511542697611,0.0762697304943779,-0.2799742791599858,0
-0.4606133785481794,-0.23815526085416255,0.1525692222536346,0.12613208171289733,0.029654158080255896,0.1542607690802105,-0.10535895947438882,1
-0.4325318630555757,0.06369038453075891,-0.3580876512930742,-0.24583402451836375,0.1454260439683126,-0.11504749053121517,0.07872841026125176,2
-0.48990867097401525,-0.24199290879412735,-0.008423301715538931,0.042724622466307406,0.03040860463642155,0.08416785607567946,-0.07630490269091598,3
-0.42632643917779084,-0.32058214750779584,0.23628191497171336,0.15127593558616834,-0.011775024779226656,0.13655108981855277,-0.1813383509281427,4
-0.4661921632826395,-0.241501896341305,-0.08597731718422126,0.11233780359328717,0.09237520883420054,0.09606858150838463,-0.20038134372589259,5
0.48585782693798574,-0.11465786995902691,0.20199821552927724,-0.23077112349257195,0.28100892683431883,-0.06368170941260944,0.0778948020746641,0
0.6237365964953346,-0.18458156921631202,-0.021771930367081145,0.029368982747865216,0.18488352505523684,0.033819562323483966,0.04185886855873911,1
0.5645148915163187,-0.20893525602360632,-0.09523993649333579,0.07792775029574502,0.07122868177344494,0.07136962137081519,0.0465738748150857,2
0.5786115549598503,-0.21022364119237963,0.045667018532925485,0.022588289403331307,0.19086290777939577,-0.01718787058679083,0.040920827589633495,3
0.579084769657515,-0.20097383939082847,0.1132784328592226,0.002621479013472075,0.3007783224486832,-0.07145694279206805,-0.03178193520116529,4
0.6276819097744798,-0.16549124175427932,-0.08423513660365169,0.016393084827342995,0.13877766159371419,0.09905536403827454,-0.0342220453234007,5
-0.43033151402808445,-0.26683719585640747,0.31485494814933634,0.15036522217167708,-0.03483541279856198,0.1574564186405653,-0.14200180508329163,0
-0.4115253781322166,-0.16145291352248098,0.21533684240885062,0.26510180437692143,0.08298072298512559,0.20336188098210511,-0.09740853550285995,1
-0.43888995552605964,0.03372099434645616,-0.3719283459023373,-0.06484915292787606,0.13918103507305152,-0.020741274934849566,0.05447710717432902,2
-0.487383261595374,-0.22964236309730535,-0.044076626573583425,0.14841865726966924,0.05065251821372836,0.1094405913609274,0.00806288784415374,3
-0.44955662609629693,-0.24945582465077307,0.21839072766634796,0.2214766883373273,0.0276331473774322,0.17846605317749423,-0.10732658788872657,4
-0.44461204009500394,-0.18445700689722996,-0.028857967416704523,0.18048910015892333,0.12183169110199385,0.13509697320667918,-0.22371001434837806,5
-0.004644042833551999,0.14168884655112443,0.2430024848113486,-0.32425740644921214,-0.10826771781914588,-0.11637970020322688,-0.006323296173193621,0
0.28448150883341194,-0.06701455855181641,0.1516734361647624,-0.15654882438258957,0.10401047993789227,-0.058972961676479155,0.025773964530668207,1
0.15888303290718192,-0.03658718736233689,0.14126814161363976,-0.1936267968374534,-0.04538421385589056,-0.05347602589834048,0.03167520147333691,2
0.5694266577214149,-0.22356921725290058,0.07543301035741828,0.03264681106621374,0.22216840329476262,-0.05066265419075146,0.08743601419725278,3
0.5951857086243988,-0.2047260535174408,0.035013222736872365,0.037099267461011026,0.24168526644334692,-0.014483463289743367,-0.003575524111776558,4
0.5870311897513742,-0.2244226965983078,-0.05096655091224233,0.029245725300749717,0.16573602583608774,0.07374167915931792,-0.036173390233472304,5
-0.15102746990295043,-0.08026947970616614,0.3424279519184503,-0.2495088563823431,-0.22405054790103335,-0.0938805628375492,-0.13867195312861702,0
-0.4668651543355433,-0.21541959959319143,0.08840104304578592,0.20120621101347194,0.08931887278861537,0.1668903813269074,-0.12943134881189258,1
-0.4631805505027892,-0.0007869713947588475,-0.41726492180132646,-0.17372617048840985,0.15868806708881317,-0.0884869228298182,-0.00814570004936979,2
-0.5191804637823823,-0.24405254960622078,-0.11054841102025754,0.07562292459261538,0.07059803916772049,0.06785616189742093,-0.06839546699569193,3
-0.4230839519249664,-0.3093617395507129,0.3191796670163817,0.1599126136796366,-0.05267610604771763,0.13637111355178638,-0.1179560273279682,4
-0.45259680436051175,-0.32157379344172216,-0.016496106466028938,0.09211280098137929,0.045726147808345836,0.07421613869124666,-0.25838668221679345,5
0.0012224653594197837,0.17886582994908615,0.2411207282495432,-0.3585170175710149,-0.10563109660382373,-0.11798128078764719,-0.005832244476650362,0
0.5942189979622223,-0.20168520650908836,-0.02347911601983688,0.053378561884080356,0.17541872992068397,0.03416002343243323,0.004281721189653702,1
0.49356708519364173,-0.1806013783204497,-0.2444156490142893,-0.043530321974875885,-0.08781005787485027,0.23795219767558393,0.03971694072936924,2
0.5340702759509169,-0.23629856543481287,-0.06527703398565259,-0.03539355588902933,0.07148204762282072,0.12186656527947141,0.012889673904695491,3
0.48679468642148865,-0.241318872882394,0.10055153647466301,-0.01917898224029194,0.19704755930835924,-0.027287489904842515,-0.024101614125941175,4
0.4991706542511611,-0.2586986962624531,-0.03754166070653574,0.00224916026469381,0.1095267979741948,0.07909771741014153,-0.062439067982451614,5
-0.29735380764497926,0.3073436016938484,0.03074469919315049,0.26571938507889736,0.12471091783326105,0.13022885884277244,0.01858446260101935,0
-0.4119800180157831,0.2429263756139477,-0.04603740756380212,0.12826909218388258,0.26180832634773127,0.16063883104375523,-0.0013957004099637192,1
-0.34131620108273514,0.29184388223806207,-0.26937821801228395,-0.2731360097800952,0.20849308935123806,-0.1463827368856023,0.1949039860912928,2
-0.44347766648143705,0.1930799537040227,-0.16609823013614344,-0.07079307226327348,0.1733456405311158,-0.010364658242907785,0.40606598903077273,3
-0.4822800152559399,0.11671133377374386,-0.056981598515704474,0.12263492078606764,0.2561050103819732,0.14218795898669132,-0.022508662052489487,4
-0.4325715651926023,0.11323814846251891,-0.0007693940121519709,0.09361473643815224,0.2327373387289593,0.14160630926500728,-0.07328038408976689,5
0.5585658997675886,-0.06672047021621956,-0.08401923772690273,-0.13136438689258684,0.020590120431646874,0.18556350361143195,0.02392771901777541,0
0.5852038456064135,-0.09231147627019139,-0.061532443975110894,-0.0034433778870432115,0.12226828891941029,0.08699713614891808,-0.008348514857958924,1
0.5654051513179289,-0.06951950625967619,-0.2011550742520866,0.06626473216866678,-0.03949800171399793,0.14431243701649815,0.07800092651805712,2
0.5082044623665236,-0.1086476445036218,-0.14999784628162002,0.07478376960785604,-0.05704274797684818,0.08089107977448183,0.18674945602502888,3
0.5515661713629854,-0.13332287341591692,0.00045368938294407674,0.09090855898883067,0.17971651447425407,-0.02293640919066472,-0.023412195063070133,4
0.4854470996658367,-0.001429890225230871,-0.2505623091049604,-0.04866183042351097,-0.11727475679366904,0.2290644560923801,-0.07607273837925073,5
-0.37051528138838796,0.13627959050837252,-0.09170441039847933,-0.11474296269697157,0.21095583177995342,0.0071437140042862925,-0.21120866656030035,0
-0.46585964755785336,0.045610756911732664,-0.22268572249128205,0.014624974214698373,0.23386068969368284,0.039037489692252514,-0.038829694070766495,1
-0.4301780512901443,0.09969955481050048,-0.37479785419430794,-0.15465569052927777,0.17666537231673415,-0.09705837061770588,0.16300210698120274,2
-0.47588243931900637,-0.20063742096170073,0.07824192447821801,0.08682414735040764,-0.039046248709533965,0.06423901978751098,0.32931225228148836,3
-0.4812737500872183,-0.20029888997790432,-0.0009017990786456525,0.16348340951878573,0.10556530505604483,0.1111824852760386,-0.07913267593058644,4
-0.46157057830804127,-0.05759495123478785,-0.1715235733317268,0.08037609117410056,0.1809306173284629,0.05402560451438614,-0.08052377752586512,5
0.5717286170563407,0.04462503993103646,-0.11630501707365522,0.04741125086050432,-0.022660875180398755,0.04385946711466991,-0.052289007566846755,0
0.5654149708437202,0.08051299465576423,-0.1601544177999815,0.05960461616131227,-0.04711489223640242,0.08023452843989672,-0.0650578235865864,1
0.5569450016404511,-0.021091252883775367,-0.19862582781682137,0.0519893173963797,-0.08406725482161605,0.12967534225683558,0.11338577603698591,2
0.49243407462954675,-0.0801724661866282,-0.003620822200068559,0.18856539101237735,0.030591275562953418,-0.10284372430641461,0.19538921900208484,3
0.5477282458038192,0.0284096959921677,-0.06988103562401482,0.2093860460752804,0.03216595634764588,-0.07666900732780932,0.02046514898932882,4
0.4707967035447869,0.16211589818217317,-0.2668847824749673,0.049545030810008474,-0.23049236530239525,0.1265045365067801,-0.037633320561997946,5
-0.4298877231788665,0.2585215658461937,0.16927785957049518,0.16221123569556029,0.23357324239938992,0.28239147640381995,-0.06962669323221957,0
-0.41612609634261954,0.3711834966481954,-0.06536555862115205,0.1413852761630293,0.24671461033728614,0.1437796137286099,0.12997151421639125,1
-0.31516320469908904,0.3497454751587598,-0.24960333696747575,-0.23794955593581307,0.1612939001217723,-0.1345373364633115,0.24236315555625426,2
-0.4535830611006681,0.2247326951943174,0.10290146740799822,0.18521584544321795,0.1451885864840538,0.18679722697864937,0.31584818596979064,3
-0.4561661715765597,0.2581357751173376,0.01350102973411843,0.24434014558059428,0.22594343091644367,0.20038028046991632,0.09360615784452885,4
-0.43737735357043933,0.10606425395791252,-0.1287526840430444,0.2508269495290095,0.17631371729185333,0.11738388108437332,0.08960327452268559,5
0.02475192942624605,0.1519368401718242,0.26115890423171556,-0.34640530057491703,-0.08303591048958175,-0.14210194304818471,0.0025010121433284736,0
0.4161811475309266,0.2924808013931858,-0.12353731214023717,0.15099111644322752,-0.21212019908870675,-0.09276579387797299,-0.09624725797751049,1
0.3959972403383222,0.23875333266990556,-0.2933298913689448,0.10935978595030416,-0.3046719270170373,0.0677992992816472,0.021115071730203962,2
0.4808370693723931,0.022508102756612157,-0.03789149687528371,0.28154463302843064,-0.013174820139980952,-0.13457535318361946,0.10122355007750852,3
0.4976118477460608,0.11442689321444599,-0.09633129203565848,0.23190872894221182,-0.011398961239775006,-0.08062239444292828,-0.10479049261463941,4
0.4881303944930734,0.15163392511203092,-0.22187013637521258,0.16973268048842746,-0.14812614213038322,0.0353550565714075,-0.09051459084604171,5
-0.4120956172862687,-0.06067496195200341,-0.11337692634922411,0.14410270539493814,0.0960455739424364,0.06207415546607411,0.059824079899491546,0
-0.4123216572243046,0.041970309119982244,-0.17383776521587993,0.1639801338304899,0.17558041287622195,0.0785079697741811,0.038994336420397874,1
-0.36474995851644926,0.18901546526476584,-0.3785182851542697,-0.1048311329836544,0.1326672293075881,-0.08252860738967938,0.1966263769569001,2
-0.4058440658296035,-0.12639389858969144,0.07845006251871145,0.18943159999056886,-0.05485067463198218,0.06003618358887833,0.44528911444165986,3
-0.42701205926984404,-0.11452416332705743,-0.1539175826000531,0.2171326020705024,0.08575452022256336,0.0699870245586313,0.1454003159475394,4
-0.39872831811417625,-0.10741613593173598,-0.04884007371457315,0.25559724271686274,0.07011093836928022,0.08856129524135378,0.15885209585768809,5
0.057869193117477694,0.13289732142688268,0.2533074550797655,-0.32438426584329094,-0.05555300845945225,-0.13939724250836663,0.00756351375120319,0
0.3855934233358117,0.31969692209410533,-0.09393623795990824,0.11534870796237429,-0.22290442450539916,-0.11183464203777395,-0.08344025018418874,1
0.5094989763312334,0.17893150963075555,-0.14608994843040277,0.1905624615119742,-0.08730386594679128,-0.042428303551022034,-0.08535620942183339,2
0.44456292795237545,0.21306411754569418,-0.2157539902001782,0.21876754754631506,-0.20422738114419173,-0.025302580077926413,0.027350431697734663,3
0.4167735149526551,0.17171556919399197,-0.06386576430077326,0.2148240748713768,-0.11869998541066785,-0.131934667646349,0.10749477590329977,4
0.50180506147481,0.18095422814724388,-0.1592709458923145,0.143351286082085,-0.11366604989795005,-0.013433668490871147,-0.07406312158097442,5
-0.38969990663759085,0.05766677757160669,0.19083369903546818,0.04576900855769591,0.08194596741853566,0.15234364728937633,-0.08607717751171623,0
-0.42204453995861985,0.28788691542691175,-0.03995039086939002,0.14499061671420005,0.2541937048000143,0.15941170062811308,0.024656447885589575,1
-0.4049661262893248,0.2605636213283692,-0.3238702261993257,0.004354263993132373,0.1694518176387287,-0.019092943322084346,0.22460103995938246,2
-0.43635291618334576,0.14434251968782016,-0.09291561682293607,0.1313556360445311,0.07059801828579268,0.06258080262256108,0.43745691229685174,3
-0.4140689631759045,0.1670333464633002,0.06109647880670141,0.3112036912089242,0.1886011935310792,0.20016940817112647,0.00891169199234425,4
-0.41189543107861176,0.25349589151570084,-0.20599124906961858,0.12437243242381732,0.23119131475834065,0.07322819346702797,-0.008538773265030199,5
0.4357745738371868,0.21311470573393057,-0.1250052328679024,0.03189561105921042,-0.1832723273582551,-0.0023927917067959833,-0.09522720382642112,0
0.4897214675771101,0.1730838094193626,-0.24478962185272876,0.043672841866847015,-0.21031370362663593,0.1197353713754857,-0.0778262046412309,1
0.49184728366392266,0.2009593610902878,-0.23251570292258208,0.13845083478488146,-0.21785268735708083,0.04296219185419704,-0.02321429964077646,2
0.5349591343886952,0.07897990527515633,-0.19646800425534094,0.12734779576958793,-0.14295719345676033,0.0544976219297604,0.0959350095618466,3
0.5128810568201848,-0.004120634476888719,-0.21569404702077324,0.11792337883175477,-0.11242668412166856,0.08962874795283109,0.07707777024877983,4
0.5071527238094361,0.0802603395314386,-0.29237830348717436,-0.02882201794336596,-0.20626526134382697,0.23375063320289347,-0.0357731058052318,5
