0,1,2,3,4,5,6,7,8,class_numeric
-0.48601987023738324,-0.9995388417967115,-0.4633436115154488,-0.3181944167327882,1.4267076201691435,-0.41974401056682786,-0.16775082045240033,0.22992722199935908,-0.3003740458082095,0
-0.6191853054365956,-1.2418168125893516,-0.3310097476070293,-0.054790517192873874,2.015695845963745,-0.036669358785548806,-0.5029299361145303,0.27618456130023805,-0.4225885475106834,1
-0.5388427992193753,-1.053019195775044,-0.44894952531440524,0.01787525413832237,0.9124429501492455,-0.4877594322052611,-0.5511675132262202,0.5055354082727661,-0.25893185965615106,2
0.671259477997811,2.129603801739104,0.10344130508373271,0.16952675976975004,0.4039198254625036,0.23902619337648667,0.43614542313244237,1.0931332363226283,-0.7637458351867977,0
-0.47513733278742804,1.8007415239020557,1.5633728364800696,-1.3155634150718842,0.8005707148893869,1.344054876975981,0.8989949541875948,2.2152064338067077,1.5328485516707937,1
-0.3882408348111829,1.2805240839905596,1.028840916662783,-0.718977503696157,0.1767234796876648,0.43709144014539647,0.1465642795721421,0.8430356688832641,0.30869686526589213,2
-0.5037623306707215,-0.9012972942668549,-0.4188492034366719,-0.23305913949185783,1.0848312942634404,-0.48331894267588754,-0.119538389356394,0.2651322473098521,-0.3367968315712648,0
-0.6242416359577287,-1.1568253114868532,-0.31046414323079596,0.08742288457165062,1.498244979033292,-0.14345715463890182,-0.47551833173050495,0.33900901486477547,-0.41608779388571526,1
-0.6942600290842654,-1.3780777554860857,-0.16978962770164277,0.17176345417084246,2.422252753255584,0.5513875105285596,-1.2933781904645412,0.20862236294776604,0.0028122510490485027,2
0.5371691034605957,2.782413447784328,1.3340383652783487,-0.09112448009866868,0.7686991997125745,0.6308243314982838,1.0944657947328744,2.140525420038397,-0.16496447966706235,0
-0.3430196093492569,2.074069112902903,1.9217173161346879,-1.460612776022071,0.8059756901878676,1.4220216679024262,1.0813396180689363,2.602246386591818,1.4638750439443537,1
-0.18415549911359022,1.577357565972939,1.0537130255444456,-0.4862175658343119,0.026754679933225164,0.25265014677448605,0.11945276981541485,0.7963069239789266,-0.2194726911536474,2
-0.45280849921271754,-0.7922404579013131,-0.37655037448872786,-0.33058069007311014,1.0260931450860182,-0.4658267220715126,-0.14726295375660917,0.19688856437859623,-0.2841439274006256,0
-0.6363786939589875,-1.0852057104541792,-0.20863973314092357,0.07624298286126592,1.606066390030158,0.04361866558221581,-0.5694579070609753,0.2717699966677668,-0.26979442736617054,1
-0.5618208285192668,-0.8332576650339188,-0.2756708593712315,0.08356867763967024,0.6375968452593499,-0.39399614180984494,-0.5161881168128588,0.34906635006218645,-0.1634739333452009,2
0.1444215268639638,2.0131950008270234,1.0042016633919792,-0.4435475862833991,0.18993474133833851,0.3851231746376054,0.4439252146396294,1.4642366925763493,-0.7120609518436737,0
-0.4966101985488151,2.182821543360181,2.0012981880119254,-1.7854058405118363,1.2825213485212443,2.0362149010930226,1.4395048991278412,3.223759617428594,2.455826213078945,1
-0.3033524334407061,1.5335723715892502,1.1179746389847733,-0.6157725215464993,0.11659659009990443,0.4104712954349944,0.11403596579515192,0.8353541003512102,0.18140488395841992,2
-0.512235330780211,-0.8714471933152613,-0.35277587719226106,-0.21898127027346895,1.1737922049285758,-0.37710452811198614,-0.2538619298519657,0.22841307394023694,-0.2521425382359223,0
-0.6549662661981135,-1.1075774035011396,-0.16548026058920856,0.11176866548560556,1.6960240069945247,0.16694040723798717,-0.6442888421205003,0.2688870640600918,-0.23051459037953287,1
-0.6122883121869026,-1.0170591166348184,-0.23895200743084463,0.12229516021094708,1.2241117711530802,-0.10035233230985735,-0.6791231818075365,0.30475466970474496,-0.19614931429095334,2
0.3689158010238394,2.320291054881871,1.16030082275827,-0.316103333724778,0.2657420508080734,0.4709510466135261,0.5559276885839518,1.6690196227833587,-0.8723021210164431,0
-0.34877224014914604,2.130938988999855,1.7933863502251255,-1.2901699543684262,0.6838808929173296,1.2402704909534439,1.025308972695933,2.4677881736586302,1.188390095360923,1
-0.2697992820080437,1.673899586224626,1.2036087920988703,-0.6247056071749749,0.1230523861667283,0.42502048621451866,0.23901227054866386,0.9924386779344194,0.11050795972867147,2
-0.5521553521800259,-0.8607800630006417,-0.2834186756932929,-0.11457613749826137,1.1703636912909012,-0.27349990551118375,-0.3435168431624312,0.21808188148804328,-0.17512558650809684,0
-0.6733749021268335,-1.1778846442754263,-0.16715081037981,0.19530810165772827,1.6910455541998202,0.20565209899523404,-0.6687881477537846,0.29812142845558054,-0.2667089169455537,1
-0.6466152449597978,-1.118734646976594,-0.2294061138889436,0.25910191850253794,1.2751508177299653,0.01485239718826988,-0.7932971800730174,0.3508062296070329,-0.1562431231386655,2
0.8420963013813391,2.3195449225092757,0.592497209334661,0.3330139566411206,0.4470090375084943,0.1822365893521608,0.5575308966287352,1.211662497397502,-0.8406664230806671,0
-0.2510344021180292,1.7002319149532517,1.1985524736034263,-0.642827724670638,0.2842140685546025,0.5110252751246471,0.4626906903438077,1.2083659254687873,0.32857929022084753,1
-0.1714390651902523,1.398444651031364,0.8972038197473506,-0.37041816027123775,0.0005002465364190613,0.10480766991722315,0.047794895863999855,0.5273624319120682,-0.2357266405125355,2
-0.46665988704003913,-0.42137280343283096,-0.18917672180863238,-0.05977396468962881,0.044520895015221086,-0.5354318954719449,-0.04263956402276444,0.07833289427233486,-0.1493150235952642,0
-0.5264447182144626,-0.3912402314614383,-0.18632050068289668,0.18862662967733787,-0.401474125160095,-0.6382347234895013,0.034953870382612905,0.13969250672418418,-0.1819340262429255,1
-0.525157511480161,-0.507567161612833,-0.10817563510136255,0.1040523562857186,0.09982301354930642,-0.33378230892250627,-0.319986343848396,0.037203020754113816,-0.0027376788145175007,2
0.1420470987808899,0.6140221587735134,-0.24394747047295454,-0.19367304359321677,0.1460675947867952,-0.41460678343164026,0.20294596003737556,-0.04897223035724533,0.12171566293753681,0
-0.4080820284725216,0.4134988682314598,0.036488096623863,0.08372237810699043,-0.5125170467060381,-0.5526212764958605,-0.008907670197139594,-0.3035233309263985,-0.45967477395126066,1
-0.5570716290666874,-0.07817168326392603,0.3499680347863263,-0.26009966789396605,0.43525853775434803,0.33895470177036907,-0.49259985680184687,-0.29755385611233937,0.396388748544686,2
-0.008707510833902914,-0.14011425442391154,-0.4407502903883553,-0.2850076646964102,-0.00928515873034012,-0.8375325081252324,-0.03278740753326948,0.014307572657398846,0.15648225173362765,0
-0.4925942906041436,-0.32783526963074255,-0.22203872425032267,0.18527622146461645,-0.5065702419904848,-0.711541444507123,0.04843095716774623,0.09942268136153408,-0.20050428349016933,1
-0.5142602597107366,-0.505398245533816,-0.08947025028747996,0.11892998935768924,0.02594357180112803,-0.3553145631039155,-0.32982702308723927,0.0008273271644138315,-0.022952007678434427,2
14.516755242828417,0.2608170228599629,-4.548625427043764,-1.9336220667990256,-2.014968420825777,5.181019465848956,-3.1833013385899367,1.064685055593246,-2.674191726674999,0
-0.2960145761083114,0.6406471944470389,0.08953398743607366,-0.0038687382895145187,-0.3877377289400878,-0.4797510940886989,-0.07931350512983054,-0.2351614021219398,-0.5522295778301652,1
-0.4716667902537955,0.11044303666841268,0.3690645528171432,-0.3014171692671722,0.35155830910616487,0.1452516956728118,-0.39836328837241086,-0.17790196277373613,0.4745085397684783,2
1.174212400769145,0.19268016438557897,-1.8917748926109206,-0.5985396598277337,0.20736989177636256,-1.172055356009018,0.5419957096800263,-0.33020665224379525,2.0114651571194253,0
-0.46225966774388394,-0.21173543185847277,-0.2752285900143232,0.19694667571973098,-0.5559860684048001,-0.8404724186154272,0.08647359380062142,0.12322528563542934,-0.18522376225898657,1
-0.5017162135191786,-0.4737516359290482,-0.08323280832822177,0.11674436399097395,-0.008652171387476934,-0.41130088829481365,-0.36047500512339226,0.009196408266492172,-0.01582758800784933,2
-0.3178445318853887,0.8440111886081799,0.5727627915695019,-0.1985458388942174,-0.10444838257136743,-0.21269336637343728,-0.07048895498202616,-0.15423430084905704,-0.0873957930370401,0
-0.4784797133255853,0.8763633217095994,0.601303085095101,-0.1503265008861131,-0.34010914437513173,-0.1454427869305011,-0.10012436321316603,-0.4904255243771567,-0.16974146531621234,1
-0.5257085820551727,0.4981522988036681,0.6960006142596936,-0.3868834779685917,-0.0297078530240052,0.2506138663151879,-0.4596673816666038,-0.4361067195252876,0.4785548741994844,2
4.49020812204859,0.26657558245300494,-2.3829488775720193,-0.8396661290294556,0.5777407838346632,-0.4857621785538755,1.160004478036758,-1.3609826685010065,3.481046485088724,0
-0.4683983787109333,-0.3166147566062756,-0.30213472727949175,0.20228037358589304,-0.5500391747350839,-0.8241931270425397,0.10311365308806587,0.16417066466431643,-0.15082459826343553,1
-0.5508145845609164,-0.5273984762435024,-0.013544754618491884,0.07590899455438677,0.3778706421802871,-0.12992763496738335,-0.47686596311199186,-0.07489856731525418,0.09345803862984302,2
-0.4031450561386566,0.9508391357607814,0.7053773575046771,-0.2800697263975603,-0.12677463549975326,-0.059047988016764835,-0.05537489046149458,-0.18018986214912677,0.009405740572422227,0
-0.4775489169181398,0.957955611138728,0.5539019629939634,-0.05619217414084273,-0.484210401596852,-0.2936995874971584,-0.08297683344395243,-0.6007986908772146,-0.4729517553743452,1
-0.5796741916926829,0.5460747951424132,0.7780300436631284,-0.4859129243106947,0.06743224782835668,0.5051283869515095,-0.5053107500671005,-0.3879260471444124,0.7343138141365112,2
1.2461078868224835,0.11879983602527279,-1.9170706977261578,-0.7277636413025181,0.2966097763249591,-1.1983912923519255,0.6350191310581363,-0.3760060437110299,2.1373491102401543,0
-0.486896566611549,-0.3206025854394084,-0.24707070839863832,0.16056730303329608,-0.5078204784588748,-0.7846081365461143,0.06031892525929135,0.17315482709538546,-0.21082235223772683,1
-0.5098039520555402,-0.4190351481472551,-0.11805501616524891,0.08647482255965541,0.0952011336260855,-0.4071391397596759,-0.30171288532524737,0.015330484384919333,0.07217687699126822,2
14.654831251618743,-2.6343901459007264,5.264391934588273,0.952613903815739,0.016612050940451817,-0.8920473598671607,0.06607045495060643,0.24976609333108932,0.03959130468123892,0
14.749959557084978,-3.0974690771841376,6.1185637157578965,1.3895717550570506,0.22736643956308913,-1.721457907147985,0.4198201922197504,-0.2168928826388089,0.8146411816940639,1
14.77464845797662,-3.115654197154956,6.165050982965287,1.4558574416793912,0.3217148636855849,-1.8632709361355981,0.5917147410093608,-0.32906815041171195,1.0246118037411827,2
1.0807070327379344,0.3766956239588733,-2.6035414892036037,-0.33495354887756995,-0.3326218994726054,-1.466538207167557,0.26256703748806365,0.3762139555839698,1.639810813012744,0
-0.3828316288846339,-0.4733013674388023,-0.3607787209449795,-0.1604135156612693,0.00018534258602292587,-0.7246335029046077,-0.19401437127530316,0.3481831458589136,-0.20173755441149033,1
-0.10914549895828399,-0.3482692125318125,-0.6919480347303851,-0.1782950339528538,-0.5641330273682107,-1.0267141397660389,-0.23808015606073946,0.565423367342332,-0.15565789845800648,2
6.83275671674065,5.68335094328089,-4.364380861980669,6.303042642241939,2.4521304823921874,0.5115445430690716,0.48999742649796924,-0.8376147324295179,0.4617205326182984,0
-0.16024658325376104,1.2926081941497296,0.5298019404606386,0.0866662274323909,-0.262137663103523,-0.3340520974024727,-0.07842270173463825,-0.16240199294414653,-0.783620893405416,1
-0.27825668465930353,0.9288987437845976,0.4406138176826036,-0.0003317154814554269,-0.27921263868805757,-0.34594924792081894,-0.14652483399961136,-0.34477564570574215,-0.43671670846176486,2
0.037958233354862175,-0.2671923677120155,-0.960024056210537,-0.32014070066469263,-0.025106462838009522,-1.1018302973020195,0.1706713787538311,0.2225690045940208,0.5856330549053288,0
-0.4469240422586576,-0.6000027373938761,-0.2534436564698433,-0.06505699544586749,0.16925944690412784,-0.5557816990440185,-0.19573084590111783,0.23440254991075873,-0.20525887884937663,1
-0.07217202454544312,-0.4404630618762369,-0.7413427302043127,-0.13976527623163426,-0.6521028074448989,-1.0224364004153166,-0.19786777500276756,0.5855634372162758,-0.133129654755801,2
1.0321870384133953,2.4800522417144286,-0.5902985240261662,1.7896036313576251,0.9126040611419629,-0.5727325498417676,0.6369983554966206,-0.20882856250466983,0.2392697448024469,0
-0.43104912447181387,0.9568637911973769,0.5630867546675813,-0.13663614124842752,-0.4024401754557503,-0.23736264092514162,-0.10968924091325251,-0.35653689499310914,-0.4967119754932686,1
-0.4252749306899112,0.7912231909921961,0.4689909203486804,-0.09353139367201033,-0.3809597381206601,-0.2762519050413411,-0.1466149048641884,-0.4431329627376803,-0.3651056058531393,2
2.534956193892986,0.7192232613852659,-4.682301569950136,-0.9442072072465879,-0.6141682382213505,-1.3154581700478112,0.48786276608369256,0.3029547736395328,3.1288837666414477,0
-0.5525502779396322,-0.6801810532231222,-0.187156015288029,0.11625434252680972,0.245838479248807,-0.3075420968091029,-0.18064055422731995,0.20473549828905546,-0.1701844877681702,1
-0.4658790673384257,-0.6487198079564269,-0.356483423518973,0.12350070402245894,-0.2582520758433331,-0.6281937472235076,-0.118453239790887,0.42278385305093646,-0.11990578656317227,2
-0.20291637344091248,1.3656514914667937,0.9990845403618246,-0.29374930539817756,0.029434693850168742,0.06527941410907166,0.08220334190737065,0.21331575647112372,0.05964220880320342,0
-0.39537073538826223,1.177964923449163,0.7759257311134174,-0.3144601544022791,-0.2093579091985047,-0.05169029179605905,-0.05387262349955652,0.028083264614718162,-0.29872624864149533,1
-0.3691451651231485,1.0454690138643714,0.6227053735618089,-0.16406101388016478,-0.2936902741474042,-0.22089451202745716,-0.14817631316112642,-0.2662670412028355,-0.42046128506724667,2
-0.20053456315398943,-0.39708952611051046,-0.9867691024893374,-0.22739944842214965,-0.18351614187930762,-1.0086108289142368,0.22383483352168967,0.42635019029054777,0.41401625467475195,0
-0.5459228756063057,-0.7017631220892441,-0.25219793397533663,0.11292248891910772,0.17792665137402397,-0.34379449166305925,-0.09829589546368585,0.2810815469306636,-0.19330663935862738,1
-0.4882704325990846,-0.7334657005455913,-0.36999259281406494,0.11081577471492707,-0.04082981764470943,-0.4780916864315083,-0.23266683321157258,0.4387532220479983,-0.0800702772877313,2
-0.14072454571893014,1.5151312430686383,0.8653063585998337,-0.1508248923844779,-0.05390343340572219,-0.024843618871891713,0.09832845657436771,0.18746698076429902,-0.3728566028371216,0
-0.4017038866377665,1.1972486472521267,0.7202776055720328,-0.2200815842135764,-0.31358667516278577,-0.13433748545493768,-0.061061922118254244,-0.1616752896496735,-0.47130547013763596,1
-0.38410058140174086,0.8350202954388176,0.5375377238885435,-0.16483558685952407,-0.27798218664562224,-0.23385338013357918,-0.17854337042748883,-0.30165027271564676,-0.2905529798417164,2
-0.38004259751036956,-0.7507338438375564,-0.5451939547309188,-0.2961849607003881,0.4497204955455571,-0.6114113209573073,0.20343980045845464,0.22464332318715294,-0.13814549812653523,0
-0.4882672575897786,-0.7027213891323757,-0.35208786848712464,0.01518368041912496,0.11521793505367732,-0.5057474481505244,-0.05906034942215497,0.32478082952582266,-0.20112950746230704,1
-0.44749338501034674,-0.7812511606429716,-0.4218102405518165,0.0184841205455261,0.18707745357906813,-0.44213590941848674,-0.31874605981105875,0.40228157196348163,0.01666868624918184,2
4.253494988669884,4.734893848435133,-2.9183845775471293,4.965495628107288,2.1355545516149537,-0.09678677348035468,0.7740467490991018,-0.6723853682383806,0.30675160797760376,0
-0.4236696479984078,0.873478584441089,0.5367972907823249,-0.14403762608890966,-0.3441864919021229,-0.22549456954008398,-0.11581649019028085,-0.34696213457432773,-0.3627573026131671,1
-0.39806045345686675,0.7369124451160639,0.41889876918251995,-0.05753512780554382,-0.3335692893366714,-0.29280698468415917,-0.14852403564298705,-0.43724711753975914,-0.2921024058785734,2
-0.5692720267593661,-0.9395714664330622,-0.34790349948632937,0.1513867838461948,0.4620629817109615,-0.1677092948048622,0.07615730304866933,0.2435968599867654,-0.24473886099382366,0
-0.6060034443834054,-1.0103193038308187,-0.30525719613771474,0.32012868072526995,0.35704734584891984,-0.09018390078308892,0.04907299507040727,0.30529804371395586,-0.28035566493148256,1
-0.7099016305760987,-1.4109129536341387,-0.15643489922220297,0.43312038802277875,1.7409607448860553,0.8403060314807802,-0.8538183084615927,0.05098718548464338,0.0028731087189130984,2
2.8147608524058443,-0.2881024526507923,-1.7403146328692995,-1.826335037410568,-0.25554724400491513,0.22105525073007518,0.3195016408516229,-0.36689618728830015,0.03722806214710785,0
-0.6217580890382067,-0.15005082034363068,0.346387289208215,0.12675052234610973,-0.514556278479927,0.5417918853902679,-0.05919805672611706,-0.8643152685545318,0.2405678854535481,1
-0.6121002302380683,-0.3115002285843894,0.18955168549676812,0.3139160175160128,-0.7296043734419625,0.32990748852770113,0.08752334075556105,-0.6626691618005439,0.01884721142997486,2
-0.5628522279513742,-0.9371519557675023,-0.3765110799405182,0.19240623173920238,0.30538162556822096,-0.16975326518118802,0.09970755296266735,0.257970368606745,-0.14602356191493493,0
-0.6532506981617602,-1.1519518328954899,-0.24489420650822102,0.4897361993435388,0.5372400302859311,0.24756117910649403,0.020896455584586724,0.23964420842896259,-0.24059085173097228,1
-0.8209669141340535,-1.8881704863397726,-0.11297211787234762,0.6335039253952202,2.6638743989895306,1.6602562171519317,-1.3605692372093041,-0.027934033839427365,0.3586369061465759,2
3.259028111570855,-0.5258353369547383,-2.057582264783628,-2.4964218128134212,-0.016126258301652027,0.401885269642666,0.915927709340597,-0.6638529536454417,0.13007019014024032,0
-0.6392115568776935,-0.2266680073249976,0.32545710089983104,0.22771607393492008,-0.6484220366657798,0.6193677137025365,0.014081712200618187,-0.9232214946051698,0.227592993398704,1
-0.6117963351517013,-0.310982932266751,0.1609313081394748,0.3670116606495763,-0.8829768586671929,0.2561986167292716,0.2149742602024725,-0.6317415852772373,-0.06161455530603874,2
1.3839860836273055,-1.5517603645948381,-0.788376552357374,-4.426088045467605,4.626736205852615,0.7071199758997568,7.610085772729392,-3.131202762744758,-3.2367212428076413,0
-0.577350468832724,-1.0045651450078306,-0.3099745394535301,0.10824151596797277,0.7723534979030332,0.10541192233531246,0.07666581586478449,0.05886308081306014,-0.2579333193737492,1
-0.7741247867900554,-1.6322348540609686,-0.13759960279360336,0.6939305503857954,1.7564393648582435,1.3061903463396014,-0.723730696399943,0.026302765929812313,0.1824402786230803,2
-0.6188459897909564,-0.08073915170885915,0.41104753509249103,-0.012308371741226848,-0.2476808779543342,0.6535122356363736,-0.1817987756521312,-0.8567241718957818,0.4145273499705664,0
-0.5275122921946239,-0.11953726740820239,0.07011597180736442,0.04540756022770341,-0.18047938928672252,0.052712493457827324,-0.002899680288840674,-0.5276109764996646,0.2273229667145389,1
-0.6181716192910636,-0.3280274353861072,0.21766601799999494,0.2773205847604147,-0.5333198829144581,0.4669846367790491,-0.019930364495613424,-0.7034052207576617,0.1717190595178811,2
-0.4586269330746646,-0.8512507935361878,-0.4648516345713466,-0.3205758653319366,1.0928376217844304,-0.0378682017566468,0.18191688149905916,-0.20246968805636154,0.13302854779089396,0
-0.7321490354250635,-1.3674419609559119,-0.1639056872718863,0.7804296333270715,0.601615613606445,0.8840191719220554,-0.041673840957088586,0.09760136852107013,-0.05862955062676629,1
-0.6069252337887974,-1.3740458224169463,-0.28202095835098634,-0.10384697852046146,2.5186687926486697,0.9302695120918711,-0.00849579537217087,-0.5726084760154436,-0.189362147462502,2
-0.6002248317928873,-0.040623596855513935,0.3920976620270716,-0.09871942354509591,-0.07827086727506918,0.5522941086658757,-0.1648766411869432,-0.7026900101756708,0.40390994652126333,0
-0.6132856519077275,-0.24132676124472802,0.27918748228266876,0.14564778585956642,-0.37083210740637595,0.4743961642009095,-0.1027983265580152,-0.719006612597607,0.19717491591985217,1
-0.6008791017224644,-0.32001316116800144,0.1621009420713798,0.2644904213960886,-0.5679424138431145,0.26619902103719717,0.04241622923665512,-0.5788965087891612,0.025249152177324707,2
-0.6876615053055487,-1.2668954425688286,-0.24494165028355622,0.7210180897247297,0.27354176711933215,0.5765122006225628,0.22736155800985156,0.24346920947042197,-0.1096808007816229,0
-0.7365563543150643,-1.3924294024201476,-0.2059328022871752,0.8768985031989369,0.3260549252563441,0.86030202875273,0.16386993806914157,0.19647297403559544,-0.08751476140251385,1
-0.5937668270262955,-1.1701780275161138,-0.36856821797817857,0.20133947943867045,1.299022803870235,0.5622117137669776,-0.22422727980642587,-0.13268878395948475,0.4767746612986901,2
-0.6062322014625031,-0.12881680244451324,0.3411244204811458,0.007985004846632539,-0.18146785222313958,0.5568857313538265,-0.16930211857849578,-0.7880831393496842,0.3988862074398882,0
-0.6342313857217017,-0.2685463730648103,0.30395887725244036,0.22610820864449507,-0.5469230834682011,0.5938268340798751,-0.02991868842793446,-0.8470254100204012,0.22756369055580797,1
-0.6210502355469913,-0.3491125279977585,0.1926381398946723,0.34930683956091063,-0.7288521621693299,0.4184196161688836,0.11438335832037386,-0.6953471405310615,0.07797474101047266,2
2.7358368737620045,-1.1045769922667736,-1.3244517519918468,-2.651799050809492,0.23627548479131366,-0.0010215612717407103,0.5923056472165064,-0.37178229208335467,-0.1256357540434996,0
-0.5525667343700866,-0.61218724182414,-0.12997381139311906,0.08170924249995212,0.23805705153605775,-0.2187192292229665,-0.22653978844332193,0.08522488568094158,-0.16341632639111275,1
-0.5717571025826643,-0.7106763282041054,-0.10870855199369693,0.08480010960864583,0.6213615936301383,-0.016301463153146914,-0.4353947353650131,0.038282839694950985,-0.012222721892316081,2
3.2455696767670963,-0.19568184696774055,-1.6665127861071964,-1.697577652106625,-0.3881983232470408,0.29846655749639833,-0.13941088041033267,-0.06192930739797409,-0.05184706882282373,0
-0.5058965927142052,-0.033565047969304165,0.1995028577864762,-0.1764346614404119,-0.0221575470597299,-0.11752656445940135,-0.23044098671077398,-0.23733682098154577,-0.0754627941511439,1
-0.5616867244965464,-0.10378271319298744,0.2985375347835054,-0.2291132929339188,0.4258610775819826,0.2851558441600895,-0.3352486322586109,-0.21824520754571713,0.3500929359528219,2
3.1535532009007126,-0.42687028682990397,-2.1928382468266396,-2.0837664919372543,-0.6426837493789977,0.0010909043952515211,-0.2214153080427822,0.10404781634498299,0.17026097206079746,0
2.7089823930491765,0.1254235951707007,-1.720483704382656,-1.1375023037640286,-0.3912586746515576,0.07294158198914874,-0.2578409796958179,-0.003984506706161116,0.05963323694001722,0
-0.4709704043777532,0.1390302750936179,0.22498188964365817,-0.1532733075316145,-0.2833302554053595,-0.25692870576306204,-0.1858611763906956,-0.33368831962208406,-0.22759147321687254,1
-0.44816343976422257,0.13845990038121986,0.14304783890584433,-0.08425426631669343,-0.2303761991716875,-0.3110954483939404,-0.11945645133365246,-0.30090821226013925,-0.13638556040365396,2
6.432599596986243,-0.8271215418654095,-2.4676603133070247,-2.9712367178771983,-0.9247003942432999,0.8213342851824276,0.061590741029861104,0.0432531465023696,-0.4868084736295747,0
4.527369674457583,-0.7740291324536938,-1.4929314900699497,-2.329197768853278,-0.7804834816343486,0.6080581015308679,-0.49077406644922916,0.12352218646992656,-0.546755709291635,0
-0.5286002623364067,0.004906357322858468,0.2678679363818402,-0.20837168894807265,0.035305198589744236,-0.0066391788240842235,-0.25283660992411017,-0.2577055514531884,-0.0015251948483148813,1
-0.5336490731447933,-0.04626949236761516,0.2591149674704891,-0.20736358492484652,0.2289125497178881,0.09820597232918424,-0.285570960523532,-0.2164361868341711,0.20192698796656186,2
0.07434919586265283,-0.2776563203375945,-0.7882273091023387,-0.574417080541085,0.12558486428201926,-0.7035780296270431,0.10045747936870845,0.02954081431860574,0.2330091420828332,0
-0.5701852306824546,-0.6563474372657837,-0.09299773567416589,0.10933889410217222,0.4429597293515039,-0.0652911891716739,-0.3496443098934395,0.010829689792635535,-0.023709130215718792,2
1.566072176892795,0.40211959411462983,-1.3856191806289906,-0.6107137136167542,0.02506622839689563,-0.23537966672071883,0.08778308296130898,-0.18451155782010345,0.4367153356989387,0
-0.4750745164818743,0.09526701226111474,0.18554572073582729,-0.11284828212928802,-0.3149270751714823,-0.2950749274884932,-0.16166639732855087,-0.31702002582014427,-0.2529751258977796,1
-0.48609560922182266,0.08289690070571135,0.19763054552494405,-0.131212564170615,-0.17938054134260567,-0.22520612494415312,-0.16446645104726254,-0.28109690222585976,-0.11804077299585561,2
-0.1372011825966144,-0.25301292837844014,-0.5500541288785239,-0.36436346268361897,0.2644357080625245,-0.6669278171585997,0.09789420650405481,-0.060528828791280145,0.3828099208637635,0
-0.5414124803807018,-0.5592535712505283,-0.09937567239506108,0.058575582356869695,0.21167619369485793,-0.2302512647234901,-0.2498323063516342,0.010316319548276692,-0.11727196217816474,1
-0.5359324890810825,-0.5757399234528293,-0.11768110365568019,0.058072636772847123,0.2578116015270699,-0.23957350663061683,-0.26795709669768125,0.031110523959761775,-0.076295827350441,2
0.001619517224869821,0.2666889221437001,-0.21800109986744373,-0.36663526853056777,0.22438888444560176,-0.35567037295621823,0.12855296076029368,-0.10885408709196236,0.19174489297117228,0
-0.5274392341449076,0.03727980106446797,0.26910997784502216,-0.18170008308832142,-0.058298424400861734,-0.03317540339818576,-0.23496645070415484,-0.27943094976811084,-0.0181561624530601,1
-0.5525064128573939,-0.04674647337531079,0.29303880890211126,-0.20287640993335307,0.2500148241802549,0.19861562215912693,-0.30670850332372424,-0.2485873177527155,0.2761120348103583,2
3.841326816029222,0.6316800131682804,-3.6384892243944074,-1.4840200179088596,-0.4927039232542176,0.3258517488903559,-0.058673604309063765,-0.03583157094886715,0.9148084863935524,0
-0.4834265214322468,-0.3878377707546271,-0.18802092314343227,-0.04390297634353874,-0.08200030293025608,-0.573225359271869,-0.14715028607238134,0.18141780798218204,-0.23370887000984505,1
-0.5076252461889957,-0.44753921211032943,-0.18480528558632497,0.040398557238855236,-0.09171388592153254,-0.5311999622091647,-0.21991189395749428,0.19319432297693734,-0.17389319760921434,2
-0.41081570268802536,1.0025491034945169,0.66806564316836,-0.31992156908680935,-0.2535619848901432,-0.06576746153783666,-0.061352345844976675,-0.07408561364871549,-0.32862685461135854,0
-0.5090169462551914,0.641162768865028,0.8044169802194678,-0.5754699132480314,0.1848485057948906,0.4507375688530874,-0.2851952582714455,-0.0017277967065705679,0.6453813030723727,1
-0.20346446124894774,1.1660140186770924,0.4312271174610402,-0.02669100140425331,-0.2737269562894902,-0.277675837351802,-0.04978158026732831,-0.1367787704504912,-0.7214535007078011,2
0.07262453914677583,-0.10294379432085123,-0.7198325050953915,-0.4894891784683841,-0.08072647127415422,-0.7687013081400285,-0.1258174006535829,0.2375225841591518,0.008096075240202096,0
-0.4481460402264631,-0.4048046869486771,-0.21985383514602738,-0.14478099849085677,0.0959746378079794,-0.5506964073010723,-0.20090236530429384,0.19276605363237684,-0.21170544398475988,1
-0.5202112026318674,-0.5553650437942131,-0.11361092731939924,-0.10857509175877667,0.652857901962031,-0.2099346269246727,-0.4697675695411032,0.12825470670137304,-0.00220287701083842,2
-0.34451505844213826,0.8896162823512647,0.46620794121271103,-0.22113263901553992,-0.12178341103220633,-0.13170832239693375,-0.005738330621332861,-0.06562019688630362,-0.18769105777919853,0
-0.5026362397989388,0.7736909392915707,0.6838832891716138,-0.4262455061484497,-0.14999839217016,0.13679596802775834,-0.09113477159572485,-0.11448868650666723,0.08605039376984217,1
-0.5131090823399713,0.4727367548819818,0.6891010247581172,-0.4955013592277911,0.13748050344756169,0.34770070495829686,-0.3757035191509084,-0.1733493039164261,0.49451492141187003,2
0.8441522462562131,0.16877175282870877,-1.396274408424068,-0.8329144556558385,-0.7043153841055114,-0.6844715906343678,-0.5851192836701665,0.6727293798381431,-0.6150347759035272,0
-0.4472275828963083,-0.3467226368779563,-0.15233870209846861,-0.19901393223896938,0.22649051068036696,-0.4710763001764999,-0.24800887432093294,0.15606683892175272,-0.17260519602295055,1
-0.49831357029277806,-0.5116936608470198,-0.14743449321843566,-0.08231119323431196,0.32588397261251617,-0.3567652263936312,-0.5167047898443649,0.1995633610986371,-0.10323511484124065,2
-0.39927901630878726,0.8544091326595961,0.5667651418659492,-0.3021140604527151,-0.16273560987793723,-0.050222447580584785,-0.04683645756510944,-0.10142385661677407,-0.16289939622017932,0
-0.5066685890992825,0.7506614319086669,0.6957090878434468,-0.4442823853802756,-0.13703076519344615,0.16305057700627584,-0.10727588519178595,-0.11536581051574608,0.11466898347698518,1
-0.5193757697963928,0.4621962376420154,0.7028393987492887,-0.5083035177618282,0.1763615043168868,0.39273443125988117,-0.3920836596760439,-0.16933699897832385,0.5539290574761466,2
-0.1610321758370628,-0.24204996517990754,-0.566721556447772,-0.42104078267095496,-0.03339595411255233,-0.7799259046687301,-0.09780659319825624,0.26572580980135235,-0.10818946149924671,0
-0.41906978044668974,-0.33588545166729195,-0.1842626771036532,-0.2088035343823744,0.12500604938821866,-0.5597146414253142,-0.23576374068754116,0.1810286224550527,-0.23694249318219077,1
-0.48551369638342284,-0.4706236753741036,-0.14531886115309772,-0.10776663793387313,0.3248236900699415,-0.41516064943453634,-0.4030961064924004,0.16807880253294918,-0.10778959737559202,2
-0.07659884191244454,1.326243567675558,0.6277420144752067,-0.14435171482212253,-0.034891969024315364,-0.08750767837978289,0.12302376021114238,0.23327405574106203,-0.4530420100804364,0
-0.3655370616601906,0.9954149018428516,0.7358123903984803,-0.3968845815612478,-0.11200184240350489,0.031181030619514338,-0.00790556887862728,0.0819553870140927,-0.12000616022443557,1
-0.3716068096189257,0.8202953360236143,0.7091206831893238,-0.4044333322290692,-0.0713683280144659,0.03694359561986824,-0.1370142265212863,-0.00789522312350042,0.025386953038120653,2
4.710472072251817,0.4111469390955946,-3.682560180054274,-2.095388498585589,-0.6613346989729532,0.7459682848994161,-0.07934711664011714,0.09357243720508976,0.47296162044603024,0
-0.24537909982144232,-0.10358031056254095,-0.6656588331858985,-0.0975598116095941,-0.3133987253629622,-0.988812596602633,0.03656740742587001,0.29164958044148453,0.059657988749268434,1
-0.45505711177957897,-0.47971617834609814,-0.2018385390145971,-0.11419205306148897,0.18813726112930995,-0.48293892316209686,-0.4301806153834032,0.21535626306767208,-0.14808547905288863,2
-0.015064533373236334,0.8275674593689141,0.08750755259685024,-0.11581799783444033,0.014588735047709371,-0.3251139438235173,0.05968378096806169,0.020814495147362593,-0.21834900294282364,0
-0.4882275033693413,0.6155920695267768,0.5637737370217218,-0.33779916906925805,-0.1434128619209568,0.03710887106066048,-0.11840148473960432,-0.2098466222547568,0.05432560741499912,1
-0.5153522518481546,0.48117103796553184,0.610495302411841,-0.40823896106008606,0.08204385023013938,0.26377654417312596,-0.25770649867739626,-0.18886317201705566,0.4319200935192924,2
-0.5710727625897056,-0.79240668892405,-0.3323568105838518,0.4091789071040535,-0.47408121578558354,-0.3086246569074574,0.3880680255049293,0.411731776417843,-0.09893288513862145,0
-0.6181712745072201,-0.8751402565032872,-0.27545940769447697,0.6234694820922057,-0.7272359795157374,-0.17819367531924513,0.47328217038572196,0.4766194801475722,-0.15002199344328962,1
-0.5968367721522126,-0.8482258165319523,-0.3795532959251932,0.6832611021691817,-1.024434769734867,-0.3265114712191661,0.6051025646449445,0.5948839018757613,-0.08805320149113985,2
-0.5278711884047389,0.628868712112904,0.6166484660611089,-0.24224106794908085,-0.40974338707806657,0.16622744695564898,-0.15200876998338692,-0.7049723482562422,0.08843296099890843,0
-0.5172668308313733,0.628506303126438,0.5405353340911015,-0.1286017506719897,-0.5023632612681762,0.009667240847601335,-0.13360169677139888,-0.7334542387167845,-0.10550093728453057,1
-0.641276773209523,0.3736402457069319,0.8330709669512443,-0.49207102758318777,0.451292331208023,1.302555266062815,-0.6154820947129283,-0.5764423539497647,1.6928898646537167,2
-0.7589511324207141,-1.374195935665189,-0.2578288738079849,1.2472413528368238,-0.994210190680364,0.934025190706648,1.0221836855705129,0.41608806750261534,-0.04665487280444045,0
-0.7683464633916692,-1.4119496560550153,-0.3238675021456375,1.3991119750993273,-1.5086724014678132,0.7859322031471925,1.3377147599311436,0.6517651704366942,-0.12003318951780423,1
-0.7835778267500616,-1.5175095149312752,-0.2595196761963158,1.4055690356733566,-0.9844529265152244,1.2014154995431126,0.9288925849102087,0.47957875035370034,0.06424850647897914,2
-0.5132894813168001,0.8164893551903752,0.600356914539832,-0.1631231265337652,-0.4836878460540496,0.11325387726947125,-0.04903232846589997,-0.7031797934269679,-0.08674077754440429,0
-0.5325325346456307,0.6975832886656488,0.5404473468992624,-0.08760420324741242,-0.6204177675567883,0.009788274393761873,-0.06485590567919171,-0.784289093094169,-0.22999057874739626,1
-0.6554527819978946,0.301501841183707,0.8267948649996874,-0.4693117172619081,0.357275765964099,1.2845665756228035,-0.6876892078947249,-0.6911042252758863,1.4855034782980359,2
-0.7777767429099423,-1.5536882564044012,-0.360334843675567,1.470415506689364,-1.312999754520451,1.0216453242619605,1.410188385293501,0.6663703001463552,-0.04555690614245168,0
-0.8263391023213534,-1.6237688739633043,-0.3970253784289565,1.6798833046115498,-1.7886701805069452,1.1426104772062249,1.7009540332561504,0.7640188891331491,-0.0923878649347971,1
-0.8672718425035834,-1.8082002483198276,-0.2481457636140699,1.660854858852469,-0.8025046505170904,1.8933680571785951,0.9278927382347987,0.3195362045039447,0.23880949622928369,2
-0.6268446631161035,0.161897320525446,0.5243405881673248,0.08302680197949144,-0.9189143299882796,0.7031252860294017,0.054709949913847686,-1.3062313618303532,0.3103110107723301,0
-0.6465444695825365,-0.026429897446478952,0.4267769027548113,0.28717741680036707,-1.1675223269091102,0.7041251106428483,0.23164424074952397,-1.2883459545176248,0.15798249243808807,1
-0.7070663546738113,-0.23410709405739838,0.5547267249117396,0.17864558725252855,-0.3984537172533365,1.4671050599218498,-0.2721874119156815,-1.3935781215696244,1.0427393618564749,2
-0.7715455988372126,-1.53438453591722,-0.3619173678575136,1.454079674519806,-1.330121570467527,0.9795011639351092,1.412644067832268,0.6707734157198494,-0.03787160999728124,0
-0.8274953067985412,-1.632966627888888,-0.39946516583996217,1.6866335556686094,-1.7854678771872443,1.141401217245798,1.7034898062911368,0.7721179606528119,-0.09795887056755712,1
-0.8652047647865246,-1.81315890936229,-0.25567534100989764,1.6729662940361156,-0.8335515560179538,1.8737340563224936,0.9583336617853393,0.3454604051810217,0.23217414596109065,2
-0.6144095463129676,0.184288935823506,0.5019378541888643,0.06714364051620215,-0.8530977863002162,0.6227158629696493,0.03861577739722231,-1.232515373615844,0.2785206721038734,0
-0.6419820237703032,0.04512987217750217,0.4543935751356223,0.2441695492433044,-1.170151855293466,0.644467499646647,0.20723389614207496,-1.3076451535724187,0.11664183846610406,1
-0.7336059114488572,-0.2287923227966794,0.6468863274599449,0.11169231524449025,-0.17041302190344582,1.7143297151591246,-0.44885217716975445,-1.4757571796706448,1.3700760717749636,2
-0.8162254968252961,-1.6011089556388063,-0.3267008274912699,1.5586597499997592,-1.3262021512158757,1.3152718179403051,1.411267510166488,0.5244999195075923,0.01524807402127485,0
-0.8660970635903021,-1.7297513344724489,-0.4531123970517413,1.8308884756598305,-1.9966737892473132,1.2689066297318026,1.912738631444035,0.8723603554238532,-0.11367468961543532,1
-0.9175209428543962,-1.9712009579879302,-0.30327723590072536,1.7943486210525321,-0.7530304365591265,2.051643586902403,0.9962763877296952,0.4394348434848428,0.2514810277227102,2
-0.661211925446179,0.07808721156271038,0.5248969717919341,0.24782239523307278,-1.2706539686213725,0.8905666340584444,0.25784491909951224,-1.5905296184963378,0.2888843992434323,0
-0.6804423007422049,-0.1343022870429817,0.40489253166542055,0.4548732702657708,-1.4519745965641446,0.8823197103190189,0.42500080303064236,-1.4474391369734498,0.16040669274948127,1
-0.7269538399426669,-0.34756619857697096,0.5240355483128212,0.3438039495601442,-0.6145148371659339,1.627571024625242,-0.1757814216953021,-1.5788743020815923,1.063884818454421,2
-0.4802987299729505,-0.2826505631557602,-0.12342283191049847,0.025427206671838568,-0.2566430845968934,-0.5890059252278717,-0.08547160180344689,0.03561737350730957,-0.18941205808537348,0
-0.6310222094245489,-0.6262041149595243,0.10811001044182693,0.11771199916817139,0.7348282679032971,0.35556138200999254,-0.6091979836891537,-0.16312084440619648,0.15032559684613228,2
-0.35740006281263603,0.8850843330207782,0.639212445646893,-0.26554021971436714,-0.1956742251286579,-0.14350050031564496,-0.06717869689420815,-0.1730039687854583,-0.2309289440698759,0
-0.5131858177569895,0.666160123644304,0.7577761733070862,-0.5278011603346408,-0.02658844912002929,0.19485943647598522,-0.15877482447456387,-0.028341997114774718,0.18598865490406888,1
-0.49780081654701946,0.5868784332125158,0.7797456742655414,-0.5587907142382009,0.217605934129572,0.36915318880009174,-0.20483535970584732,0.03205205999055823,0.5676717371430513,2
-0.13854067350892776,-0.2013688526860003,-0.3884404123362587,-0.21961802714071382,-0.2965855797795467,-0.8562427673372455,-0.09439580066621095,0.16771512718450757,-0.17920240626956646,0
-0.29408819402917963,-0.1800530806964794,-0.28687681008208066,-0.10988870460824557,-0.2902847724952468,-0.7778799494358927,-0.1371646979953561,0.14445963115001997,-0.2199196165597385,1
-0.471953420151899,-0.3976261552078266,-0.033075789941549194,-0.07804046020507302,0.23437898224335077,-0.3733032249767105,-0.34390686878947674,-0.00847069469390463,-0.08046902620862119,2
-0.2053513856060225,0.8809615133705423,0.5463888331889646,-0.21450127526170668,-0.08946290497397967,-0.2146191181002269,0.0016439780585373008,-0.028439555162552282,-0.26882623863087995,0
-0.33509399924409483,0.7034144425982052,0.4948908086086694,-0.20835360700778308,-0.18787191695628427,-0.27664986055217783,-0.1039249192527586,-0.13759376353756933,-0.2799099318111659,1
-0.40792408112897655,0.5656633273671229,0.6414978230052033,-0.3809620089565993,0.009062666605877552,-0.0011744792532660654,-0.1683640921797521,-0.09580896521698132,0.15543450990725574,2
0.07455681163538078,-0.1612399726843923,-0.86785202561756,-0.3118144480487503,-0.5935777778841165,-1.035249264483106,-0.06621932606875919,0.4229017218407648,-0.16021270302998789,0
-0.17576956597187787,-0.1285129945055743,-0.5506395333417531,-0.19574629082611542,-0.45239231323731316,-0.9146148739707158,-0.10781988316510087,0.33417726529490344,-0.2836263582056498,1
-0.466818524101572,-0.4755915823964263,-0.12023990410844873,-0.13381761674618897,0.377615211611493,-0.3662690775775462,-0.2787139641557172,0.07109321404060204,-0.11532829865784022,2
-0.1825966955460769,0.9460911224899515,0.5724269321415864,-0.18604872923523788,-0.16660546992328423,-0.2417693863469566,-0.02197643016108739,-0.06438942315828415,-0.42529498704099117,0
-0.3547633732454196,0.7122618301359479,0.5543907493623996,-0.24419748692026821,-0.20751565894420196,-0.2162360919420436,-0.12514686499379943,-0.17180664893923459,-0.2531686730611284,1
-0.4553859631037698,0.55126297756991,0.5802891894587351,-0.328719364759622,-0.12532656870701822,-0.04361247128753195,-0.20980884332598695,-0.23700482959706184,0.035197014313890634,2
-0.18521281537810008,-0.1844685408864307,-0.5581244800049289,-0.11791190292113735,-0.5007660957279767,-0.9715298718165789,-0.01463434936288532,0.28280045963088346,-0.15664074547558468,0
-0.3851378577747895,-0.25373574366847024,-0.33329767428590396,-0.013634987165488858,-0.4214105329651908,-0.8374881041180827,-0.049449868040863945,0.2332350276039009,-0.24494526043158782,1
-0.5140597917288305,-0.441627050077887,-0.07919569333689626,-0.0006240946201563518,0.12650532948533144,-0.37467064163002395,-0.27013770154230043,0.03697416603928298,-0.14124096746466128,2
-0.3846799710776152,0.9690064023585596,0.5757426135355015,-0.1695074622824511,-0.28183441212208993,-0.20677431822494213,-0.04281772378368373,-0.2680706586897824,-0.3752906211567149,0
-0.4933235414159147,0.7668710619149662,0.6298727413432893,-0.3141651225208889,-0.27781122128438673,-0.05701769588152141,-0.13368855068893593,-0.26282287715776476,-0.1358005905538724,1
-0.5230014514653416,0.6541868632509185,0.7240280374240726,-0.4650140491906024,-0.03846138379457901,0.22987269680760805,-0.21895512643522083,-0.1356605199918286,0.31444668268502485,2
-0.09533098564563529,-0.16542862457272633,-0.49389351618942035,-0.21801654416619334,-0.43654824268398656,-0.9287866931345513,-0.08360821530578788,0.23864285632519247,-0.21079453540015677,0
-0.3571762843276339,-0.18381016345472545,-0.2749070732085445,-0.042150081291429706,-0.39487271522775125,-0.7790940868973307,-0.09752999587687247,0.14976276396539534,-0.26591311508937815,1
-0.5293913666201108,-0.4418561886736118,-0.05827692071794045,0.017326906232586137,0.137747199223233,-0.3315703706567785,-0.3112776862102529,0.040848082379026415,-0.12475571514041198,2
-0.23107424582029149,1.2082651081148534,0.6165947936674352,-0.10574550223566791,-0.14656675128343685,-0.22172430521849987,0.03871008366578091,-0.011924893657163127,-0.4688050947538535,0
-0.40499331640737424,0.9868973204323881,0.6095350807118501,-0.19248539844834772,-0.28390655664597264,-0.2238283799831948,-0.06665033694729515,-0.18632686116142322,-0.3923968911857815,1
-0.4901399127845152,0.7799304440028676,0.7831012412104772,-0.46459662826345105,-0.06718561878868862,0.17121371194144344,-0.18911677494227527,-0.09777222087645093,0.26251754348992434,2
-0.4891417666948725,-0.42835185896580763,-0.1831019680304628,0.10609417555269271,-0.36160447403821333,-0.6856785070413367,-0.028768618732057643,0.16629446156860295,-0.23519449426529157,0
-0.5473766695219974,-0.48411141580851336,-0.08297780256863838,0.12552860127761908,-0.02150554313656273,-0.40093776547915966,-0.16945014457944535,0.04100010106407278,-0.14320327949250353,1
-0.5526513196075418,-0.6144069718213678,0.010964149017831933,0.10819396594867452,0.40141947308396647,-0.12340927460123507,-0.5581625057548103,-0.051126062121964716,-0.062006485572887446,2
-0.2986096701640824,0.6805206393699017,0.4032300217483327,-0.13069917920084423,-0.25175516971747514,-0.3131574266623542,-0.07813183427794337,-0.2903058644618643,-0.3336140133054558,0
-0.24488323303614776,0.5550316042592348,0.14886933402455027,0.03092669778856954,-0.4092754532745722,-0.5486471343347136,-0.11118293702299098,-0.2964172219429913,-0.5544677604761422,1
-0.4321921333503366,0.15682484037167613,0.37386543061116684,-0.20815787578476344,-0.10505218098556056,-0.13304039889493188,-0.35097257544575444,-0.38865628063671454,0.01674506443485641,2
-0.43917572279293876,-0.5004436858085857,-0.5161244539586637,0.12537660018815178,-0.5392328991384526,-0.9691157713976952,0.24799946553780405,0.4399771249892545,-0.007000789993745791,0
-0.5325392298498449,-0.5013416546289386,-0.19520758164860028,0.1662792101423872,-0.32018564883988987,-0.5647026362847911,0.006221979779111066,0.20110382133919094,-0.23387309063431638,1
-0.5704484972273934,-0.7261260460437824,-0.09662197800351173,0.15585063104358604,0.4544432148609869,-0.10794143326563978,-0.45610646274542394,0.06978033522697216,-0.09454338175272345,2
-0.26621375372479855,0.6382159297831406,0.306636236149542,-0.1788418370328499,-0.26751004727704775,-0.22150470677231376,-0.07405975240959961,-0.3035799358567063,-0.3885108949370364,0
-0.5182777169878545,0.042582064802259526,0.4338634909078688,-0.31172064115839326,0.3337224793000025,0.32467032639100957,-0.44218163494160534,-0.3651966728598873,0.45273639616115097,2
-0.42226746536278575,-0.4120994238899728,-0.4477548784267443,0.1241042139792189,-0.6558577830660677,-0.8589484684629877,0.18845763894056672,0.3596287412721235,-0.17367550625139186,0
-0.5541345484697164,-0.21164800483545182,0.09493288534020532,0.10868288875447923,-0.43970115756185363,-0.019893765859013292,0.04767891051456441,-0.4506303960779283,-0.13551248852562664,1
-0.22134221784875927,-0.2904341628864851,-1.1074203698019165,0.11263719559387984,-0.5532626105871921,-1.154422485629086,0.457714990310026,0.41309808224297573,0.6673368102107278,0
-0.6518472588660006,-1.0085864938104712,-0.13904369135828065,0.5208326362237714,0.3208789675522071,0.319266039807886,-0.2126863608867027,0.09374271847124138,-0.04802737960584998,1
-0.6460215285749041,-0.9715352024385668,-0.14058189719572795,0.501859968072521,0.2112999427740627,0.24776085395400965,-0.07645693411750634,0.09103313414641026,-0.10824977409037867,2
-0.43690215954502193,0.2956543585372161,0.21111444198307516,-0.10065937560726188,-0.4011096860915706,-0.18442817626475577,-0.03914389966665812,-0.5190409784971107,-0.24378192521086747,0
-0.5140986781398865,0.1297120340065674,0.24822140997765677,-0.07471803093318016,-0.39857806706426185,-0.10147203858666612,-0.08267454637169042,-0.5351905816778759,-0.16641145825594914,1
-0.5046720734774911,0.1383609372022651,0.20900911394035826,-0.04052540240941705,-0.23270977450743607,-0.03445236397603451,-0.07428314147997249,-0.5366564514646263,0.05636866931699789,2
-0.5728630591368203,-0.5622481450834471,-0.1498692180156327,0.3044537620888309,-0.4129602490233644,-0.33106865943908637,0.11589991834047195,0.05404167100998937,-0.1277996358790129,0
-0.6007965950659664,-0.6151157493923952,-0.08431192077206606,0.3719982728964803,-0.373750203897693,-0.15712131074443947,0.05664340066703474,0.05662443983025832,-0.15384236354411995,1
-0.6457632729524412,-0.8645260970932208,-0.013299390676159942,0.34021090278882604,0.6391590560597624,0.4123207003094142,-0.601076033035783,-0.08915095533926384,0.06590449125180257,2
-0.5216226414456502,0.4415761033113374,0.448744366371064,-0.20366549751355148,-0.3490256196035273,0.0015164801024662802,-0.1140982058798912,-0.519389474617176,-0.06699096703489804,0
-0.5303814987066264,0.2560337710069193,0.3403171440891405,-0.12244637016085874,-0.3441847177671532,-0.06106190082589861,-0.11724060330986855,-0.4856764700420119,-0.09173870431611686,1
-0.6142553371680389,-0.09560524429719548,0.4693706198248177,-0.2517728795067069,0.5768937568880824,0.7981222136114757,-0.6178229557604296,-0.4886636549620943,0.809369876790777,2
-0.40734333702180686,-0.8658313978208158,-1.3591345886525523,0.5337065789176226,-1.4577362411981307,-1.4149777801635122,1.2798695585894015,1.3469277245224176,0.727308778194243,0
-0.6495099948041095,-0.9879473799960414,-0.27467341871982076,0.7183267832624564,-0.6955649461379122,-0.13283835375686764,0.4877525877278406,0.5826074998849877,-0.22780462956909725,1
-0.6940281519501236,-1.152334773921358,-0.10539906477190454,0.6427912592339803,0.5304464057856146,0.608809253494842,-0.3799832409134564,0.17896260913752915,0.08102810631022313,2
-0.29036504597044344,1.7453785899328798,0.8318189156393797,-0.021875440024036356,-0.21565231551544436,-0.058523641936875016,0.09748295478506705,-0.13182636089697924,-0.6375066097542612,0
-0.43811348964694696,1.2143497807387873,0.5888120301735958,-0.1021672786307561,-0.4905332376458793,-0.1618149614886368,-0.01680972811991882,-0.3914821272908213,-0.7054507478897303,1
-0.5383892366953695,0.7324909859251288,0.6624393633612656,-0.33241133370136916,-0.3226760142403112,0.21508866233131982,-0.13026812992959455,-0.4363301924548467,0.11040628131110858,2
-0.48281138473017626,-0.7804434027572299,-0.6009663347797864,0.04889016663633203,-0.20777610627214507,-0.9311999719509814,0.04462303034896834,0.7264243280738661,-0.18166437023134668,0
-0.5433354964745205,-0.6806338273022726,-0.4390518087446401,0.24146715606124183,-0.4542637457037407,-0.849980188700727,0.2028811680141949,0.6384286784726759,-0.2035136744616995,1
-0.6374929884425202,-1.001062646809122,-0.19519847067064214,0.34829710874743086,0.7007347312108266,0.03818550463238627,-0.46908466721020975,0.33717372070686097,-0.10593551290746733,2
0.1554665001218775,1.87987665726903,0.34853625121871784,0.6028750943647821,0.013544784861903875,-0.33823094268314535,0.14120514852519828,-0.16993289047710763,-0.9060242843746912,0
-0.16565818836085439,1.402293163781028,0.5056631506049837,0.06586482804114707,-0.26682733792140423,-0.2535967568453251,-0.028299318505872886,-0.13486130431988935,-0.8512363513002035,1
-0.3408249960683225,0.9246923707998438,0.49351957958097176,-0.17261196689654906,-0.23028259874948107,-0.12848700783070247,-0.07381287193396041,-0.19426142784400924,-0.3103016258706237,2
-0.4928992088226097,-0.5224685854926626,-0.38629226229276326,0.03963623169133186,-0.2047567359407437,-0.8372105042293527,0.02114255504934076,0.44124363968870123,-0.1693601850727687,0
-0.5633772525062337,-0.6889419378722806,-0.319873182766954,0.2565720648152077,-0.22794901080756785,-0.6164440987840684,0.023817936186437898,0.47166890448900645,-0.1628732789067931,1
-0.6440435726181071,-0.9735500544720351,-0.1230212544615773,0.27800580986407586,0.9791096189294408,0.19194223895789284,-0.641755795051182,0.21811606411355985,-0.040692732307965544,2
0.22364828926644403,1.8956775477725047,0.508188152704016,0.5178272848879675,0.06568537111614518,-0.262927773939834,0.1356534694978431,0.021559809303718338,-0.851407602367237,0
-0.3353797670600783,0.9936239554990756,0.584035110930187,-0.206251530687104,-0.2690374495613192,-0.1908460205514741,-0.10167584610369751,-0.15079687982228465,-0.4512251453283989,1
-0.3342578688295077,0.7998903451813779,0.4592884153136816,-0.18881246010868089,-0.17876108344637157,-0.20025985121550685,-0.0982118445176422,-0.1484757146602497,-0.25238532234945676,2
-0.5107523949746301,-0.6277058992205102,-0.4642782528534093,0.22430474729409966,-0.4858466496669778,-0.7899091068258529,0.22823570752500916,0.5267537985520717,-0.07418154651073723,0
-0.5763174369301552,-0.626904432027437,-0.23829166031138965,0.332311428613963,-0.45739650009116195,-0.543558105749366,0.1550841805194754,0.3542616808183585,-0.21197190321598275,1
-0.6210297614066483,-0.7787479767342953,-0.06469445217767843,0.24438199298523422,0.559465359120126,0.08702060763810299,-0.4543428797591905,0.1058934543653233,-0.032132622684059926,2
1.9420540299070557,1.3481369156310978,-1.489652663647804,0.7998951898705974,-0.1320478019964626,-0.7191612048569894,-0.2804105432605978,0.017566091701118315,-0.1815979018608484,0
-0.0929273949296006,1.0136614338680077,0.4643462954195738,-0.07060535015519553,-0.23477425397468857,-0.3668318994571491,-0.08926606705325893,-0.046380454835674406,-0.688826278244163,1
-0.02352955928184914,0.7954399125263664,0.11050994268523115,0.08896007590342901,-0.02877142133097337,-0.5130068602346178,-0.040511296628451106,-0.12032848525146632,-0.1549624614991745,2
0.12207459122419152,-0.15205880416686468,-1.4776055048571684,-0.23340666237480887,-0.5302769047047828,-1.3896125421371734,0.2780158069124026,0.546637447739502,0.7135357229150985,0
-0.5734964333514232,-0.6663868930301206,-0.24578117767919916,0.2623393459642675,-0.2174433997999409,-0.5233373112633222,0.01491589570123132,0.3713433963525624,-0.22314619570109653,1
-0.6174228001931455,-0.8412506322390255,-0.11253863246872992,0.18326632419536587,0.8191561256244866,0.03295516390277634,-0.5274618449638498,0.17331030001466802,-0.08154662650144984,2
5.91234853997056,2.4368980687691186,-0.9718398861865227,1.5643549746509047,0.014359513045321858,1.0037620041022313,-0.8559094583019097,0.913461002206373,-2.6012483729936737,0
-0.32814337251675635,0.9530766115818513,0.5192064034898198,-0.19335425623044764,-0.24248749278134607,-0.21892843341202614,-0.0746840697897517,-0.10952364385647369,-0.45196425331081397,1
-0.33602483731292093,0.69162678450122,0.547332718528434,-0.366122485220195,-0.033853843968870714,-0.08379066241355712,-0.12351985072191911,0.053355321152591825,-0.07939638265112504,2
-0.6384611046740252,-0.7439219588737859,-0.037370029981150056,0.5459330071043268,-0.4584787700232149,0.24139952333383055,0.19366461466657844,-0.08896294677654736,-0.03218856876637944,0
-0.6733262489114477,-1.0385593132903395,-0.1437355473598195,0.6649392295413865,-0.07274366669101595,0.232786708376064,0.09361101444899825,0.2165566552211951,-0.17866896873092622,1
-0.7402545246076627,-1.3912366436031933,-0.08935588310563945,0.6023517270706551,1.3971348841257996,0.8872898297421422,-0.7848534538423256,0.03705179442754672,0.09547761169159266,2
-0.24791898598198137,1.1826070793746561,0.8783661087922726,-0.3323422612554912,-0.10142420580789145,-0.030519098946760168,0.055789618072223206,0.12387436329365113,-0.2055826209122337,0
-0.3633897670409668,1.084962943735033,0.7412432128253981,-0.28087681655867497,-0.24631755685094273,-0.10480955097717796,-0.034197748765685355,-0.1012519851706812,-0.34995734934950906,1
-0.4322880927911603,0.8134513207250171,0.6663036956384888,-0.31655009280343294,-0.17973468148524566,-0.03773137788403371,-0.1357105275540294,-0.1971205814574118,-0.04630146155462126,2
-0.6290398130288504,-1.0930341458117194,-0.29638230353443373,0.3704524384134774,0.4950164432427312,0.0019421800535094208,0.20254125157226407,0.25760938379878534,-0.27555630387286634,0
-0.6213555939082692,-0.9130354078587919,-0.1839614562901684,0.34078843390507835,0.3913414524501412,-0.076006166497203,-0.15938309315155047,0.20231123577772372,-0.21349272438025022,1
-0.6305106500674411,-0.9412604236015908,-0.10762783209693459,0.26215449211417097,0.9165194695330592,0.1600705492172988,-0.5532128926607648,0.06671006078188399,-0.043683993999622424,2
-0.43910944465240087,0.9948775789195119,0.7637647902630997,-0.33996211313092817,-0.3122376399111488,0.08839454591835805,-0.0432647256408324,-0.35221300614011586,-0.14024192491162482,0
-0.5103864601034063,0.9833448392717498,0.8322721937887159,-0.42069898269948525,-0.3137759936255374,0.17432292949309533,-0.07338038680006437,-0.3338618849327251,0.03650112203833981,1
-0.4197610435484088,0.8218284413137611,0.7202273898227486,-0.30730372168184095,-0.19550415534890447,-0.005127803903004066,-0.1627440790132832,-0.3180320786561034,0.028577402929899784,2
-0.6619144810069449,-1.0983173499542582,-0.27346471539877193,0.7949366735394672,-0.5389371879931001,0.1751210915754159,0.5557704732207247,0.44835515214647315,-0.09079678445869682,0
-0.6990803963399697,-1.1428621857972168,-0.12051309728246652,0.7982694925442072,-0.09568830063736017,0.5854844796189944,0.10487164502840089,0.11671383476019673,-0.06594722342786535,1
-0.7458839767044785,-1.3543892782142937,-0.035660543882784446,0.6480008132537678,1.2337285479369189,1.119952507553514,-0.7383124735366436,-0.12985405330872865,0.2777379114860623,2
2.32432940143327,3.213819601390896,-2.178862673641485,2.9878194227804036,1.04651067043138,-0.39208749771861234,0.43903470677647616,-0.8165253723410921,0.012082891455735724,0
-0.5820472565319819,0.7350719979039094,0.7543873046521627,-0.32818246549814684,-0.48545152336124037,0.4193150686904591,-0.1428560073244261,-0.8722854157606645,0.29202295319562765,1
-0.5827252934194738,0.5510762990524855,0.7115424826080501,-0.3997237330040957,-0.22754744603073804,0.4224053207666623,-0.290640317726868,-0.583900518176722,0.4148141928439537,2
-0.5700527033180713,-0.6517628240726845,-0.16303167817014544,0.2045897409942845,0.06928243199473058,-0.3553184616690701,-0.1232192146831312,0.13401814758753733,-0.11463395378622779,0
-0.6080604825707958,-0.7277215386262819,-0.10527482789240303,0.3042532294091822,0.1135775346190012,-0.1434040561775767,-0.15512442681234748,0.08200040230024676,-0.1648313721371565,1
-0.6436148390199286,-0.8548546732965785,-0.012713686237887732,0.27875919794174087,0.7992887953661416,0.34995850206668716,-0.5756811893379334,-0.08584382406997049,0.07869888926181746,2
1.1870222425846988,2.739397411088696,-1.2271710382165455,2.4067881357076923,0.9358951189499556,-0.6704233690721527,0.6449541528859096,-0.8475741331408735,0.13219551949387875,0
-0.5981544296145809,0.7549857933900961,0.8081682403080108,-0.34334155357833684,-0.5456235129369708,0.5227327200098513,-0.17781512912181718,-1.0182187840690264,0.38888045499046286,1
-0.563436275446697,0.7779032391114631,0.7250864897712472,-0.3352564932917555,-0.4456648680764397,0.22340240549859963,-0.13061116577010784,-0.6334369811282843,0.07665205147563539,2
-0.5763933958977787,-0.9333027512681887,-0.4795899393782489,0.46480335390408395,-0.3769530720494105,-0.3938216649268598,0.5028265486702993,0.506192677766358,0.07809793019679892,0
-0.674746779155349,-1.0769791954800774,-0.16132811017100054,0.7023688859068712,-0.09359788348864256,0.3209125164493499,0.1568042304587729,0.19036155408096206,-0.12445976982341352,1
-0.6614294452478352,-0.9403000395238372,-0.036023527242453564,0.4599367738636638,0.48855200461930487,0.47770296798724876,-0.38997697312478974,-0.0714274174883493,0.05790724126481598,2
-0.5397515379561839,0.8950603354983441,0.8273209632306517,-0.4117862525448642,-0.35751807819541254,0.3776757262639911,-0.07791447509253267,-0.6050422569932231,0.264011176137672,0
-0.5500268020361422,0.8294933264643933,0.8246051134638246,-0.4788216529033177,-0.2332270439921339,0.37890128786600935,-0.12628088815357053,-0.3832280976086127,0.34166746988835633,1
-0.5625920412495844,0.7360820476033243,0.7505000565174554,-0.39204901141250437,-0.31660967666478823,0.33715461828731796,-0.18431813523849994,-0.5661893401575201,0.2925918042209319,2
