0,1,2,3,4,5,6,7,8,9,class_numeric
-17.563499260772875,11.109074389942094,21.202073679462895,3.1776684427743707,6.031921813573985,-1.9588425691320788,-3.8175021687121617,-4.31854976215546,-2.190231824853707,0.8090065368896848,0
-22.091399569066095,5.439413959233537,25.40306687423463,6.929193862340375,5.4773922342803045,1.4868151691362252,1.4190653758401544,1.3169535150456062,1.403930082307385,-1.0374119630236578,1
28.940700543590008,1.5644181068283338,4.823773270598711,0.9859268897249247,0.4944452285952497,-5.2554906952889135,5.467512732355753,-10.63059501503035,5.384714491412683,0.8126907895288893,0
19.048297324650335,-19.78198045655481,27.956649938356968,-1.2958778178016321,9.412529217799396,-0.2132981757099226,10.142423175490926,-1.0317264631078,-2.066991802383183,3.3120438603127313,1
-16.620362529650937,9.516676694192977,16.481591253820962,5.681018728499132,2.8306059182504604,0.10497294866415553,-2.494970528170191,-7.595951257096949,-1.9035902267851308,-1.4781754418224653,0
-22.223949483336167,4.625517712151583,19.128024058068434,8.593446599123439,2.778123911944773,3.060691298986972,1.5939998000726365,0.1777313567216796,2.039589132256832,-1.2155889906081814,1
34.5484470231844,-7.944945260378863,12.045683013705453,-0.2545724356682239,4.745878903033301,1.0258472591808374,4.381825793760717,-9.435588755480515,-0.2707509944843492,1.443674923402394,0
23.36947705643139,-20.462908257060437,28.765477416175855,2.572063423105297,2.618496796286208,2.193499481772298,6.762030189826098,1.0999725243380947,2.660599616654969,-1.8226453804804004,1
-14.101176495971593,9.522367193042708,17.550079092296638,5.146805794895206,2.977006342913549,-1.2899452677894767,-3.064300970661575,-5.064134364888805,-2.188937141603506,-0.27493035824667905,0
-21.23515657723701,1.175880319323272,22.41713508410708,6.168633240628189,6.794206833201089,0.5018682974306388,1.6064518519466682,1.1670484733473456,1.3609298719344305,1.2244996451790344,1
28.309069380158473,-7.332965014466647,8.293998428798409,8.345888335522586,-4.631404001830835,-5.586100651170133,3.3884663227542045,-9.193190402003742,0.5213369190011616,-0.434148199447514,0
20.768486810163544,-22.8708589093885,35.37220688328546,-3.872366886217746,13.707257018679966,1.695635081802721,11.299502678045112,-0.43999954141380243,-3.696288223381399,1.6087446510851926,1
-16.31915866957766,8.257760116925668,19.06203837257222,3.7232314673985254,5.0962725821327615,-2.6605818379433024,-4.13059480750944,-4.135706385250289,-1.352172012405823,1.5770797789212776,0
-21.828705322948117,-1.0054518640690548,23.661365073618665,6.10946735337674,7.2331706948528725,-0.8054556411050813,1.1858871203983734,1.0138902208070695,2.30786273861428,1.0519873457817819,1
31.965368315546062,-7.316925501080191,7.345916053401628,8.17288958456555,-4.9238420786590815,-2.417391213228558,4.011108133310973,-9.41342549923954,-1.645246781463592,-1.625723126538884,0
24.13370708287111,-19.589475473994998,24.50873199880498,3.0659656705760914,4.836344092626195,1.4701240248259508,7.425234734668031,-2.240846979313905,0.32084164708405033,-0.19727455037046304,1
-17.07970462338638,5.884414255845811,19.267973384335214,1.6078117126947309,7.721495689568856,-2.741662685229823,-4.64357226517836,-3.479685836188428,-0.585544534099756,3.7265111559961874,0
-23.27590662147475,-2.0879914229585275,22.663841841778304,6.838754119950789,6.765395330101483,1.0064766304011945,1.5523955877433089,-0.1384720628494502,2.6716789072076823,0.0774297277085187,1
32.23662159024021,-0.5803138904761368,3.3189748021916428,2.286523934625629,0.5569573194946655,2.1411415807014254,1.885579734813841,-11.432458086293716,-1.4974244318604655,4.241004757676396,0
22.422286325460824,-14.295791370041764,14.005496094816305,2.3978502249367497,4.306754167754423,2.1989302022555672,5.928339586572347,-0.1507795704005761,0.5830399868044676,4.06112116939177,1
-9.437524238034403,4.024550258069937,2.4703596741856972,2.217545503374315,2.393001806751465,2.9859527258556287,-5.18973361340812,-5.361455080760826,-2.8608907607988896,-3.216424985137709,0
-10.01969047487527,1.6997538776600658,-8.735184567490972,5.596306289036784,5.972292858560245,7.229883906204308,0.7699216987630181,0.2942121450923669,-1.4783831522147464,2.3764076627286195,1
11.172237615515163,5.328986776004484,5.173009327494155,-8.304074993225662,3.722930282601764,0.6278987864816482,-2.8832947727034064,-7.227156725619004,1.0954530337567185,3.0415310556407795,0
5.345644665710452,-3.898883471661109,-13.983088922581201,4.181314538280054,-2.9749080588227157,7.360659446486067,5.237532137519474,-5.462828003218696,0.1309884249894713,3.764567551064629,1
-1.3269524484165556,11.669415516066115,1.8900298463096672,-2.871873516753543,1.7420132770365908,3.6963345156093523,-11.825754358556681,-4.881106845319717,5.210995275123784,3.5461086821473398,0
-8.630788658735879,3.020708733313443,-12.420975232371553,5.670543475286631,1.3516140428761794,10.970426756739037,-0.9571275656349167,0.9585945937544922,1.6134900982670086,1.9461768492873948,1
37.9155918824416,48.493174817304904,2.4490856293650287,1.2681960739521836,-18.250502603203035,-0.12571867099141648,-0.23319561144554227,6.3686821645858585,-4.497435755971215,1.874607007391441,0
10.008361241821401,-3.6608596644833944,-10.687854755981256,5.285146791530175,-5.344190686161607,6.1948874058775925,3.3093273477579945,-6.547176905540677,1.919306086550069,-1.062417683848356,1
4.352290467985101,25.279705078096708,3.93531355169629,-10.911568527356023,11.678393159769918,6.0057725036890135,0.060908749624378436,0.7509765770278863,6.748322051417118,-0.28788845456916884,0
-6.208549081666555,3.6922401348856826,-14.641716636852156,6.9314940780414105,4.941664130012963,8.22320233895947,0.8274996474344313,0.013386513828417509,0.6499111729924337,1.5037073711762612,1
12.371125800771727,-9.50770978298523,2.0222441012965713,0.3238853934677188,7.165686825569309,-8.893543760564157,-11.08486233339663,-0.1018180615213286,1.6334998639235658,-5.014310738360913,0
10.9205406720724,-16.567468251494084,-5.855087267857697,3.8786045186352025,10.850118225917628,2.7357482690519292,-0.2880874646282773,4.006248431501459,-2.0032488683221463,-5.586569138290607,1
17.54956847476084,32.05861844468254,8.760034033957117,-14.46545890231559,5.7180347315728435,13.573084066022814,-4.7843905986685975,11.901141781527816,6.718330210166969,-6.470949059203347,0
-8.237969324453026,4.728108476325878,-13.907413467832276,5.645605407494996,3.4502839507121386,10.944688528542152,-0.6055758773740345,0.4691009192149328,0.25332785200680447,2.2138156962005255,1
12.768076609052574,-13.814349887602248,2.7449222570980685,0.09258182759734107,8.674227476509857,-6.398780630083095,-10.369818436489831,-0.6715879812292528,0.7316528391269453,-6.309447445068113,0
11.980788753947566,-15.955401505959706,-12.601772943610921,7.387111437282038,8.264864835529531,0.027627251383172364,-1.0160476171608888,2.2766938104775516,-0.1836023194252334,-5.679767555743976,1
4.017398860818675,26.08578153726878,6.548773613503908,-11.93405271727891,12.825617933628772,6.032164530146296,0.07948121429084239,0.7667470156340034,6.32882631268281,1.0380468530023772,0
-8.17241514095166,3.788154475972426,-12.118727651725845,7.367236921087788,3.1672497676266005,7.880612958891957,-0.29918016644754564,-0.6012418150966257,-0.3779888659524916,2.6994492918998843,1
20.59217609537049,33.28145679909658,-15.244087354758731,-8.042599489930272,21.093979433824742,5.671346658621125,-2.5866295024209633,7.856528834987926,-6.327317930427905,-2.9820539241974453,0
-5.803976798818214,-6.7534578060204895,-10.67434143444264,8.487859201903873,11.156863580696188,9.190664484715017,-10.038641378611302,7.960918694838342,-0.9633948011426693,-6.031771442357038,1
2.173651626316099,30.267845195364234,-6.325534305881436,-3.014027185207895,15.562901954968332,-8.80378106627609,5.384096504560848,-0.3048003071938919,0.5949695002365698,1.7527914880191942,0
-9.034145409296968,9.24814125266513,2.007036810234519,12.066472845922835,2.2559105666801638,-8.80789059171275,2.3105382708878035,5.768212026478087,-1.1139798350269388,-3.161905847121619,1
43.75925466515281,25.95400626338885,-16.400369897938447,-11.24558067127004,11.340297596685929,0.5284492324039888,5.498671030655865,2.7493960879394423,1.843321089868072,-3.298843488544245,0
19.35110547250106,-8.803129139515818,-9.916233076216187,9.160693621579727,-0.7542190851721425,-1.7317039861039865,4.810542330316368,6.378484497500143,0.04688984131086148,-0.8505811696235707,1
-4.98156965502446,18.65126371910154,1.3357812416156358,-3.3249653101270615,12.825343594315795,-3.1045567704169224,-0.9908763782296517,-0.17905988920546714,-5.031983817252058,4.031780252836573,0
-12.34819170983551,6.825280154734366,4.141156490411875,8.780491761729554,-0.14368793266373123,-1.3550625988830112,-2.651945120685203,5.938323760113092,-0.8534070368172723,-2.472622789118719,1
27.085248399260433,4.797317219840011,-5.241992719972261,-12.9985497747488,18.56704628026522,-5.633361825173389,-1.574193146439305,-1.1552335240219467,-0.521423688312584,5.291816329734802,0
13.175189694425772,-13.588205044935796,-8.558196876441105,8.535092323341225,0.6152203556725554,-2.171246053221991,4.077270091797753,5.718969627035152,1.1364248257715448,-1.1345582223325872,1
4.279027296237064,40.05469428403218,-9.729543157710443,-7.532006131061548,9.357229436566806,-1.2613275871772809,7.9359506190211775,-4.437474368067154,5.014745437713185,-8.271765103303178,0
-15.29648335375439,2.4760761968057485,5.535768756362693,5.698792369064772,2.3024151009782003,-1.8284419698961678,0.2985037125442872,5.139384052068242,-1.2953840791543216,-1.141598231813155,1
19.535437114446513,-12.427248812492365,6.964367198738156,-1.3848668962215382,7.14344681706523,-10.60467911935791,-10.661839635978566,3.3120101001114577,-3.4063850230466386,2.4056629940366663,0
16.20165446984384,-14.454079709846214,-0.6976978820735414,9.312842656226417,3.4537666913960137,-7.083741056563099,4.602826583478161,6.1457348160993375,0.32014108580068307,-3.1622920534645576,1
-8.753943686694985,17.378397129339945,-1.4285154418862849,-2.7411461174987983,8.921581070450719,-7.652525351080824,5.080072769084042,-2.4984500447572904,-3.125071748477303,4.063792213511389,0
-15.38635436715228,4.029260494730341,4.6089256292736085,5.9467026673380445,0.43252817141768085,-5.244570557679308,4.19468265235887,3.5617678302868603,-0.6708977753806212,-1.4080360782227672,1
21.801438731932908,-11.063173505838682,1.2631134267076443,1.2645159776689896,2.3996524065671068,-8.971290245478379,-6.205230305301441,-0.9200122008906134,-3.3251218955894464,-1.9599983162593595,0
16.430226317096004,-14.775689653006511,-5.472662246590943,8.743222706515198,1.6943190121993215,-3.252887646551055,4.51664772950426,4.767242351317072,0.9190850036375604,-2.274954551265922,1
-13.792077547453843,12.392821024374578,8.382244472396238,0.2819729990459484,1.8041782615738942,-0.6638264098017131,-0.6532431797236418,-5.193821929160399,-6.722421273739549,-2.6468141606887468,0
-14.73975951879653,7.727737179381374,2.960135242600507,6.28574129192689,-1.6849453911589958,-1.440509489024631,2.152435787661873,2.933959336090086,-1.1193251084179203,-0.43990212678310797,1
39.04974792491532,17.960237450246318,-13.977343594360123,-12.346160431359413,12.599289010694234,0.3708597776651979,3.473309514110164,-0.4235300611736548,4.7825003881703525,-3.4827230676768486,0
12.055121175637726,-12.742915785968162,-6.128377215175609,5.707749079658691,2.3909672922270215,-2.798857853152122,1.3839605936922534,5.4590691535018685,0.7006446965414044,-0.0586760463874486,1
-19.6876117836657,5.951142186374669,7.91281836111578,-1.4582550659294498,-5.922140798885621,0.23232514051175912,3.3427476427501746,-4.994527100216313,1.132401302653193,2.1237248476396835,0
-21.384854850520945,3.9783792534296496,5.548068203113454,1.4677701143144763,-7.565602988873749,3.2945221452264004,4.870537376113136,-2.797935196649073,2.0136952122419918,2.4896328594614987,1
10.663115131596314,28.664953287658182,7.8240183705160975,-9.743251299515519,-11.134191605989193,3.701851016600164,4.68657759645966,6.346765295282448,-10.289576310908798,4.257981074509974,0
-8.307143453668658,-19.199893117060046,0.17947181843389864,-7.909108813143607,-4.216348110216093,2.3172231666570267,1.4089594867923285,0.06734929218012493,2.4578464487227314,0.3492403577412179,1
-19.931409818410632,6.601356059929731,5.993731982150105,-4.838984248518078,-7.22349873324885,0.21590147196836024,0.5757876091980225,-4.735059768985009,5.056076410545209,2.352549865792231,0
-24.119105705460985,0.2380867373006074,8.421158006802722,-1.6682421990842782,-4.517257077278673,3.2180404985104474,6.192885916846829,-1.1823782521056714,0.9968620922866865,2.2689124043543067,1
10.149462648115229,31.313822912140143,12.253217180965228,-11.162884865691561,-10.178776114016106,5.944714601412909,7.253645386526625,5.07641845563294,-11.804136745136592,0.9165373803627902,0
-9.875295895153528,-20.157206643781105,-2.2722751690739056,-7.499643204450049,-4.106856426512117,3.0637357879795357,3.604712991738133,0.7551466492335431,2.4451477802748727,0.7875595798930097,1
0.6772612850151419,20.75579083641399,38.51386003169319,-8.084234784639815,-9.55225319523108,7.727761639555991,10.485825603910184,-4.991847444816233,-20.30191560069599,-16.77963676934349,0
-20.14773478050753,3.6649622515606546,12.657359772792038,-5.5139522111154315,-8.573008188342612,2.0628635720403565,7.390435778372872,-0.4182481126927519,2.7911871745166454,-2.344666345763324,1
-7.2992503301207305,-19.396593566757133,7.098806455150221,-11.23453219087135,-5.229832517420997,-1.8385381347635008,-4.026865394226914,-1.8180598929930971,2.078378981202115,0.8345071001140693,0
-5.295585037294227,-7.560000838776992,1.3870430442128774,-14.575941046718846,-1.434042045639827,4.298744521316905,6.203570658120828,0.45945380348682,14.677632112801751,-5.718552942540959,1
-15.036422719184685,6.757852329923831,16.49822601865347,-13.134344610881447,-5.522279629905573,-0.8226436487981879,2.4701242901616016,-2.7571004501424157,18.849663490004602,-12.218424219143815,0
-28.079597504010305,-6.574351253422333,10.648590924698627,-6.198686690507271,-2.134652484685427,1.620271716938868,4.873341989388264,2.1493247184029434,1.2494304012597288,1.6134109967183512,1
-5.891532856255603,-17.121449098756507,9.601281061501606,-12.256647815996471,-2.273128296506663,-0.3086043789815829,-3.44606812716969,-2.2847151890876685,-0.5386295669839507,0.6963511253109138,0
-9.49053979814207,-16.34876927394077,1.7443471595803983,-6.575696130039463,-4.894621390899068,2.88144483335158,2.2277717979078573,3.80109299243427,0.9836199762216863,1.1927141636816334,1
-26.275528916817525,-1.5482219449595829,6.818419857313068,-8.152916147240163,-4.556619682178748,-4.603203062759415,2.278441230319616,-3.241754371152307,2.1389406708990006,1.228432021073009,0
-28.41446991946355,-5.6505329045470125,7.306858766436892,-6.341975870303865,-2.7135310306896883,1.1756903101440979,6.962773507251366,0.8250938951540205,0.4860869711305082,1.6502129005658195,1
-7.56689094090757,-16.425334183348536,7.204620713855044,-15.10910297702641,-1.6636338505034753,-0.6136562764045778,-4.224391790278803,-1.4148842322579085,3.97436413647121,-1.000628942224309,0
-10.610784920565846,-19.274774903258248,-0.86754748993722,-6.44167728791193,-3.6979642340318515,2.7242222094650317,1.6208101250285556,2.260744847011392,0.9761459454168144,0.24802029036008252,1
4.219877732799359,31.988505507124806,20.047257771984356,-3.3662796957196286,-11.805581362224517,-4.6605822618889166,-7.46579644917835,7.04456199719897,0.48978840485143255,-0.45291621431415124,0
-14.450594530669832,1.3305152728576228,6.607478315428992,3.317738773387949,-2.2198190938615,-2.0766314402215524,-1.065589309987309,4.294280246668665,0.8737989076964924,4.166253215222655,1
13.876102474856113,29.65761428389499,8.310527891606073,-4.1293915301222315,-11.342388375211915,-2.2413415906988745,-5.478348582164742,6.260455762067918,1.8770365349344522,0.2987549977339076,0
-3.124095550445234,-6.644135568102768,6.242984766763173,2.2164839061320043,-5.3288029240624954,-1.7638333523145766,-1.4862346171304825,2.84686008963047,1.9140859999240314,2.2899610366956384,1
8.596568583430036,34.679936986232974,4.534936113210222,-1.3244132073983539,-11.677430864641346,-2.754507135656744,-4.520543669139788,4.782758429298158,3.2310099259016534,0.6106700819338897,0
13.671546099129399,27.75943395087079,3.081897619358493,-4.275513845669722,-9.258237895471241,-1.486620420539818,-4.631791007605522,4.593520904112122,3.231443002138787,-0.5496242110180805,0
0.5410150820555945,-6.85556176539767,-1.2865411161417601,2.897683463481746,-8.672871520907115,1.5865807473565532,-5.076507759235177,0.18379390862308256,4.530774481437778,0.19326244848071902,1
18.50976095254596,42.08901691307823,5.774786463028044,1.9069642718706852,-12.993143828700767,1.0159868563866423,-2.2454759335837404,-1.833876031668698,-7.984011142156057,-2.4475111618001395,0
14.513612678779067,34.30512136074437,9.891234654133866,-0.08342167210104443,-16.406037711550443,-3.217530285254848,-7.144399526366426,9.19195331758738,0.2211315049958482,4.140229500332507,0
-3.075659289047134,-8.990826959423176,8.56961672711967,2.0768584534194803,-5.508700757108172,-3.7641981044492745,-2.0937799567047284,2.335249612798266,2.320411557901245,1.6242208633593154,1
-3.4479800543868526,16.356055177122197,5.860486654624636,-4.913202648386137,0.5858628540520469,-2.7765280366796405,-1.7310205069564089,0.4015265946752731,3.643563396565716,0.7728261651465056,0
12.090497543593404,21.065327281642897,5.499933663757173,-9.203161604967992,-1.5749432774345382,-1.8657087931486178,-1.0173873626069716,4.118896978123832,3.4386979703914613,-0.62312810258317,0
-0.21530609832606365,-6.1033800412809205,-2.7731157140305855,3.7794403539177375,-8.075345298804695,2.738053777655738,-2.7440195584899443,0.6895514102826922,2.884675990791902,0.356726075002564,1
-4.602403900737625,12.148430492170348,8.130414028009785,-9.360914434554434,7.694423743767138,-1.2570159742151297,-2.288760727250854,2.219374140987602,1.6690319534935079,6.034362690981717,0
-13.562411966025866,0.6542606842510214,5.9781042555027515,1.6887242110468335,-1.4387416927235208,0.20384120919078008,-5.915192844244726,4.7116889434966085,3.215884525291313,3.0358577318168303,1
5.994492155417199,5.724249075735209,9.917872554578473,-9.441551625283084,2.9256725805593975,-3.2540701677530093,-1.0534360009071908,-0.8147801158960396,2.430612633312653,2.726386193770925,0
-2.454493805498681,-9.087421751432876,6.364302751573335,1.7502107677687055,-4.375725680983772,-3.498589398679986,-0.4592564864578515,3.3465658243534144,1.919840581074005,2.6362118120305116,1
15.984774437267589,36.31458856974823,-0.12003415415012993,-3.1551074493271756,-1.0511670268407334,-3.347806886196326,4.916806498327899,4.106733165413821,-0.22783959911830926,-2.9792928450655283,0
-9.029996337666908,3.8415778595201995,0.1547759422080944,8.894731230781986,-1.0138514943309047,-3.455311556448542,0.7037778308927267,0.2671199756308915,1.6050470497760494,1.2276359241081622,1
14.260434800314412,-13.438962921971898,-0.5263038801205802,6.401430281848627,-3.223037297638511,-2.5696487714988256,3.1605641136650973,0.236909327299764,1.5186260620556014,-2.000743347137125,0
6.928711871836535,-16.218782465355236,17.4741823910673,-1.1556578479762434,2.9293873942973097,-8.479346804170268,-3.6316849781493565,13.442903688244204,0.3066057221447464,8.781457292107339,1
-0.21796219659288033,15.42310778518904,3.2054804458347443,2.7027776736498716,0.43659289599101625,-8.406470936063524,-1.3576552694081618,-2.2730459196331325,5.1028515669851275,4.252943556126129,0
-8.631699525066404,5.504307213432593,4.490364625695502,8.538140241123411,-0.8402934553902267,-4.851727851712857,2.0305819028224223,1.6322693239809347,1.5208786762293616,1.8687680334981345,1
12.839828307363254,-8.806498995875257,1.7147713573749377,-1.5701726433817724,0.9261918255216307,-5.4372461996875225,-1.629629189112395,-3.1083680763025145,0.9036937969772616,2.087411451565496,0
9.459074647681902,-16.012575376610435,5.889367121776922,1.8950052275905915,0.11637135285890428,-2.0565896577274847,2.102146341544291,1.1118220068469216,0.6467284050441137,0.583204566988164,1
6.891287126506613,22.395679044124492,-7.518103865473414,11.895879015758632,-14.120673937821861,-9.939676313227249,-4.130490985109778,-5.7849273649456165,16.955776673385103,-3.302325531307899,0
-7.344775908682636,4.19671560854601,7.998137506440254,8.028311661587638,1.1025839988555322,-5.819663500055198,3.12043211118282,2.8745011076466302,1.2120196647313881,3.077704399087033,1
12.083931833847247,-11.098314973880965,2.7094248843516477,-0.029874894383619958,-1.0531481587725247,-5.274392856015781,-1.7730743095290562,-1.7763008348209701,-0.08025632474680565,1.2112448681095085,0
9.094345009010588,-16.344713411860564,6.7019646531785835,2.4124587628062164,-0.6458806395112869,-1.5713564383479623,2.356122113598462,1.9337837697022526,0.9618889865398553,-0.35929181371509755,1
-3.44118136392608,13.186093697777347,3.1308341136556304,5.765279319540345,-0.01789496698609689,-7.829270534306937,-1.2682153984376192,-4.160551915111681,1.6315408877831263,2.80278380369066,0
-6.782590997566365,5.462954843965703,5.612787193092887,10.102140442036655,-0.09174187345806852,-5.604174794213474,1.8156458606396435,2.5756619363068682,0.6900754379473786,1.4754209314708253,1
20.47514774174147,-7.370990841939185,1.3630503659361264,0.5377642207919594,-1.9749540291441454,-2.818381025373719,-1.4415143334544636,-4.13118933150234,-1.0144728169232442,0.45289130338098244,0
14.593609458974322,-12.712174345928718,4.939318625050751,3.0848859358564478,-2.0932754147448174,-0.6505636054866972,0.9870219271090245,0.6202572197305551,1.0077058381284196,-0.1373617712250485,1
18.532193894097514,38.33224071788452,4.41638582883766,-1.4705677158745991,-1.5390282982581043,-4.561652579049708,5.995744220672434,3.709315636058824,-6.027822239238368,4.711553361516151,0
-2.942710377560664,12.378198745500507,-5.726211015869604,4.46058091144451,8.065789651095027,-2.797736840760339,8.199616918566337,-1.4788193103877003,-3.4891743483024436,8.828210396231254,1
13.919898861316549,-0.0017316352881234624,2.171534758493577,-3.5690911713363613,0.26168092244118923,-5.271883139773836,-2.1996130600834913,-3.7492018502622506,3.873981807042601,0.42968372305648433,0
7.48023383105878,-13.690766711952627,4.994174977927488,0.4930711965302675,1.7007804258284496,-1.3929492379432014,0.9647249976938608,1.6110643843522767,-0.8022725316326099,0.6376109110145277,1
-17.404421674371836,4.801128108509082,-6.407376110671121,-1.8193412446682056,-0.05324572197263531,-5.36844073412337,-2.841446428020104,-1.369974147464315,-3.983622456769509,-3.798659447362419,0
-19.334205216741864,1.8245786954534244,-11.063424510874299,1.6792235632715022,0.913060988720042,-4.277016994541816,0.12395274500101666,5.460722459968584,-1.7652790423802265,-0.30160212313404483,1
6.730324448629533,-17.234713848148925,-0.30045062167018766,-5.970598313045287,-0.14746535352767884,-5.836648476314932,-8.2052872580515,3.024199453556074,-3.1727340632608514,-0.7280533797887054,0
7.153711616439907,-16.56616651463288,-6.2446992452196595,-1.598191881070976,0.9729801459813293,-1.3201000994182468,-0.3311565902255545,8.201250588940669,-1.229127637536811,0.3569986238318144,1
-27.649850745959746,-6.24716223962079,-7.996898094224946,-7.337800111752392,-1.8758475510898482,-8.329637387286033,-0.48195825495947275,-1.6936844056916474,-3.052770056311957,-4.569092808216415,0
-27.48618116457921,-4.90007264191618,-16.75325954053919,-3.4140727823264716,-0.7151404293738391,-5.635968661588747,3.5637567866626134,4.198364439997405,-1.5199969683615415,0.5674037252045595,1
9.563255215943222,-16.807304993504108,-4.63272261177048,-6.421982332326402,-0.3761413946513807,-8.26573964716591,-2.343866660077543,-0.04323860404828499,-2.6412906199308206,-1.7988386721214624,0
7.917172178022328,-17.503525474333546,-9.827767604974,-0.5104491626924079,-0.5309285651947927,-3.646793965070219,3.6618687904995415,5.264448061558456,-1.0457064957744038,-0.6763073695599082,1
-29.253440896374798,-3.030248248677358,-11.277457653728407,-10.277389557161202,-4.600108892136765,-7.326215716936447,1.1490904636045212,-2.3551446335375616,-4.294927527467951,-3.159112114610614,0
-29.80125620223384,-5.174528486639719,-17.9084506650682,-6.06432077858157,-3.3848976784898985,-5.339904635116927,6.207004161754337,3.412111892927379,-1.9269184796433687,-0.5770755554600385,1
-2.6087189725373827,-22.483642738603344,-5.51165701067916,-13.280636028919671,-4.149841201181933,-7.893837896860595,-2.605400094752846,0.5220807281727533,-3.7911514937005637,-0.45662324568339385,0
-5.447386854234078,-22.749390080503918,-12.00175568476529,-8.86323579063263,-5.104637485265833,-2.6138742722741726,4.828666873581528,4.449612867677208,-0.4063342771637292,1.1197020957079407,1
-28.925365584840158,-2.659434108729836,-11.653852061735334,-10.732670346776002,-3.9706298479550157,-7.260910190393148,1.115271781128194,-2.2557792350874335,-4.445297591549818,-2.622705342056811,0
-29.938317170327757,-5.077952892005283,-17.946870929256423,-6.085892429305402,-3.258832239177173,-4.834011389287426,6.253732780458434,3.418793484373057,-2.0324848516888894,-0.6482407947197332,1
-1.9483075191061048,-21.100029068654433,-5.291107388084384,-13.924580399065622,-3.837647639790777,-8.318667409968949,-3.1020425310755906,0.2640155706808578,-1.9484035844801475,-0.521440253743522,0
-4.249350063008799,-23.249495652091927,-12.847286997311107,-7.6183272947698875,-4.697049936174888,-2.445677108519911,4.249472210323177,4.08861254923534,-0.37644802079969625,-0.2033069734125648,1
-30.28890932240741,-6.117462362264042,-10.158320153493479,-11.615263184489198,-3.3487904192642928,-8.2429984300158,-0.03935623802778264,-0.7294008472600739,-4.110184126951216,-3.070914170156486,0
-31.03910671393808,-5.27181951088543,-19.730463733901633,-5.705763094315672,-3.709807722266169,-6.6063694091005445,5.806715898573627,3.2163026469083684,-1.6232083738688887,-0.355313890905684,1
-3.862739906223678,-24.974358624541352,-10.825313445064669,-14.85698660736734,-6.564501564997655,-4.466625579664135,-0.06726887138846309,-2.624484797430716,-3.9667899937841327,-3.132387905389703,0
-7.125451468429805,-24.21769064117117,-16.15153386850437,-10.037070557977971,-5.806004405113558,-1.156885051586912,5.447351777233886,4.0494080930850025,-0.4157022489701305,-0.37635090552173645,1
-7.5057430917436525,2.039523240097292,-4.523780389327241,4.577774475495156,0.9289812569132848,1.519027543136546,-6.6009074158164465,-1.7629468328277105,-0.15463574237995145,1.2453997769258036,0
13.302206376595986,-11.510573757922657,0.869176495396629,1.8673025709156925,-0.24809078304049723,0.7280632010428496,-6.781187686462617,-1.543312014245967,-2.0047020059676623,-0.36573961790283777,0
7.808842937003625,-17.89548370931518,10.089257977211659,7.63873063683015,-2.728019939040961,4.7047034952621924,-1.6400247069858642,2.6857006673251185,3.6251942869650495,-5.407479243575016,1
-2.5035523827198682,11.441158942331906,-5.179821186801899,6.705023164818988,-2.2305597418009118,1.3109363820257136,-5.985150507603177,-1.2002669592580015,-2.4753526545052456,0.44350001864318483,0
-3.3813625000632257,7.684946170637787,-5.560304889064006,9.356525407103932,-0.32604767713600646,1.9345164846611806,1.1291961947494165,3.753328317918738,-0.008386855591714008,0.4163990740107505,1
14.64036522342477,-7.103921151784529,2.202904286295327,1.2939886252994064,0.23664773317348023,-0.3107540931415951,-5.400597248093807,-2.401875032094033,-3.037746234389033,-1.1352250679544162,0
11.37857930322175,-8.973516591932539,-0.79763674604178,6.464190886593204,0.3815606419473518,5.393485027804577,0.8027669266843447,2.2621304817328074,0.10996570378935958,-1.2447236805607778,1
-1.4094019237865285,17.64872360065467,-11.916711992637902,9.627919894905514,-4.57524461730965,0.803785177207749,-1.4784921316493553,-4.666485733169159,-3.2220035996034397,-0.6792575865752987,0
-1.5821709036757998,11.862798669050525,-8.795565870706131,13.010428495940893,-2.0644583428978884,-1.7055033791006702,6.484382928053747,0.48446505149010344,-1.2255813429241083,0.004349726294518234,1
15.882699566986423,-7.625999247163713,-0.4541585221276584,2.5293210026526247,-3.5066877689972253,1.7617124682970597,-6.509952876139631,-4.185816033675131,-2.162046859129961,-0.7781197191439434,0
11.346015182718068,-10.403034369538426,-0.0728227397693635,5.947439523595843,-1.6368875775241511,5.4969883944855775,-0.2774699061908783,3.3411788623644725,0.5145894374555492,0.17113602096662478,1
-3.33086311893235,12.510404521267366,-11.265482857157256,7.08901637112738,-2.698581308397934,1.907093342732651,-4.178925594449342,-3.946616847555739,-1.4224639088957094,0.5558183779640467,0
-5.602441091824549,7.247617551141733,-9.212698887182636,10.672842553329968,-0.5085777938774781,2.7810428338975024,3.255289242315273,1.5714656188353502,-0.17254468914526438,1.3111174429607617,1
13.832765047307346,-11.910814581498485,-3.9723162225226623,2.255101119994012,0.5198529192843424,0.7988734188915196,-4.8776770380025685,-4.224271749067217,-2.187539516508996,-1.2046089219675808,0
9.725222933805778,-15.666472915151736,-0.3881443672824789,5.656700896914672,1.8034962405198773,2.8204982605275255,0.7267163327687615,2.3485723653687174,1.388655375969132,-0.5615742591046882,1
-1.7753813632301068,12.78463329937138,-8.7467074753818,7.925724104717278,-4.3258106752134635,1.7705404266788385,-5.888678602573298,-3.4454133488336107,-2.0661187164610153,0.905263012890587,0
-4.062379342310268,6.494729731556152,-8.373303334651807,9.548902368759421,-1.650283028985302,2.755952662679019,1.3831258923464127,2.6090023881770614,-0.03144072709885702,2.6996656270392103,1
18.057100801558164,-9.60146571252905,-2.569129098847637,3.240899049216192,0.8801216829197571,0.043609443082016995,-4.3753731069519395,-5.158150766220836,-0.9334717075912861,-1.1840265870931377,0
14.07714216948829,-13.106297314951544,-4.701726170401919,7.86850694739692,2.288954987779701,3.6514291687540714,2.4693181031041855,1.0834952461937735,0.3205418400277746,-0.10136132154535954,1
-10.329895809902679,4.005125027297885,-8.219620610755733,7.040976213624821,-0.2980782992592639,4.575990981356752,-10.459171162690588,-0.16078202770622554,-2.049161719250408,-0.45769061393283583,0
-12.161591307420874,-0.7407833982836113,-0.12538653705365355,4.769527047120919,6.335598247082745,7.757998856477395,-2.9182608200519184,4.041364815560326,-0.9393008679590468,-1.066921144991301,1
10.941641365757455,-7.152275233099384,-2.9812406532825735,-0.3269070172294188,-3.3602196536700757,1.910791845238168,-7.806041219894558,-4.167867055041039,-1.772143712537273,2.322609362673966,0
9.625086436266788,-3.0598265198512005,-12.072280277576873,6.460559802331608,-5.552999889451226,8.801197224108563,1.6541737140677029,0.8663213819156823,-0.33901117152752575,-0.18190579503663962,1
-11.35761030616399,10.509851348736202,-11.02463081507347,1.9219107124391817,3.120639675856433,3.723026785578207,-5.5594659568599,-7.218183949845362,-4.718108179668574,4.916857123926889,0
-11.980556777539459,2.5036244694682592,-6.545951573882574,7.7810301319913835,0.17725446621102026,4.638135965852948,-0.38285871940503313,1.321640346507655,-0.035257904738500566,-1.4157238972977138,1
10.823732128492127,-5.765513947524034,-2.3837531237455245,-2.217618102209261,-9.4132831640002,4.8505523630680605,-2.1136049361455793,-3.6107835163166206,-2.0051165195572636,1.8358560449389831,0
-9.2993319059466,9.267779320881226,-14.23795054457413,4.803996578434785,-3.0635688415850817,2.551404770982438,-4.044366854117712,-3.421446680604173,-2.79868758667993,1.933203659266168,0
-6.755880523169537,-7.489796138251617,-3.898069463634565,-5.135506566691301,-12.164337496597712,9.940323452542302,6.47725776938425,-3.8507154206175955,1.4094010424641201,4.510423179043746,1
-9.479302623226712,16.394648161027966,-11.422102695055331,-11.22513028701138,3.8812344267389163,3.7517248831957333,0.4012870784303199,-8.763602084634279,6.4421281199379195,8.444166832344408,0
-22.80684642496344,-2.805996047851337,6.0822710532996895,-4.044798329577614,-0.46514605283885807,4.907839580669791,-0.34376449087219324,6.654321276643092,1.1959146204695124,10.277443476411884,1
3.6452163350804616,-7.12360634253714,-4.267478184486608,-6.6472793105775345,-11.055301457790087,8.326863383195057,-1.0043418232400914,-6.088130740272211,-3.1110968942051676,6.128438715038204,0
-0.002987781426259938,-10.003597247369301,-3.2218026878842307,-2.565764187587885,-10.92599592605497,11.420271689488642,2.800389965795134,-2.0987106952251513,0.8677591669315292,3.6214129227531098,1
-14.351735295365485,-0.32174965687187745,-7.1777023692847886,-2.117658729473884,-0.7862224724273812,6.852649934945987,-6.929777740092176,-3.841298616771093,0.884545748964942,5.380899611968096,0
-15.595903042305313,-3.54676435191597,-5.222920526650529,1.8717649525125928,1.8631119419403093,3.9122557690862476,1.0123873161119852,3.150765790789005,0.4216594813736953,6.500607770186882,1
4.296833532561615,-13.704292295225027,-0.1421839218205278,-4.098600794623435,-4.7070650918119945,2.625508156945973,-3.323022504123061,-4.407636101717296,-1.5693999027476735,5.428542640583715,0
1.5024147496798204,-12.601552357173535,-1.7287783020062988,-1.1434165809650119,-3.7674078404399944,9.219832592864039,4.859864936119825,-0.4605079233685146,0.7559508973513457,3.213733238806511,1
-17.23040910091397,19.073123512533872,-22.979295875623006,-4.6926739743332595,2.821923905948831,-4.750585007782967,5.254496696604064,-12.504227011965414,1.339750517402737,-2.3812933891873294,0
-21.51382340446747,-0.3380228724533769,-10.561657457194023,6.489481730979671,1.262331577250458,-3.901360782639668,4.121813845010684,2.219558333255291,0.8345630543082151,-1.9665077111375067,1
22.670138155333106,-14.963739741506165,-6.912186124677103,1.7705658899748002,1.476063746778567,-5.348273614975268,-0.34929930061618975,-0.769482705720297,-1.6096940878727801,0.6588377733043462,0
16.055988103659956,-14.706592941956595,-11.708356253805764,5.883756055756508,-5.529286630426956,-4.173534914797046,7.712750240513883,-3.0980959110076047,1.2881681459031233,-0.9851980146909607,1
-16.056691623452767,12.572032580708184,-4.474229625447729,13.232619193499476,-0.41999088001931,-4.729422430964034,2.631939129797258,-1.5863848361304997,2.331467113893483,-4.80570752168097,0
-14.357569538840371,7.076734479692888,-8.803714962108094,12.629827820049995,3.9451623748714795,-3.020703077903749,10.17087910313485,-3.8763398538597076,-0.12990382108744813,-2.544155207594687,1
25.04286600511497,-5.87523592973271,-11.449003969165888,-1.4356582797610524,0.8434967204141556,-3.3921855022705785,-0.0025326612584270713,-1.6485525279120468,-2.2742172086152235,2.931054655381991,0
20.486317253210903,-8.984743248391602,-9.745248447392132,5.967412951470341,-4.760784125573929,-0.6222758596384564,4.396303246438904,-0.7098771904081572,0.08650316686173026,-0.5305715403372065,1
-11.42902475128814,7.889443505560607,-3.767394989709198,9.533513679436787,5.319104721627504,-6.260278773520902,-0.893512851849175,-5.622333681914547,-1.340470764543243,-3.4087138231748324,0
-15.745134624059848,5.11467203774176,-3.891780561502686,7.808295665385299,6.4263354409051825,-4.150050897006489,4.26518746160128,1.6664965011376194,0.36820988357998824,3.8036800617985076,1
26.19815220224213,-5.946096718772275,-8.022327024087698,1.7781160102203333,1.6535015360997576,-2.8510395182183808,-0.824355004499939,-0.17671690713433527,-1.6251486949036746,0.6505982398433273,0
14.988132541786948,-10.859327174938231,-3.13107438770924,5.869140244639365,-3.407683095220691,-1.1127462106922033,-0.035330742573152295,1.845311727685634,1.3051432058208436,1.188500271863004,1
-14.162944173201756,8.785293713649994,-9.334739164371216,4.654185800178591,3.527913009943196,-3.413670765525788,-0.2825958762393947,-2.2159772114430067,-0.5489505425565352,-0.1344709671712591,0
-14.709063199425415,1.6445508299963882,-9.021409900338409,7.746073414439379,4.961554819844987,0.8533024512476864,2.7523756130840975,0.3951609840259317,-0.15475629271757307,-1.8441630790866497,1
20.532292649363274,19.9843465822071,-13.343972964285463,0.7123436572974741,1.3934857354201218,-1.8733024437359442,-2.3411425233530085,2.6649577565614266,1.8679295676153755,3.4505953834561818,0
17.194565745799068,-5.5108134980212,-5.413991814727633,8.651508709938787,-2.5859908897035027,2.35634878156603,0.9470310357158349,0.750546208293226,-4.241093605152949,-1.238709666421359,1
-4.933910435692954,22.196459545821885,-11.118715645501815,0.3862921775738266,5.741505097888994,-2.708539624098074,-0.7155014066525712,-6.628955601502874,2.926385769186485,-2.696889803865629,0
-15.452510715169435,2.691644972670728,-4.168897833487092,8.873187444301017,3.397105390530832,-0.9824150652150134,3.0489762419555833,0.599235520548415,1.294308312615343,-0.7442983376927705,1
41.15547314960186,21.604354101872516,-10.133623325992502,5.168131790712222,-16.58382044119695,1.4065121609075588,-1.1022816159088347,1.079378268129449,4.6273958376188045,-7.754243636710507,0
14.629898935726308,-9.827180096433755,-2.9794099195392967,5.849430119132288,-3.4186019871867046,3.2941269588007245,2.1923804032778706,-0.8955047972017314,1.7276766873950302,1.414738742183713,1
-18.78363856447221,-8.093587019713336,-5.0249694515398815,-4.511306038117193,5.177168348842145,0.6111278034923826,-8.186589029240395,0.6911185943309877,-0.513819214326118,-3.1126766414120355,0
-23.64192160870317,-6.179388150454741,-0.8958265665200502,2.102827999641552,4.720553611099111,8.421036351865654,-0.5818860894558308,1.7641065794415145,-0.8928596199866621,-5.351791631881154,1
18.236144176219142,-12.413458452932097,4.065966726905107,1.7922261278376765,-1.8939138357893037,4.828444453159575,-7.8684976416460035,-2.5810165305907495,-1.6167914845844742,1.871202213647188,0
16.113054265969755,-14.262146898547751,-1.663906464387187,6.408242913691795,-3.2622500585675547,9.52922175695643,0.7397500643620367,-0.9482242048513599,1.7945981143710545,-2.1494937089478703,1
-22.84836862822146,2.4326972738142474,7.118324205384246,-3.546439891411534,1.2985269818345597,3.9353726236343998,-4.706188966108433,-7.217001612806479,-4.779370567474988,-9.356536445189345,0
-20.54249468911378,-0.5897385424022091,5.411209845466564,3.362942891534659,3.636059637040478,8.064554224248678,-1.2796150833445092,3.1624904609789537,0.07160646302181557,-5.831942294776679,1
13.70490757016642,-16.43685706301223,0.4908579011210354,-2.184610312897942,-5.714846519676442,2.25492685624617,-4.106779960298092,-1.6174903674956755,-1.2366111526672767,-1.959670197583553,0
12.263741439545578,-20.136773960241054,1.210278469973826,0.9947751032051105,-0.2404119731731629,6.5045220121840925,-0.38786452142810224,0.7037448487252682,0.3503061147515067,-2.607326323515324,1
-23.823775321755804,-0.5085874596339145,-6.29979954818861,-5.210510329373886,2.283079894771735,-1.7368046917319675,-3.329008603869791,-2.384913403616705,-1.9962335882119115,-2.1996980941345403,0
-25.737769658185766,-7.666054522846262,0.3855064064770626,-1.745575205463092,-0.19251668768398034,4.934449337024587,-2.6755050178332445,5.171197462287692,1.1819115727056222,0.1855508441203742,1
30.067294179720577,13.411687821497116,-19.365621997290386,-14.850632594126145,4.543601954270007,7.173766127340287,6.569136550715515,0.4259739343830598,1.0724918643422874,-0.6878846926786776,0
6.687812003604562,-22.934754800982333,0.6791590195220469,-9.071417933023453,0.6730667879148764,2.624774353906526,-4.871181877775501,0.05233267276736966,-1.1480724863768554,-0.01578361594170687,1
-15.955540769466245,1.2276437905110948,1.402770582740452,0.20081226574938452,6.994365512664586,5.119679162350133,-10.242158449747546,-0.7460695503484256,-1.9715221182987932,0.579574210268533,0
-17.60131364053967,-3.0893972745559464,1.7284702569150765,2.9927925723386366,5.668422128803551,10.759758744905874,-2.723596952133799,2.2615010345771247,0.1177080032436472,-3.5815237088539207,1
26.71188257029856,5.829642773966553,-15.844181177763662,-18.666728863858896,11.3163099267166,5.47211629242003,4.708934112883821,0.09570383085186494,-0.9376853620053988,3.035479130412658,0
6.372372422551153,-24.945051121434062,0.31702993127037765,-9.44205669650021,2.3095952934508217,0.5388485802497679,-6.256646068854451,2.690727485252817,-1.6623963459630904,-1.0865856145557098,1
-20.397302260073225,7.44598836133461,-5.531686956891523,-8.434715708773492,4.615252286862291,3.699462330706424,-1.8671794639036334,-5.375803453453479,-2.8160983612079598,0.9029987093330262,0
-24.300280375204892,-4.968072066532132,-0.4170361930546827,-2.8140601820238107,3.0991903158715592,8.38116496996747,-1.2122745743172714,1.4670487052082386,-0.7593754713282945,-1.2279790481599042,1
10.086801733967192,-20.68391754228124,3.559541849619273,-8.408231924904763,-1.8532694919319814,-0.27971439919784186,-7.151102828614232,-0.7854332768703308,-2.6580120813939754,-2.73048780598341,0
8.980153451466816,-21.417105853816263,6.104328949196741,-2.539003916863093,-0.15827857277930538,4.334024433728882,-0.7442560170937024,2.893944703386137,0.631264083577415,-1.6822894405908881,1
