0,1,2,3,4,5,6,7,8,9,10,11,12,13,class_numeric
-0.32913716309136937,0.3478113970252002,0.38181292327446636,0.08387913372987583,0.015771008225080166,0.03573711106152193,0.12183328333594406,-0.0864371644836827,-0.05745675232063909,-0.05655422762848633,0.12821512718644687,-0.060470321138149964,-0.035273202099882134,0.03529916807997261,0
-0.4548525746172699,0.2118799820650631,0.47171043103772287,0.027614223569077754,-0.1454164285337624,0.0807886504639112,0.10143106146340822,0.022140611817087794,-0.0044175812239189505,-0.027554313180403193,-0.005770011372555565,-0.07912991351853434,-0.051007437761451446,-0.03943323552725802,1
-0.41413412404982053,0.37256739697281765,0.22613256548027305,-0.18205735366392037,-0.08281387026201055,0.00895234403273674,-0.12500505815099805,0.0166794502048329,-0.02474889370661154,0.02379020990776762,0.017874015043938707,-0.04326377688167648,-0.053629955025555516,-0.005829405748867109,2
0.7084319870640786,0.10424452018769738,0.0801952476731059,0.2068007062623102,-0.07254989252379045,-0.17251671692667145,0.13410603526085804,-0.004884129654104792,-0.06798496821450317,0.016744443665482875,-0.006476020229730584,-0.09297104802378085,-0.15336350575144084,-0.006799597566206102,0
0.47620625731267435,-0.3755108038039197,0.5607736437551023,0.18040854646217722,0.007001227050734686,-0.06074025593878298,0.1381653849466989,0.1964539421489817,0.04085141136111353,-0.035141718320759956,0.08198314459127065,0.02761038250450253,0.05548985302910602,-0.06879986463015515,1
0.43821066550075394,-0.24298514534948926,0.31281836413620695,-0.047130394944538155,-0.11102861794186257,-0.13209897907444837,-0.0700430048182179,0.08831072077373923,-0.02652925374015803,0.05495704092328797,0.04113189523416782,-0.04602074315354421,-0.04142389403722839,0.05942836011974515,2
-0.31180134252753794,0.3172225873193172,0.2863079102326993,0.12730724038636762,-0.09161302222279394,0.058100924312027305,0.11034905115595901,-0.0760525372125709,-0.0617609571293037,-0.05721627289521489,0.11223631684740547,-0.038777198891621484,-0.022810108863662033,0.003721614233242448,0
-0.4652804513227593,0.18952125649862786,0.3444256703017563,0.03439834849346914,-0.22096210646708314,0.0941463638515494,0.043023893813299414,0.05131541609344142,-0.01159027036366426,-0.029620050177295663,0.011819796391890442,-0.09346051943496411,-0.04193456655744248,0.008879974607970041,1
-0.5063574766822881,0.061655141419257965,0.5775879980908447,-0.2063610893241528,0.010273502297027406,-0.005672431998733107,-0.021282333591575088,0.003927794442996216,-0.0710588276954655,-0.010546793808493224,-0.025727362478105247,-0.06682173817610415,-0.04179513451913983,0.02167817954628144,2
0.8473437361964842,-0.08604202456590836,0.23922695707147418,0.2627620319932356,-0.00030743565773789675,-0.03049344133124187,0.10910454896935035,0.06475584970040098,-0.15488566069150725,0.0003211668956499964,-0.035925517508604135,0.00933642176211624,-0.12362641871111658,-0.04911141128039015,0
0.5891621853760928,-0.3880295802480152,0.6449613175340774,0.1787719821736615,-0.15137591348095747,0.0154015607130225,0.012597256514678664,0.09690943426785097,0.07035339390353358,0.09463486995752196,-0.04821426216077234,-0.07260537459358696,0.12099937437754765,-0.015961351693282257,1
0.5740832334914087,-0.18345368551504293,0.17061022378593216,-0.12449891159327922,-0.11955992202701463,-0.11935172323012863,-0.14043573957055744,0.09108228593485766,-0.09373017694669877,0.07128899544284648,-0.03017773237527839,-0.057567782526626685,-0.05246099864010083,0.08631944510989491,2
-0.24597311882735012,0.3108016023694107,0.31185059854296143,0.07780132368501623,-0.05630081916540602,0.03378686477317304,0.10068972279924193,-0.08463907592148182,-0.03523214158593476,-0.06074043096108489,0.11929406834829943,-0.03875633060583609,-0.024705304293338948,0.033173952340739464,0
-0.44073377024237836,0.08565346152470794,0.39112665033047844,0.0282610984491271,-0.13661449840148485,0.02686149711577839,0.14661365388262748,0.05504232282841322,-0.07657406515479957,-0.02360202186058309,-0.01818432300680574,-0.0179594612750923,-0.02668360448768423,-0.04882408011052137,1
-0.33461578604481407,0.2303740138768467,0.16799256941683682,-0.17518298835686108,-0.02349314273071555,-0.03002478664856832,-0.0533197841396684,0.10834619754351202,-0.061693570135931936,-0.01783675211490909,0.023833709483539762,-0.023022227945217095,-0.03207251675641414,0.03673859762861549,2
0.7018660888398577,-0.048392721105262666,0.15226481580910584,0.12495227154251447,-0.21722736637991585,-0.16230319011237312,0.09749498507077159,-0.0513482043971354,-0.0772017522200425,-0.038090978846803104,0.00312424019229083,0.02394616129231157,-0.03120096244680052,0.059807457252407596,0
0.5178574066967911,-0.4585313396286609,0.7300446596555491,0.2525020342082636,0.08182252121693233,-0.004089560403758796,0.2010053623351687,0.24055625597060334,0.08354330898793826,-0.04863741644357271,0.058544129785689666,0.0017282354969411484,0.08528718674990345,-0.11080109274539857,1
0.5293427417746552,-0.24066394786445458,0.25400032619496354,-0.17902267049813175,-0.026863041526720356,-0.19011857441403024,-0.1260738080283611,0.09858841877184542,-0.09927784421365164,0.0722591275346011,0.03065829526959248,-0.04869416261272306,-0.05566480649903352,0.06352879630672943,2
-0.2981394543807228,0.27470005140319126,0.33645545361683515,0.07075932737187204,-0.019667993647900568,0.005749680402380065,0.12150353215614759,-0.08847245845399235,-0.0808850791086949,-0.0599528849114246,0.12258427157043973,-0.06003167102081418,-0.016536934190650922,0.0312911462976966,0
-0.4624969988783687,0.015126459569761674,0.40535759876960886,0.03570144768090353,-0.1565192701854465,-0.0030669021394803286,0.19308705426659528,0.03357915889153275,-0.11070431781843176,0.007992508218944793,-0.0403323240845611,-0.0019587252673011852,-0.02940809932861274,-0.04455453694353578,1
-0.41304996284642,0.1566457345168134,0.3167444423443241,-0.11869830030633678,-0.06631190858966833,-0.034435956051455954,0.0024012923540870264,0.02689396656102792,-0.07847013854812877,-0.013975703702210438,-0.013511656239275768,-0.0438665586354244,-0.029498643827352414,0.0074123977004732335,2
0.7893872300385646,-0.05354209860439662,0.12729076528917319,0.15808137920011717,-0.22424291111766523,-0.08698216022998256,0.09161531683144508,-0.027136687945774778,-0.0753346594727968,-0.07118744546272113,-0.0077648830951875,0.02064775522190586,-0.07563607490468224,0.11450067187023043,0
0.5999598195019278,-0.3481656734560599,0.5321153489352495,0.1777420499659925,-0.1124317411442221,0.0024282832753609465,0.07445217481881931,0.12670174580093768,-0.003233592589974638,0.055368266646863055,0.011896828296230974,0.057324953258381564,0.13241064376737133,-0.08667739918397695,1
0.567724452263815,-0.24036112135600793,0.23909435665508624,-0.0897718372912385,-0.08560586012198024,-0.10270878187517334,-0.08542022907700027,0.10566675761766922,-0.078085125831852,0.06601666804428603,0.0016346945355801778,-0.028439116055360595,-0.03047586552684201,0.055540141153241386,2
-0.3168722603180997,0.20902905888002127,0.33124912298934295,0.08213400010418177,0.031708439397629365,-0.008262405240920869,0.14896632268666346,-0.05894157223450013,-0.13784591087776732,-0.04926193281132086,0.08972904128207339,-0.050198942547488974,-0.005918729673709214,0.014461831364139068,0
-0.5082870001434382,-0.0226415488349679,0.3783314919116284,0.06131436641297794,-0.19881140865099928,0.0254629893119952,0.19220317395294742,0.05517365688150143,-0.11986136916689825,0.02223410087210241,-0.01819835545275506,-0.004000496392424611,-0.04491772632797303,0.0058799905409026,1
-0.4766809991199835,0.11744616684355326,0.3016707400983974,-0.1672876637534184,-0.03798010360065421,-0.027948112623397425,0.002835139408480192,0.07768785005936794,-0.10122135269670068,-0.016103262645276867,-0.007623646457155716,-0.06108862619910949,-0.03060483800286561,0.033229301169508015,2
0.799373787876849,0.07052223680311871,0.028363688001073552,0.2094401213286726,-0.03005347855978313,-0.008646831309203167,0.055912139518279676,0.04962945924909593,-0.2240169509913119,0.005135885607637606,0.05080988359961132,0.14162708713481495,-0.09023518294304232,-0.05629817905511817,0
0.5630846993663154,-0.22552062691653477,0.28569050829370823,0.06660174016608554,-0.04148651353421752,0.0017098440955054862,0.0034598204891809112,0.1787638700093997,-0.05747562773624493,0.010461410731577168,-0.003883173286250361,-0.027117944351827933,-0.01445250493278237,0.0539655325088053,1
0.5394471779697438,-0.1495475605575967,0.1255108512893249,-0.12611379679275192,-0.04384969357991028,-0.08238228123609503,-0.14529461607387106,0.09793037948633529,-0.14559727330239702,0.04853723813201697,-0.002650368856277312,-0.02029654373784713,-0.04467308421685816,0.046532334840616564,2
-0.13639076815925746,0.18580729803270346,0.00679935122354342,0.11836957290740062,-0.0037422312215652067,0.13091788896514683,0.08924915138019807,-0.08348674216814066,-0.003907216460013288,-0.04074336582586307,0.0917935432596873,0.005208639848421952,0.026264666168663315,0.0325079678576697,0
-0.16022002188488274,0.14184584045931137,-0.22495897878444948,-0.03280174750440813,0.0006464256989123689,0.1501833177126743,0.04363392528318319,0.15435008376859785,-0.046554288147930924,-0.003879775775913756,0.059689390352464726,0.025182287955166843,0.017968205466784626,-0.01595997307092932,1
-0.19892236902943652,0.10964498230151502,0.02152753816595493,-0.18108724772965,0.19173457537123004,0.05863946465191854,-0.06285254753300455,0.09582964960918887,-0.04489815148513498,-0.03540652712804571,0.018667664938301756,0.006858346806095512,0.005687542758126351,0.026144996744149843,2
0.3025187258988182,0.1589400186476942,0.0765821945705187,0.24876345917304094,0.16899683754997874,-0.053481592137226065,0.038835477527424216,-0.05717555587778212,-0.07690712435763086,-0.017982585067376405,0.056895733578414105,-0.03715402010574362,0.013328022673699872,-0.08269570716080428,0
0.1851825939861654,0.01455721640689795,-0.35808772536622174,0.07084018510818721,-0.10384907204752938,0.05149532578914254,-0.05608128547198633,0.1391439307938052,-0.055763530190463685,-0.07783399766553963,0.07798128014253042,-0.06525616708484351,-0.030765610905631537,-0.05283468351001438,1
-0.04374790757178224,-0.2285235949563876,0.313482684231937,-0.06719915629380109,0.02639155858785595,-0.06059094746368724,-0.13358461136718644,-0.09392917206695502,-0.040743083296556154,-0.089481358358147,0.06262794637380908,-0.053445015866079845,-0.042970148793265016,-0.050952202236011025,2
0.03018793976138516,0.3281917229608635,0.02801208843986805,0.14566655865026376,0.1265580393441079,0.13469066779139716,-0.0034985511804676195,-0.1443818821540308,-0.12007025568229825,0.12189301621014,0.002894298929955017,0.0019539985704114795,-0.07364464585053959,-0.08468757978931948,0
-0.12696800256136628,0.1836795936187638,-0.29691858952767924,-0.040740763702990054,-0.042993843757427874,0.2236664382484696,-0.09554514274566421,0.10478529747401451,-0.030996315110763017,0.033923795349404734,0.046717714122007176,-0.09145254532467868,-0.03729241837470751,0.05699766894834794,1
-0.1955488030296724,0.1122629154339992,-0.014591114505684958,-0.20914005588136994,0.18742314781777078,0.12316124975714514,-0.181952902147537,0.040642122298021624,-0.08365827978524439,0.014286006243802982,-0.003041861405411282,-7.248646341069613e-05,0.0181690173099379,0.009015520756246275,2
0.8485140585092045,0.8888283654021101,0.10011989525158883,-0.13289083297715842,-0.21572595725723742,-0.1366221542703421,-0.23772769440752478,0.033497304452608574,0.07630019068715012,-0.16762491023877749,0.3590065901602811,-0.2314114572721669,0.0531190603250154,-0.1274196634567266,0
0.2869730996467468,0.029272916469037256,-0.2809221926192033,0.11433030633485967,-0.14991134566316938,0.06671094332538359,-0.026955056354757104,0.02377046219676182,0.009464002765233546,-0.054166460072525534,0.032786756983219,-0.11523155120516351,-0.03418359508343488,-0.018671774929849207,1
0.0778162384411526,-0.12872324455908787,0.2692911381140554,-0.11418403064433251,0.2630497512439724,-0.0811194407914639,-0.07524101690398555,0.11675402820423612,-0.06404202854812137,-0.088713423232082,0.08466530017779281,-0.008687610547950817,-0.033027960533689706,-0.025629305276387286,2
0.09535635983450548,0.5617119243374965,0.08121348667571997,0.15287395160601666,0.22744724699256574,0.060404381661394634,0.08983797733517979,0.10952665601129294,-0.04435073268357962,0.08954678178694911,-0.04740952538185969,-0.043664178920546,0.0046226154345598205,-0.03596037120700847,0
-0.07147664310209675,0.20223404816385246,-0.34691748936071115,-0.0719196173435351,-0.028323918254894588,0.18159111404968542,0.013051053907003767,0.1331237529417128,-0.05712978458597893,0.01928905026415362,0.0558322555961844,-0.07824413020657706,-0.03395350255498929,0.020545040790805925,1
-0.17423728742114056,0.11916692399516715,-0.03984152882535775,-0.29302993479407025,0.22000295054100893,0.11036430922476866,-0.16133962069443536,0.04343439645016111,-0.10724247496629537,0.025463976106083468,-7.411939046608878e-05,-0.024670026153175695,0.02258675149953941,0.02533825703216915,2
0.34404996904076446,-0.11799782174379637,0.006038113465076788,-0.01438731652471288,0.08146807313700513,-0.006758234823077686,0.2449725877955409,-0.22860099210109802,-0.013012141677761567,0.0798157383730214,-0.0020951682475488747,-0.09299792249170968,0.07196224121056317,-0.04260056708924903,0
0.2867990132272223,-0.29285316485489726,-0.20178057252510426,-0.11248969139778915,0.04565398672590488,0.2156806194130152,0.26451831876554516,0.09109731575083432,0.04571059980406667,-0.00859310452125941,0.024991346483850412,-0.04790960441429135,-0.030767816184314626,-0.008833149382341882,1
0.16356516131695847,-0.34367361372833666,0.15093646480183578,-0.3773699257876144,0.14414401596990725,-0.04434647226659658,0.0799977717501476,-0.10741534111223461,-0.0007138299598796645,0.07402875302025037,0.029623256120160812,-0.0006489583020574932,-0.00030357211044681776,0.04137530120308184,2
0.38448705192804894,0.604713697553589,0.2761286584926477,0.12371050513248352,0.20375137034083457,0.1919193747358962,-0.07986168661145264,0.12367263669896442,-0.08914271808252168,0.13213627017086693,-0.05633347145286864,-0.09333476584495776,0.1710679626043903,-0.010727893947986194,0
-0.11929344581238924,0.2314759848625774,-0.3293595144865303,-0.04643693681460232,-0.0044633505819965825,0.23050107785434093,-0.061392251186578047,0.11181663774514293,-0.03682796679547334,0.023543445156346595,0.04280667523475604,-0.05388384109504099,-0.03876501242009631,0.008119726315578142,1
-0.21249655876686863,0.024163270339916863,0.1343190787203899,-0.14346078625934752,0.22369989030683013,0.13393081483241423,-0.04362442657647034,0.10989845126111705,-0.06530716057112329,-0.0341585513734527,0.005169018401986445,0.029460183967862125,0.019625324645870777,-0.00015304137161453016,2
0.3430785263191281,-0.2155046091669107,0.01361429903145943,0.005910271809241551,0.08163367560004375,0.07253362734237115,0.27386627124561075,-0.19838612072824702,-0.019766326573260433,0.08634287243181638,0.006540669943048815,-0.06969314583431631,0.04882772989985154,-0.0231262859398831,0
0.31935934285996964,-0.27575426532008485,-0.36456904219414044,-0.18304205957246059,-0.04546978699086904,0.17639059260700163,0.27784436103041205,0.04802035562674732,-0.0135357826100515,0.012450054174293021,0.025137728583725722,-0.10435936999950628,-0.03792803602079233,-0.04174868725935596,1
0.11889274928970403,-0.4551585408552656,0.2107623234157432,-0.36802965680899113,0.11886710861419478,-0.03271165749455767,0.18710327773229415,-0.08966803049592832,-0.013462303016908735,0.10138748810773326,0.016918047186750256,0.030330243276202547,-0.004408200583442047,0.03433170846722103,2
0.08384031855376446,0.5765536337696647,0.1410994594718573,0.15625898185326217,0.26298453074002387,0.05548438650267375,0.0949005879221513,0.1180912224961672,-0.05880210574001902,0.08963801195927051,-0.043112427274405174,-0.020321840100095138,0.0014343241241864637,-0.06629441673687621,0
-0.11466643805934265,0.20561650626079156,-0.29037305193801194,-0.05570525048593162,-0.04599121645239852,0.16692369185917938,-0.01940265720362283,0.10593786397478655,-0.0657844335732738,0.010683863399494519,0.06147235448091789,-0.004324733085197158,-0.0007032610569111404,-0.02865094518889336,1
-0.1612795237136646,0.11119929524740549,0.012355207717219763,-0.16607476733517249,0.26781094941517114,0.06249560213564771,-0.0033759646641154614,0.21801864289724526,-0.06859757080174045,-0.042701550302140935,0.048873017606490425,0.028493123430096114,0.013683629054862133,0.018190338196914707,2
0.965855029832642,0.6127981827968307,0.4259673491954897,-0.38101010664473567,0.05706145845483994,0.2262683096576501,0.008035773241722737,-0.13416255672412014,0.1527691419069596,-0.06899875074604886,0.0015248669476214474,0.025419844263476984,-0.09366000902990644,-0.09007971160433799,0
0.933991270913019,0.5920470592107215,0.43985816039388415,-0.3480135054703844,0.12284319061479018,0.3904320138076751,-0.04144293512861665,-0.13474619895904705,0.0819865599951334,-0.03820665204941221,-0.04114130491373261,0.007321199187916904,-0.07137337667352658,-0.030611559298644404,1
0.9286736502028679,0.5902065905321529,0.43877933052035306,-0.3290571370175686,0.143745248231841,0.41833974894955556,-0.04874450973112677,-0.11750434617554063,0.06547672668401983,-0.039079107992715446,-0.03887930560803437,0.01778002149664443,-0.06604381162188686,-0.03419103001311863,2
0.0359197734875367,0.7138640298039345,-0.15739765456429064,-0.05124010761996197,0.15718967896860891,-0.10731264806115057,0.30212302765650706,0.08330038344567431,0.01849994174079183,-0.05116754212788498,-0.08596207091058634,-0.04389954328858817,-0.09719367959743627,-0.005939718167866675,0
-0.1300491015801655,0.3135730320147871,0.021194795776617224,-0.18547405275435452,-0.1153115987878567,-0.08150121394393807,0.15302265455817873,-0.021502197276622982,0.16735001918479367,0.0042523139327599185,0.02426845911841072,0.011122959065958546,0.029151140177255196,0.04165548205149329,1
-0.06588236971830425,0.4583729283952844,-0.23091570893315283,-0.4064127271381763,0.03302352754453517,-0.16195444055679195,-0.04131016408297513,-0.08949246525183487,-0.0646168966308557,-0.004096002642880733,-0.02381518680699292,0.06111052781201622,-0.0180342074789385,0.05892419148816658,2
1.0328334378034993,0.43184989076882346,-0.40079500839129545,0.01773117700889921,0.2414623678449476,-0.05095637542571015,0.05180023586629509,0.1300512833820684,0.16463414208617094,0.17147197491940533,0.2675540434155785,0.07364333625761689,-0.00506777445888018,0.18703945797983534,0
0.49640009108274247,-0.09681927988553823,-0.2744472800868696,-0.20970698671431315,-0.088218589595569,-0.036747553095093484,-0.006974478114597086,0.08791252291019729,0.05672149484838408,-0.03848102867777763,-0.14255275760832462,0.01897693844343609,0.027528539214060347,-0.03023251483722908,1
0.3818360974640726,-0.1031593074680443,-0.2137090383018239,-0.2490952163976295,0.08978960428433345,-0.09769084039583606,-0.00020875594947799083,-0.05009792129418729,-0.06613610682921081,-0.05636472021005651,0.018291494497022227,-0.04870499797094103,0.05014944019571958,-0.02234120615677103,2
-0.07295560621949287,0.484430778221934,-0.005347622546487048,0.0034743646235085896,0.26157174971214986,-0.013558419703441935,0.1737833011387276,0.026359102678202323,0.0027148749113115934,-0.024910203220407108,0.0267525869458296,0.09550637930167609,-0.022023476071070067,-0.05934375309021972,0
-0.2072388124252182,0.26015427369210736,0.06467006117406539,-0.12025671080204725,-0.08514985702475569,0.06531999857988627,0.024716974633345098,-0.07566192630661045,0.13639137585708647,0.011676567107966924,0.017705895367093126,0.01440008101070828,0.03833341700910094,-0.024004664275289182,1
-0.12414804433589313,0.4934798259522074,-0.295143030038608,-0.3714876243037184,0.03941139412730813,-0.026663744346403704,-0.20775617089498283,-0.08788256380711562,-0.035613994207182954,0.012481079290666596,-0.04944754891729235,0.007252853422271012,-0.07938810740756475,0.12801544931186476,2
0.675043379150048,0.10619298263390714,-0.17513103286912998,0.05620719217677564,0.39510300121095904,-0.12098620925130617,0.15660899709006915,0.015100276714035889,-0.10042444458924643,0.0011298687285598414,-0.005328469090858597,0.01121840017350993,0.030492115693458097,-0.04935950679393942,0
0.3449566363972433,-0.21404342219920863,-0.25238904018624414,-0.20385369718846935,-0.11111007558630212,-0.008950462456273478,0.05189747285383949,0.07235122882764237,0.04473949897154253,0.0006060811263252743,-0.04402457353317683,-0.014333036283483558,0.0011748361533486143,-0.06252102816433214,1
0.3043070100949963,-0.17659611071746742,-0.2331313967212527,-0.22132648253006004,0.03761983121476697,-0.06192170282415182,0.04808907872966824,-0.049460733088671896,-0.05933419179296569,-0.030797146108493566,0.06940852555333035,-0.0403914201049115,0.024559983918629808,-0.0666499405101082,2
0.024721880096683555,0.9087325663827082,-0.2512422372263416,0.1388214234829166,0.038857114796455317,0.015598668929075599,0.197721477954972,0.08022063729999226,0.048268212932791876,-0.108588868141711,-0.1618704210446498,-0.18908020734606668,-0.09051186115701247,0.05387203784723952,0
-0.2819223711938283,0.1427069494311127,0.07610846798324009,-0.07113250908521025,-0.06133555361476435,0.022092556914027683,0.06955358893433654,-0.010783665481121637,0.10421551028603987,-0.031838371902517204,0.018750590180570816,0.016303205871115965,0.0419611966665394,-0.043910410461448085,1
-0.24713412546988597,0.30475527153627724,-0.12458059259284515,-0.2912857038651259,0.09132017031080299,-0.04915166101463524,-0.14192423820890046,-0.04962231116507256,-0.002018767440303214,-0.006429502103900099,0.0077438194227324965,0.06027247407838581,0.021401438735178593,-0.0041847562701276585,2
0.5087696047296963,-0.19625172528855422,0.10714105139710928,-0.08978422201584776,0.15592087210607644,-0.08405086295826437,0.11365054563861395,-0.17611818298758333,-0.095633563829253,-0.00200314827922266,0.030886973529315482,0.03614138915583263,0.09813057398207013,0.0059676546286333825,0
0.4069195979802897,-0.22144248634350586,-0.07047461359760868,-0.2054945195035066,-0.12262679309537222,-0.08063808893105107,0.16029172993150892,0.03685663816720885,0.106290628855718,-0.016645540082515255,-0.042716293909056,0.011556814467480345,-0.004430076004669066,0.012604880925225558,1
0.39254550556751605,-0.1786025964193925,-0.16979535031647097,-0.2728056255411495,-0.014019968407133153,-0.10706904146087799,0.10013818755628526,-0.0810295766981796,-0.029216481154998593,-0.035534975641151434,0.04716797721191408,-0.05377018717888623,0.02369178183461895,-0.013202575218101708,2
-0.1515426341881837,0.4714129721628858,-0.08089872928395139,0.0418403235425355,0.18888668621023894,-0.15910288232125677,0.12973081302745806,0.05461017828634867,0.04954697304229317,-0.03449494243223942,0.0669670376348539,0.059782629975152345,-0.0581896975829194,-0.0631127233476131,0
-0.2865654268495002,0.1775234282831866,0.04696396713100655,-0.04734289804859738,-0.10813614670321338,-0.09277954845183235,0.06104238130569951,0.016428593692527256,0.13183925205850763,-0.04055456243423164,0.04948488858836135,-0.024048654367952966,0.022545125712225618,0.014575404998422583,1
-0.2794538545992445,0.2953641185892983,-0.027951574559364888,-0.30572782410621563,0.11670815589437918,-0.19314505948391014,-0.1250843899243497,-0.032970666854327146,-0.001242292554114832,-0.02931198339791791,0.016240968976929167,0.05117355371574588,0.013479107404993276,-0.015543795875385574,2
0.5547797314256859,-0.15294932192306393,-0.030796858863056442,-0.024709971172304935,0.04239397984250724,-0.08896143521447061,0.11524297661805212,-0.18222612044918596,-0.02338675524763642,-0.0782976596304532,0.0003116288735423933,-0.013390348393386698,0.06396288182229011,0.05124217351728037,0
0.41529040590228866,-0.23089530416162346,-0.1841176184768811,-0.1829859699280967,-0.12051212683240811,-0.02358052161457394,0.08738114654235482,0.06520464941971617,0.06436177479329026,-0.012182798881009921,-0.05274144616242118,-0.011522522549148052,0.018478623974281138,-0.04171052800694028,1
0.3313145349612112,-0.15975164031369596,-0.13293357325176697,-0.26345470751341926,0.0462842530723685,-0.10889224324531852,0.04810628018082573,-0.05416190088378906,-0.0510287856606563,-0.032310032859720755,0.057169797338082265,-0.0067924057127875205,0.047670299155839216,-0.04648905678540694,2
-0.25078072198418044,0.3790747060266514,0.11444251688035707,0.13931091014797042,0.06758767176280321,0.033017732261666904,0.07283836762649819,-0.07929116548346721,0.07931343109791751,-0.07755949505558593,0.1108104480228005,0.059998735610058695,0.01705013622716971,-0.05532808149791347,0
-0.2702542641441665,0.2815059309548601,0.022934754124337448,-0.04113723327657233,-0.08513055806047534,-0.0030230517011468738,-0.027740821989427563,-0.004950284976643944,0.12832655755337405,-0.018635860714162334,0.042318797826451426,0.035980860730259294,0.01444724295399452,-0.04949590195819756,1
-0.2875170375386067,0.3340141538319792,0.06215436184829344,-0.2802692462527587,0.2112289903313179,-0.20610874960735256,-0.11785258312116549,-0.001769145100157564,0.02233382255738001,-0.0240386701353974,0.03249639870254314,0.07286482559818087,0.009421224640519539,-0.019068141940126085,2
0.9386331829463582,0.30463098805620975,-0.3550924096597962,0.10771354572385317,0.2717900305928585,-0.04083789301214007,0.07868358754067287,0.06950367275210699,0.09706018686418143,0.15975020282208474,0.10749426231837228,0.01589740741951739,-0.022602835023600026,0.14171622566688977,0
0.3246724345294404,-0.1959197201624522,-0.19639469521721392,-0.16898778693281144,-0.03152191167137082,-0.007435417076757895,0.06576852669033358,0.03992771314715943,0.022555739712585045,0.004881124069557623,-0.02988987858842487,-0.015556322758600308,0.0031608475501148123,-0.07741563699530368,1
0.294772165007975,-0.14695366385267777,-0.2060294750981917,-0.21701900570257043,0.10420010366931277,-0.060939137238374984,0.03232449695084309,-0.0346582613613268,-0.06326027655239451,-0.06510788437668376,0.06702110408886311,-0.05166299634120218,0.01986565111439487,-0.03146445835559322,2
-0.40356510647159655,0.21169620872493153,0.08703539090121701,0.23303863012430467,-0.11857817545467786,-0.08603975706574185,-0.1175488422078006,0.022115493508000666,-0.0034336323365300883,-0.034449909948074856,0.047755835453021214,-0.021374639462690446,-0.018586047371759822,0.009172007459139752,0
-0.45882154319335944,0.1716971166369875,0.04358969485023783,0.19463100925125068,-0.20065097006418023,-0.04239607803671437,-0.16390836266416103,0.07132085163309891,-0.015715165626713438,-0.0235906856173794,-0.017362851103095014,0.027629643282657664,0.010607975873866669,-0.07002048412362909,1
-0.5925604141351705,-0.04148271775918539,0.40817997596025657,-0.01208084420707659,-0.07874037202468026,-0.08387204757083766,-0.22824397932956436,-0.07628260246178951,-0.07324854342606567,0.04014219139524998,-0.0008147549378785524,0.020123024105299786,0.014824383899775534,-0.029840479338193296,2
0.20964466485411276,0.5446965732311303,0.12748542066793317,0.20051850676810487,0.08791715205856747,-0.1019357173726064,-0.16474319275417162,0.044893394856036814,0.04917478902366659,-0.12102060387758552,-0.05633458459667151,0.09947073156348354,-0.06626775318683556,0.001285004064333186,0
-0.17924664513221092,-0.4761966302662059,-0.09616390726048923,0.20703699348818203,-0.07330568695178152,-0.017187234594189818,0.027968430420348116,0.024703273163983956,-0.06313669732038242,0.05807208041449,-0.02455547760178381,7.788675325349688e-05,-0.02187448064374364,-0.0015344174005943333,1
-0.19474120248480004,-0.3183467851071299,-0.2502343873866696,-0.01967963159050927,-0.03596621421685442,-0.10050283160130785,-0.16649209317841526,-0.00576537504157231,-0.12991769037146889,0.09240193004044849,-0.030822077194818227,0.023334658427838367,0.021319825659365684,0.007100366148685809,2
-0.4048375312085585,0.23195248185252765,0.04817239957972598,0.24940302567232034,-0.0316748897210336,-0.07225603123952724,-0.15811187106229513,-0.04345211769744162,0.004025874882587599,0.044710866757488525,0.041586244073359216,-0.07739629829031874,-0.03812053354261214,-0.030663607197372256,0
-0.5373342729989828,0.05383300712218904,0.08775971205454257,0.2188707652866266,-0.14839875428396243,-0.05169167096704963,-0.09464444179836262,0.12407745698121156,-0.011497858857162124,-0.047055096031464204,-0.04130234886471979,0.015814123625922827,-0.008828235236211361,0.0061404040143414945,1
-0.7184361754975015,-0.16237869390681212,0.5255041065968415,-0.012467035182767646,0.1272191994694156,-0.1301020001802145,-0.16305749588593635,-0.04116897660634357,-0.07708116103802858,0.17389080930710898,0.09391985508628702,0.15729687483746171,0.044752400295694696,0.007758880551704691,2
0.1864572018427771,0.5981157514144001,0.228426496030351,0.27113412651736085,0.07705690713114009,-0.06141499209725477,-0.14541154789520247,0.08966420732987847,0.0639151491793815,-0.13252287738358134,-0.06321651275263743,0.11443537811328053,-0.047072467813566936,0.00971433669245736,0
-0.2240361142020122,-0.5186894326213336,-0.15617987089693822,0.173633825683575,-0.09690157684139977,-0.01694154476548607,0.028054873264194292,0.09406099710240504,-0.057733534732550024,0.042705667507764035,0.017388555695280198,-0.01304118385353715,-0.04387393308854409,0.05340244111714358,1
-0.18696576313188543,-0.29240647788541185,-0.34218520117741413,0.01739176800680703,-0.045232481637909716,-0.11452951595116845,-0.1543204976542121,0.05606912742554679,-0.12944855964628077,0.09802130521615511,-0.008090983108939956,-0.025770678097321732,0.026236939737878318,0.05123382814485302,2
0.04440154023739946,0.42510589701166285,0.7050744417278684,0.5026385170599679,-0.0044095440871818195,0.027220300228372008,0.033995974505478165,-0.05505788903550282,0.22921803013411277,-0.08640465385581961,-0.005353809909654175,0.25127779366010006,-0.09025835807142014,0.18684945995184812,0
-0.4074690564566578,0.1527091578370474,0.1850918522862107,0.2636114507404735,-0.10011227226949848,-0.03702714879073498,-0.13271584616939622,0.03155229877486204,0.1424809328270485,-0.029267266198015163,-0.024626763451772227,-0.027922404430828173,-0.0087533196664613,-0.0211728616325882,1
-0.6938401357460648,-0.17118191499868346,0.3520431597523115,0.1040454420632815,0.0767850731218841,-0.12053861622299882,-0.0494536618132558,0.10563883382551292,-0.05451053873368741,0.07797902131491526,0.031627225092269444,0.15336872970188534,0.03513582062846421,-0.058972330113417834,2
-0.15016497676708326,-0.4862533536429352,0.053493854542486126,0.26152777014225387,-0.023237310023277502,-0.05412924918948938,0.0203288968457107,-0.14122099178043646,-0.09783505972766358,0.037404971309385845,-0.03256670201532431,-0.011477364116968312,-0.04438714586657165,-0.011271118496657693,0
-0.054449771025302796,-0.11397138861922297,-0.04014040653457853,0.34068600319556946,0.12358867881811746,-0.05459100075093669,-0.02285272457082497,0.09303987906162789,0.15777770215202605,0.196655912149649,-0.08518719941862832,-0.24185022200368347,0.020763907677584393,-0.004095646977558206,1
-0.21993608002239298,-0.3638175779611893,-0.1526967958073604,0.06188089143217535,0.04358929361641079,-0.08735016727273828,-0.08337082712991893,0.1123999891883864,-0.09515712588380201,0.058874731944647735,-0.018511929398439382,0.001769608136917683,0.025427633753573733,0.022014050502292402,2
-0.2717719147841291,0.2087837265935703,0.27672025063262135,0.39830638563804943,0.04073870487290264,-0.0921310696817623,-0.050553894028279464,-0.1162215248862632,0.20875827636784597,0.2183449463231193,-0.01171210675069116,-0.14013254335997052,0.029235040090186085,-0.08322482185451899,0
-0.6490491545331215,-0.16676964324866161,0.11774481407024955,0.19781033511332166,-0.08996175866088618,-0.02785588377444991,-0.01196308519119224,0.09889814252646723,0.016035205032472077,0.001458241111082149,-0.005504009129624426,0.04828888915270669,-0.03446629060689837,0.04570709490092485,1
-0.4596924847694141,0.07819398294197874,0.47766389991275576,0.07194188771331711,0.055655129919752695,-0.03273664510973767,-0.262191101171795,-0.09938666287036413,0.156791047933244,-0.03946525910280117,-0.08049578700514273,-0.030540771304708773,0.1948797843532528,-0.07326839433371393,2
-0.10198088468044406,-0.4017643827222841,0.10986495236629854,0.2893875821186125,0.07285396483461613,-0.010888401805245732,0.040863457344614794,-0.12155969321019179,-0.05768537788627151,-0.017846683977603185,-0.04608823151928418,0.06193984217040746,-0.023673676451086357,-0.07142413860509826,0
-0.19227994915785349,-0.39417974985455506,-0.04638169938320154,0.13690153169461627,-0.06727009410975622,0.0069782014057174465,-0.042721525675998684,0.032136111010194195,0.016839814904523357,0.0014098140209755168,-0.05286271678249706,0.05250437697174098,-0.023106180386496093,0.03130438333703587,1
-0.18827080833986484,-0.2595459859968662,-0.1727505439829357,0.07741283459257674,-0.0042176446166835,-0.05190676566408518,-0.11688204622526029,-0.009137159029846017,-0.05756259577599627,0.022098916432973553,-0.039155228519344,0.05759219566216339,0.022223728288039903,-0.0024885691834326653,2
-0.5914887406118761,-0.014817516898257612,0.039076491661194666,0.27036881910899346,-0.0557682234361091,-0.18012082557533055,-0.015479968919721868,-0.029686493442864594,-0.06904709429869763,-0.007979743504621769,-0.026895453219231476,-0.04580716097571495,0.00825578014396315,0.06139993163019694,0
-0.660263584808554,-0.13199306628706278,0.047087207440332284,0.21213763566751506,-0.0845832861057494,-0.05340990277934861,-0.013660588632258408,0.12205697102454299,0.032847829018401185,-0.033817022275515835,-0.020280784493487764,0.0672810387243651,-0.046361803216745504,0.03196672926683214,1
-0.45092208902937964,0.1499809050807346,0.2793099507615782,0.13544037435343537,0.4318749874252622,-0.19640993700702777,-0.14579056828570658,0.1899792798185634,0.20290704921004005,0.07700851003273951,0.06279449910605929,-0.17316026754061695,0.10255111773380295,0.16485762507456062,2
-0.13182515906884304,-0.38985894787713893,0.058705527938429966,0.309380491236052,0.1211150508217552,-0.005267209990356592,0.044385123215511045,-0.11383735381843117,-0.03596348248250457,0.08263525452216923,-0.06834072327515656,-0.08654814742311051,-0.05054987029749522,-0.035360273228651935,0
-0.23592360886310326,-0.4908190985406582,-0.11329868275076924,0.1356361217932261,-0.08994372415456071,0.019746984531730155,0.032668680722525024,0.042147812712382146,-0.03664941099615812,0.01633306519647571,-0.013379709000259808,0.05192048768195836,-0.035037777026643575,0.023123848675163462,1
-0.22431456304771671,-0.35210486406298225,-0.23940895801228917,0.037868705044251674,0.023689068404506134,-0.06319543730165485,-0.06535315873345364,0.050553633976306585,-0.09946436337289584,0.05404393155688123,-0.006911901497078782,0.002205214797531481,0.00787697414795401,0.05675437219412327,2
0.09684879763312823,0.6520868975274816,0.4300621010326886,0.0938648018635796,0.05108189468837308,-0.11662282401261787,-0.07965289264929332,-0.1472785048452196,-0.024999585823549702,0.09759914909399114,-0.0901430484932207,0.07909286974333529,-0.0047681512056527795,0.1364640428878989,0
-0.26133040215302333,0.09367662106068575,0.08679952755694495,-0.016034388254213494,-0.10068541077260044,-0.029497460815018212,-0.03656117280110742,-0.020163347402713732,0.02401272161924166,-0.028143584341119687,-0.009322245276445934,0.008804207452225711,-0.013768113670793149,0.00395549680934949,1
-0.29665210467907144,0.06893792021539531,0.20749444328511446,-0.0642401369310546,0.05466929628523449,-0.041869758269189795,-0.031436289692840166,0.041763630507855844,0.0005523230871052677,-0.03175045670555838,-0.03839391849552671,0.0157319228173667,0.008117286462101508,-0.036249467615856686,2
0.31458539232155075,0.5790729295155008,0.19763993418429168,0.0819966541827543,0.000721315187561904,-0.11555690330983934,-0.12920402298815326,-0.09949520488098797,-0.03856350257407036,0.05481482224057627,-0.05800139738352687,-0.026855977988850425,0.04711620438649113,0.02226000858302791,0
-0.004437946423403581,-0.08931449056959193,0.08469080292520659,0.027392569071155885,-0.131760068022334,-0.046807278255956944,-0.04099282985612255,-0.08081337802347617,0.05027020844750963,-0.017231647786644464,0.000934921833142652,-0.011172065420046437,-0.027182894041746574,0.010009798780792957,1
-0.06943126159026616,-0.20743098661113119,0.2562054963699575,0.053917310201124447,0.07640346079030891,-0.043647858303673306,0.06802445101109071,0.04079123626437235,0.014533064489341864,-0.042078153702544044,-0.03254449117833355,0.036133463419708384,-0.03689914052017327,-0.01610645131694139,2
0.17215297509242689,0.7256274075123312,0.08940738079954735,0.0670633247548308,-0.06053079467906686,-0.09549059471452571,-0.1389672597371432,-0.06501351053584596,-0.0670012519217179,0.055835830869888824,-0.12139515224056752,0.015693813253165777,0.016986523578671982,0.03400290188099682,0
0.308679246646253,0.5507696471933506,0.07133849631446874,0.09070242319925405,0.00543986116318164,-0.08247070854033063,-0.10675232656092544,-0.09671011104328002,-0.01613767017546047,0.047454815022098765,-0.06655764732761744,-0.0751653891531238,0.02634412131220208,0.04506309630990507,0
0.08147582772693587,-0.07882276861777772,-0.058062130147626775,0.05807569993070434,-0.14710241525455345,0.039491264097665776,-0.09927904738085369,-0.13851452839409545,0.008766112928915649,0.06667591827735278,-0.01836803597835915,-0.05007554880448197,0.002912703311100298,-0.013692096180880986,1
0.08156460215764036,-0.03388892031745606,-0.07384872832933646,0.06303527121664895,0.01761499238406051,0.045752960334291215,-0.05133907006686825,0.08133015166829392,0.03616279502991258,-0.03339144233533377,0.0035408127546637776,0.007071418212465269,-0.014310725564809288,0.025535761909493984,2
0.4004075275021294,0.8644094882278098,0.13284336774254332,0.1391694777024208,-0.2083085574078257,0.019793148860607315,-0.03307778156519572,0.025784627791189424,-0.11116520717947674,-0.15575580812172327,-0.018068061651105038,0.035926171015621726,0.23404202663162502,0.004858479970414332,0
0.32687952276331134,0.6758602013718789,0.24555480832891924,-0.02063018241178395,-0.06078855822426984,-0.13501476368849014,-0.21867022828150984,-0.07517656968640293,-0.08577865076233998,0.05164934936018518,-0.06654594279010931,0.024172209288708852,0.04142355231974642,0.015583009271374572,0
-0.008966516689230616,-0.15352768735468525,0.1275416373753691,0.02846509057152661,-0.15987590200755938,-0.0754581589980503,-0.014545898021955644,-0.1317534425436487,0.03646667955375075,-0.012408056682713848,-0.0003116187907174552,-0.0006902164541392216,-0.025233566807604656,0.006373689047560601,1
-0.026553680131321252,-0.14616030829139282,0.18183624036357043,0.020096807991145237,0.05207636665967195,-0.08247488110539784,0.031602687101677476,0.037657900153519115,0.025735063699191294,-0.03690599357004391,-0.002039942605875819,0.04425414521740707,-0.01653829696186085,-0.010516737745410919,2
-0.036012760291221864,0.40375035381668967,0.0859122398416844,0.14425848733565405,0.13050149468485372,-0.05642149948124775,0.023355165622141554,-0.054495130500457185,0.058807716975172966,0.09444363880284247,-0.04539260751553551,-0.0011796736768689556,-0.0663063911828358,-0.008356705361992085,0
-0.28263383626685346,0.05300547507357113,0.14797412293653944,-0.039182715038875424,0.06895604371332589,0.02037771564033773,-0.012321633076412302,0.05502920908087978,0.02441198566955235,-0.01801039626713613,-0.03871056372965404,0.018429735879579436,0.02474677192112319,-0.007699484365607571,2
0.2818352848269901,0.4090162129598413,0.11345697042257054,0.13302213963824452,0.1336985448601459,-0.11662116022362545,-0.01676481968215587,-0.059288799293164704,0.04269851411304308,0.03391965402798425,-0.05398794960790206,-0.1353687543529814,-0.030323098841823944,0.05880829977233276,0
0.06342060506135191,-0.059383968438128244,-0.09174469382949219,0.0435984676647462,-0.15404425478034497,0.04907794955492296,-0.09093247242332124,-0.08416485885224297,0.033555125260613994,0.027777037921835983,-0.013472586590066804,-0.02365851225394655,-0.029599675966776557,0.019211326511318492,1
0.0491539807198133,-0.07482454364008195,-0.019879201393604197,0.042010355317410805,-0.04666427225544609,0.01172933333423733,-0.030176681935465598,0.02072693091545527,0.03570670532514416,-0.013376293131678986,0.009150295185857131,0.02846183804488767,-0.00020989201966853014,0.00573620844345474,2
-0.0454227283000788,0.3156501467202726,0.12447881709701716,0.13351433350167355,0.27856325814427996,-0.055839974211900976,0.04142116609307758,0.015911432357131123,0.0031420992160860165,0.0750067496573296,-0.021279506354159473,0.04664025380569746,-0.02844037828344275,-0.09268407758019748,0
-0.23511656047322207,0.08388235536057982,0.08541949845105755,-0.0034126057631757027,-0.039154048531586855,0.05177537776900762,-0.04299134977072732,-0.08844789495066523,-0.002181168222109086,0.058608474961806455,-0.04547996873790267,0.010305574267288484,0.034067389002857905,-0.04553859683882451,1
-0.23487996306408515,0.10511234661994215,0.09397450439530997,-0.038821890565528296,0.036939254605906906,0.049844915192329,-0.03888653735103027,0.032622371247117414,0.0393297988498688,0.0023150179793103597,-0.03182843634579597,0.031852413855632006,0.024949544184051906,-0.024244070077882186,2
0.1875779729196939,0.15489792592850316,0.16914561226977542,0.1937255966008738,0.19658922633062795,-0.13517504717832712,0.04548156116141883,-0.06602072985441487,0.032314048411007976,0.030552826090110324,-0.01844836845979661,-0.06685315322754144,-0.043002608949426535,-0.04291503391036128,0
0.003915831690229473,-0.1551430912611732,0.07701425135627764,0.011431787813593193,-0.1315955449741462,-0.08260095507300784,-0.01492663620185023,-0.0728734462203785,0.04288086123416,-0.013043684807734067,-0.002625238645607661,0.019966489428531995,-0.034198601969586254,0.010433592807116884,1
-0.044222033449363055,-0.19625825152000897,0.19268738021769086,0.03372187399553935,0.059070746284588506,-0.07838695061543849,0.04971480181060993,0.052145146167318475,0.03169704580055632,-0.0341156509637904,-0.018892377292074877,0.015184230953033133,-0.03722296102516616,0.011104914148638248,2
0.34092198516236205,0.7483739218336427,0.006936526249538216,0.04064548319880995,-0.06937356448669009,-0.11592013053465827,0.0533157577685943,0.10287129514288838,0.005484523739804249,-0.08207991844793881,-0.07619394206973952,-0.08287054871522438,0.11401941887821583,0.021020616523566567,0
-0.1312459830639604,0.1823368363850093,-0.033509706056098564,-0.035804022486856484,-0.156300591860941,-0.052128258092434585,0.06192665079842874,-0.0055449303092613995,0.014691892194842657,0.028621662042944144,0.021567513641557037,0.03443563570715053,0.007266760204830789,-0.029995022207893598,1
-0.1693892208867648,0.16742954940241322,-0.05027648189185792,-0.15887429183472265,-0.06559622148888766,-0.0789903613351776,-0.005381875061652298,0.04403525188399965,-0.01796795959374478,0.05560999921152343,-0.002247720009699473,-0.006029937574814556,0.01015998098179771,-0.0008195208986032654,2
0.36765900509384364,-0.20594022176214952,-0.06860977519296996,-0.015541089565298587,-0.16910116365358074,-0.05228923577953926,0.044161544200503965,-0.021909367141951817,0.09557102246541557,-0.02651309664367547,-0.02143204655986459,-0.0117669542035376,-0.016620175613738977,0.031653152634913105,0
0.21929436630683544,-0.3331114874600125,0.31743635753580995,-0.16680716755710132,0.03636882739832404,-0.13638036529238023,-0.052218045519932775,-0.045056409405497995,0.04671773800664044,0.03274894217472658,-0.005223725217515078,0.03967923622681495,0.01795138339056349,0.009291861150386278,1
0.458718676239628,-0.06944711810071373,-0.22976937017228882,0.012720438960197186,-0.08577507857179695,-0.06777152308242487,-0.01271865610196812,-0.05588605665152575,0.005703293416376731,-0.10012952680347151,-0.04820849397233325,0.004771448300616621,0.025850356717619503,0.03467705208762092,2
0.048491825809621796,0.40135297609847437,0.04315537755433336,0.024662935898501385,0.006103648151998849,-0.14091156526958107,0.09776579422532622,-0.058845860229420566,-0.015096797763617295,0.08791759136250335,-0.036456701593924924,0.017829031820106672,-0.11667270713527758,-0.030850716769494916,0
-0.12052718050016875,0.21484041091440217,0.055794066014556325,-0.04809189999242072,-0.13610291204395278,-0.08858820791486535,0.06082779728589271,0.014919924554835012,0.05468968474405043,0.020434195494198944,0.027705806525671922,0.03764430157264306,-0.009013752084516954,-0.013824736039047053,1
-0.18966600875992884,0.12719288397160458,0.25043689920803713,-0.13553312043770527,0.03533603324964305,-0.16190524118069125,0.09191823330068712,0.0818059917258906,0.019569680367951,-0.03093276299571946,-0.000452151355233679,0.025084733697617646,0.002300831509373282,-0.010581908424155479,2
0.3448530467526171,-0.11170582658043028,-0.02337709216291789,0.09878920979195879,0.03513838812198098,-0.11407556049146572,0.07062706663152936,-0.07229363234682203,-0.021584562126263602,-0.0028667041481808585,0.0040547594899872415,-0.014347778852588684,0.006327968748735017,-0.0567626385321026,0
0.25095678899634527,-0.28910587540328686,0.05848029959606992,0.029736165264295056,-0.07806328587568753,-0.04148471695944685,0.055290911609498034,-0.008893977790855101,0.06266687968073824,0.0016956634726281701,0.024422892915387597,0.04407973072946099,-0.006880565997659739,-0.019477356279314236,1
0.1694073663596048,-0.3077971865569835,0.2906991109941509,-0.18508523813801994,-0.012947712738315534,-0.1474517475734597,-0.11405770979266001,-0.14051559016952647,0.008493129682141,0.02708918253710276,0.017887269642710205,0.04550718216753154,0.011260677590657178,-0.014215160434493303,2
0.1875334607136942,0.5620906695198242,-0.1800380911083517,0.028434997408865004,-0.32482831670975115,-0.13818766094458798,-0.026388158507900883,-0.19379242537927915,-0.054797432804560064,0.2136560513028991,-0.13210681913710848,-0.06366033130835455,-0.029980010420216953,-0.06112343428991135,0
-0.09007473941389721,0.17929057972006054,0.12345103979697544,-0.06299488446613788,-0.11113268207433763,-0.11959342052898891,0.0917093681949699,0.04843732697773226,0.058883505386877505,0.007516700092095009,0.02347368409440073,0.03645158998872907,-0.016296545850715962,-0.012263077631323928,1
-0.16874586794030413,0.15950087234812255,0.1551212520841582,-0.2740291991657237,-0.052926980415693915,-0.25075175372355873,-0.012202679255685245,0.0002491967054310454,-0.04219350212965803,0.021565629005298435,0.004456191391405919,0.013538536386104994,0.0032253076242203887,-0.04683315383609858,2
0.32528929087928965,-0.16812377708179296,-0.0007692518422105143,0.06468784090664736,-0.02138521522454838,-0.09388735148235275,0.044231778332223595,-0.08980339863513101,0.012733165036176004,-0.02997849426816879,0.020818053759873282,-0.021020814168514534,-0.007978667734963198,0.015818647399892555,0
0.24251435263217958,-0.29999740896686417,0.0807718454158106,0.0212542736364905,-0.10531162517629565,-0.02651501366406013,0.039948308921455754,-0.01711649192575741,0.09089725070586463,0.0016354011108461251,0.021768421857214497,0.019520765409458345,-0.02223880989886602,0.017893300506626828,1
0.1622433292768912,-0.3205602145408837,0.3145256061373543,-0.18882248723891915,-0.012681178657799056,-0.142266963216896,-0.11095278742637009,-0.14342835037286433,0.01772180186417314,0.025920103424639282,0.009697072705915214,0.035113818567477306,0.0005097057526581461,-0.0037537484293784233,2
-0.011985524814670502,0.37939786341136505,0.031512677540061415,0.02046006338860917,-0.04576391202185317,-0.12032224174633957,0.11394460224681636,-0.07137461301710295,-0.021484900748893192,0.05691971979574502,0.02078733998236019,0.06562099794723336,-0.06374488206982618,-0.022857165071759784,0
-0.07691770222646835,0.21277373903725447,0.0839789744647401,-0.08211234024732154,-0.15118069913067847,-0.08585803615145536,0.0909136965619161,0.019593803092844943,0.060650538019284085,0.007083655743897174,0.02329426991670504,0.0373420365140517,-0.004619478366280627,0.014263031696027535,1
-0.1509946369291522,0.16937902991282852,0.15106428411872994,-0.18191459259571083,-0.033492909524854356,-0.13016364868310723,0.05815975993346411,0.042326095561923585,0.009782834236847688,-0.004116283045339085,0.011823670081135907,0.029977287127727317,-0.007595395880775852,-0.01761071771235983,2
0.5214438828401947,-0.07820669923489468,-0.02532288636820066,0.12466602250265224,-0.011982728320428127,-0.06640424082491805,0.03076944611112755,-0.07483184579413821,-0.03835477187498361,-0.049109864950423125,-0.04483322169411017,0.018174224065470874,0.02253258563602848,0.01074712524251265,0
0.3811704666749022,-0.19678111317053534,0.06236964635308157,0.03701825358825348,-0.0895767672537459,-0.015867667535660896,-0.0055385435433369335,-0.01915711457086751,0.05425062752768104,-0.007791873843276615,-0.017927559166675697,-0.00949622015894108,0.013868260367390884,0.03599419263905732,1
0.3365925183949093,-0.19951102549785255,0.12594551564789822,-0.10910399443587576,-0.012968096485475747,-0.07752653132004626,-0.09876366187093498,0.00631983375827986,0.010647688037053257,0.018962158772274723,-0.021306351059307938,0.020097754368590664,0.009078007531129056,0.028870329287287257,2
0.40918460281914093,0.7887248368474127,0.11403757623259639,-0.023607644502751195,-0.05807074175108933,-0.17388634108950973,0.046815416736681645,0.19163429828561418,-0.08332878026811645,-0.11348076727245608,-0.0012415712208695357,0.027921507881817853,0.15174176686192786,-0.03307488110671914,0
-0.009428826318168906,0.37191697764529397,-0.1638603793703115,-0.01773619936066593,0.03099114120926705,-0.10509391541424336,0.1077931661618824,0.22877205135356196,-0.03256382085721495,-0.056611779370143056,0.030659986476193918,0.11081599238418928,-0.061277008029285346,-0.04735025263886377,1
-0.14830252251072035,0.21314377289868183,0.10433435403033998,-0.24566563001293817,-0.04887727500924725,-0.16936977153555574,-0.04466685054503881,0.020888078796532265,-0.012434134642638883,0.02182197922866015,0.010896993537505515,0.017207932902459477,-0.02599590862322036,-0.012604686206984659,2
0.36685911137388694,0.058158002943416554,0.01436688969901681,0.16917695839475516,0.05616087087079289,-0.110086322250321,0.09560321907351238,-0.12015571328809936,-0.0027427968790126552,0.03028971645214787,-0.0834227503100431,-0.05555660427489467,-0.06344861428442881,-0.06060967327881484,0
0.21497611808659697,-0.23745261308303925,0.04159488646233922,0.03177848160972075,-0.02220985509901418,-0.01422894149924731,0.06853072900578834,0.00243757820493463,0.06408920834433669,-0.03238214934023524,0.03311806168812748,0.021263138261885337,-0.007003287933637661,0.010752099465888239,1
0.16047271127846896,-0.28559762704923625,0.19670351751387485,-0.07699530782974703,0.09938566233476437,-0.05742091619011172,-0.000280150642454999,0.04427815592956848,0.030049265999822446,-0.00639014829769444,0.0009345983047474904,0.05017418966678557,-0.01962154639187723,0.008123370105261665,2
-0.3383278615328531,0.2021332270016085,-0.20045399082700288,0.07174173749607934,0.05819364517305238,-0.017989126480632302,0.06318598870587964,-0.1558753383358514,0.052953369593443184,-0.04464410881912653,0.03459523930968397,0.04142702994287917,0.1044543282877862,0.014237005342568977,0
-0.39565411582873816,0.1217358633054728,-0.30210776660614924,-0.08645488796630431,0.014552005554010646,-0.025390862608138835,0.01240312014604248,-0.028969519245402437,0.04413757710042063,0.011266575563684678,-0.02327536608531732,0.01185821895885581,0.103907474591686,0.011327959877277057,1
-0.35178118919162304,0.20675126351870868,-0.4368925352714191,-0.28997458310482177,0.19015556462398292,-0.08552189170084093,-0.14803273796389613,-0.03465042623432513,-0.0015418079229730425,-0.007001235186706594,-0.00021035748055458673,-0.059088636046173204,0.09871512160466714,0.005587438859317654,2
0.20146920770962434,-0.3492772735768331,-0.07735013496303121,0.012787798153690825,0.10555758295520284,0.010793365339572472,0.008741961561701487,-0.19113117643246147,0.03857879379950073,-0.0129199702734821,0.021904658660965897,0.03460352749417087,0.02885629086173577,-0.005406549811327496,0
0.21216301735568263,-0.3265414887297259,-0.2118920118172687,-0.11468086705244607,0.06558002945769385,0.03365047207994278,-0.027721817192881183,0.017177702962467963,0.09623577413164898,0.010014167728102957,-0.0363954315551656,0.02196653511327266,0.021368316616704894,-0.04128824206136133,1
0.015628935375756055,-0.583165095684505,0.33199233907398995,-0.12984287853554585,0.503638674647692,-0.02141374570067091,0.14966422281400388,0.1635682575539731,0.06404144786055727,-0.1502982975352319,-0.06912049322478003,0.02175234552302004,-0.07911710667134049,0.11884623717988232,2
-0.6352178220963673,-0.1389825043398414,-0.27029563182431454,0.0977800795518238,-0.011392085010810387,-0.07105358225294496,0.14051659712943057,-0.1524104232764616,-0.014812029117118587,-0.07759298556537689,-0.0133916490138242,0.0021298591343591722,0.014669301618476807,0.057788741540467974,0
-0.6317481994210676,-0.09534850922282509,-0.46141593072097364,-0.06995336937175908,0.000645018708540286,-0.050884216654010085,0.04182829435035855,0.010180431032236762,-0.004832167666227084,-0.021725029871305545,-0.06521060089754153,-0.032451014486682646,0.006909874731357181,-0.023401966961020034,1
-0.6864570242947746,-0.16350381941267336,-0.28631221649172234,-0.20353618065571483,0.08933214613856262,-0.14438413790415033,-0.002982214278941535,0.008571131577683883,0.005081575983749799,-0.005932768514642584,-0.044362229412800984,-0.0624120428230191,-0.045370281955041454,-0.012529747036022361,2
0.25957570342888187,-0.3268982800952269,-0.19503798820777785,0.06381431055472409,0.08619978129997657,-0.1039994689832501,0.05035990106115779,-0.13013401384215695,0.08633014793826085,-0.051210646375466434,0.021827634211535628,-0.025550193991515913,0.0004948225814136562,-0.014128136885013628,0
0.2199196230254532,-0.34722278922553385,-0.3122404790670582,-0.0896515284784269,0.0006511820879837055,-0.05638104277395651,0.014055633708601526,0.03765304153637733,0.11149403427177598,7.423808504987898e-05,-0.005693236004962178,0.018024797172968565,-0.0010717880119842443,-0.06131590220060042,1
-0.022162023550018558,-0.6301238281932652,0.36886478188740773,-0.2031184484264118,0.1878013831585022,-0.10627956309301699,0.02772020999747354,-0.1313912672445988,0.04850430691745076,-0.06047037081367495,-0.12285117924761119,0.0691862936145057,-0.03935414689284384,-0.017798718106773307,2
-0.6728802768186617,-0.029505699919236218,-0.3412190602562103,0.15584664568320658,0.05004464043373957,-0.08187308055958689,0.026334953864445704,-0.1460656309299632,0.013204232456331887,-0.12158706980009512,-0.04735741870382845,0.02032396554467232,0.03526667557848306,0.039692517198567465,0
-0.6908742144766848,-0.09250630013506657,-0.48022127511760637,-0.0228209717464382,0.0007909749722544047,-0.0402700383369921,-0.0056956267397879675,0.005862494223897233,0.07722064774639846,-0.06513905257554345,-0.07525267415409537,-0.024515497921977627,-0.047394018493889835,-0.04078771451115201,1
-0.7864190144471903,-0.25817211954006325,-0.17829383778594918,-0.18464871626726995,0.0508451125040389,-0.07215848920174141,-0.0742241386495986,-0.1061104326951011,0.09868441929422431,0.024517658862955722,0.07169629903379608,-0.031264027092701,-0.1144613889749191,-0.014313179073639692,2
-0.04131639861772539,-0.5567297709775151,-0.2378150644328538,0.14745469317071538,0.07065401696566814,-0.13387449127789733,0.02669040916881227,-0.09261698714725859,-0.004426997478612737,-0.0005635140120122523,0.07334184239617236,0.04275441948361083,0.02355901579780644,0.05124277502879788,0
-0.11175084588108661,-0.57702352040664,-0.3807727400844172,0.04521649019434683,-0.023667937737288914,-0.1065349098091393,-0.022653303160651395,0.10352332763336225,0.004050298954317641,0.08891429292290022,0.036537618554648585,0.05607378034876929,0.03284885001932424,0.0037613233450241547,1
-0.2744921951206734,-0.7574411737202142,0.05952220678576555,0.00030057832794703375,-0.008764277142379009,-0.11325883583939797,0.00622684764742543,-0.021779814976012273,-0.023202905050463934,-0.10898687714071562,0.02304877418606838,-0.03834139991524055,0.035801936602383705,-0.034774990074790416,2
-0.6628838280225996,-0.01925002775461224,-0.3507732227900105,0.1587929235430852,0.07761537362089402,-0.08834176656128451,0.02867607849646596,-0.13065871948006857,0.004082834131803247,-0.1151930325361952,-0.0456548140506959,0.026188119724157376,0.04789415973260201,0.038863994470478724,0
-0.694937410409482,-0.08874495389973926,-0.48029565271359775,-0.0172268057046043,0.0019812540430364906,-0.030029321067005784,-0.007138871818908199,0.013091480171925863,0.08066746202494285,-0.06847769439184122,-0.08057000810356771,-0.02082272752279392,-0.048091591622863486,-0.04082055731339792,1
-0.7875999840073912,-0.24562967253228918,-0.189914803377931,-0.18179917188240546,0.07418115426407713,-0.0666443277404144,-0.07456966515538269,-0.09828437532153754,0.09359379153446902,0.017944546291000712,0.05788564189142006,-0.04209038692425655,-0.11059521453666993,-0.011503915028646033,2
-0.01620203336844319,-0.5067564988692981,-0.22721003970705952,0.16393519745913848,0.10320007275154428,-0.1480654245072773,0.019752935271099323,-0.11342152132254828,0.009284027951597716,0.04713357431123892,0.04248668171023858,-0.0030749837890980012,0.007998940512322457,0.023786398034852132,0
-0.08631592125322726,-0.5840820971735591,-0.3998791430898154,0.03372398469468987,-0.03844672966610946,-0.08255764498399645,0.0008600474484004903,0.08536294087049456,0.01096910441170794,0.10358860941879405,0.03381595753603029,0.0571415929553856,0.03235828847883082,-0.0062044612540365545,1
-0.2892108969323579,-0.8242665840937624,0.15425323397567484,-0.03336788321875904,0.0022251042358208397,-0.0885259096599283,0.023776092714596717,-0.046956628931033445,0.0009836928516381398,-0.1501296074135932,0.013472156594660624,-0.09447482614473472,0.044625069799344906,-0.019924457513633555,2
-0.7005792702094026,-0.12796912092836737,-0.31838100295463445,0.10706768990044381,0.06957223337993089,-0.05121682656343332,0.06513924075187949,-0.16543650873766355,0.02660141937223704,-0.11892289069754361,-0.01717986872863712,0.003217251815071757,-0.015423019840212226,0.023266415574124386,0
-0.7207887765426709,-0.09730212887643794,-0.5190226414174512,-0.05380739670756876,-0.01661351238391799,-0.03731250509098103,-0.00035228804154148745,-0.020629880726012073,0.06752921714561923,-0.06859529964082232,-0.07508642243640862,-0.05005938753048548,-0.07166134983262192,-0.06621289401844899,1
-0.8369175974117704,-0.2570680242899298,-0.1646003318053309,-0.17546043003468062,0.0844927749277574,-0.04807035835134909,-0.022602993193699315,-0.0654793600895072,0.140831442721925,0.0062013065956919725,0.12738167647836068,0.017027506385243075,-0.1483817127853999,-0.06938698460508802,2
-0.07779848413260301,-0.6332613928772146,-0.3591320805765028,0.2326099322954816,0.034692987416158325,-0.07959972160370181,0.03037406150392302,-0.04493706414910787,0.002512368834660993,0.013228733516690424,0.09245278361720254,0.06409107363776513,0.04049021286186869,0.036169168381470544,0
-0.15091641522619423,-0.6236038239695342,-0.471802482709563,0.045124678213588267,-0.024800805973747363,-0.05589224314905077,-0.02745177620577708,0.11564645837931549,0.0143447869082794,0.1002955799724504,0.03695643360178722,0.04368506811288794,0.04044298069067678,0.001274655688036844,1
-0.30085473663386825,-0.7684019566433627,-0.01101197275229549,-0.0657966493249358,0.05844609441952457,-0.09055361112005383,-0.06196962521316284,0.014411308149517767,-0.0036431038376175885,-0.10663458491707074,0.012255716524647646,-0.07959413930234557,0.0760386168451778,-0.03376529654059517,2
-0.09211324553282911,0.14025995182215714,-0.1280711353688168,-0.006897049166457635,-0.032935152712309235,0.09631712296552304,0.030217787352760157,-0.07811709564127088,-0.051904783425831026,0.020034618102887054,0.05387334707380143,-0.003390227465778625,-0.003981842600503531,0.037440122036718135,0
-0.33731947654236794,-0.24745955327261715,0.24972106582719877,-0.028145204070250576,-0.06791128325421861,0.14615641481999078,0.09764476086902232,0.0438899342356131,-0.06749485008745518,0.025302922078702075,-0.07770166806860627,0.03984345897078339,-0.04666466952005141,-0.016904324502765345,2
0.360241854714991,-0.17049445852997824,-0.02039979297575455,0.03501947925492189,-0.02395926343006716,0.10008630459347852,0.018849472014393315,-0.09844118423035651,-0.053064877194591936,-0.050740669252111285,0.0390902158075531,-0.02083374561741305,0.05312484592171757,0.06393827307134572,0
0.21422054637468668,-0.3377672611248533,0.20209126895864066,0.0016231029455412483,-0.25215992111614277,0.17544063941530985,0.013964545369202533,-0.09149621444866599,0.06693071451066952,0.08531617938088393,-0.009315270971313915,0.021005373959054784,0.023418286489181334,0.03592809899301102,1
0.20519931188064172,-0.32188148872851735,0.3212027692222947,-0.062446458311584754,-0.0034348676679185927,0.09153573802433493,-0.0011682291543744718,0.011474113424221367,0.07419105198308619,0.02830415764794323,0.005177464582072724,-0.0172043250747546,-0.0023955290554829984,0.07707067279696687,2
0.008378014438354795,0.34918380678054906,-0.13618254161343826,-0.010373562996028667,-0.05612028642627131,0.09434402741778881,-0.0015240687907930569,-0.0880018688724949,-0.024133114640366823,0.00395680550386191,0.005968077287223582,0.06426353092160703,-0.013810941187806387,0.05445384165447677,0
-0.00715942710768223,0.2765540754895081,-0.13267880185139597,-0.09442174474302722,-0.09744509308119922,0.06473662348438755,-0.006684837684334498,0.06706355969393352,0.06687032667574842,0.019773718327925675,-0.015181607492359675,0.025127342946659442,-0.012031163557602588,0.040774817734579895,1
-0.12340066052353973,0.11104399605689354,0.12177650132923341,-0.12220643864281487,-0.00012260269296152294,0.09750639684480202,-0.005921325430754906,0.03654503057698052,0.07231410034855792,0.012891845557608217,-0.004956521738205379,0.015235926178225483,0.02279810672332721,0.013426750900508965,2
0.3926028528667587,-0.0700849164772103,0.012334367039093562,0.07844578892323949,-0.004414435358154689,0.05164276803970605,0.05731390895755842,-0.09035513456520888,-0.0278626617205146,-0.07522287759545424,0.020398044418888536,-0.0208651486274145,0.06352089355558556,0.0799815049038381,0
0.31328194452987634,-0.1000172214640523,-0.04175159966164725,-0.023231132548151668,-0.09170056180852625,0.1273006504600714,0.01814843507676992,0.07252368238687328,0.02385431043213447,-0.01260765338388561,-0.030698141359442946,0.007515892686615792,0.03894600373209544,0.024750667687167063,1
0.24820247203699317,-0.19820631021254292,0.16757308549396585,-0.06712988287886039,0.0028653547176370696,0.10002909532117332,-0.03426501244668871,0.04191316015386777,0.020127537161939376,0.014518527619504746,-0.001787111585326237,0.029558235250523326,0.021794069182638227,0.03836755425731786,2
0.01430074364668564,0.5058526351296289,-0.2979084622625563,-0.0005764929855841029,-0.1563487516189611,0.0766541397987839,-0.018303026095773847,-0.06833294803216089,-0.03121638872622021,-0.03181319793221531,-0.007435218588428553,0.05087188580582619,-0.06582390892196181,0.07932307952624977,0
0.023976251769125535,0.3825299738932039,-0.20825238206527585,-0.08877857782047047,-0.19460296507149552,-0.026716705768748055,0.04026418109979749,0.09800642050654394,0.06584204438407633,0.00013722226203885244,-0.02679473124500237,0.08957776764233953,-0.03918682956323754,-0.007200619412356605,1
-0.1487375752387398,0.15910386023149345,0.16528999835787436,-0.07694422442663168,-0.04490885329843219,0.016413933462442687,0.04029706447791388,0.05220095966199838,0.13102328691601925,-0.0031771250736173564,-0.006675632620685299,0.014766280873627946,0.006045837190814781,-0.014086024380636167,2
0.4230561754363517,-0.07651704792212989,-0.04716452491884849,0.10047648314078002,-0.050748411762609545,0.08995316403602262,0.00011393001157177685,-0.12121800398143723,-0.06276582926591714,-0.061805280698059815,0.003343188687475143,-0.003170575097396298,0.038753088677365294,0.044843000195963184,0
0.3129599170223289,-0.14027344994724156,-0.02765944908919682,-0.03890034156353893,-0.09154222119179296,0.1192024346408215,-0.04911508502228582,0.04671334733512611,0.014533545306415473,0.003852140054873893,-0.02602773491071516,0.028234374996261368,0.030509473649491345,0.006194711258671906,1
0.22397151960191136,-0.22076556913946407,0.07551114894795166,-0.07777674797793892,-0.024379714778065862,0.09061968619193304,-0.05794752270826267,0.021398328933964865,-0.0036281481566983573,0.0313039607679083,0.015507365012971853,0.02519534501329876,0.0002938372407581929,-0.012761448184420855,2
-0.013743400889535634,0.39205896558896064,-0.27735370860920294,-8.872991332986041e-05,-0.08634448166018589,0.100380307616824,-0.029360623131203176,-0.09113535518924012,-0.04531264928176365,-0.0022229145197138795,0.013809175133079306,0.017656079798499445,-0.061225029962443084,0.05823600936785984,0
-0.0578797619866934,0.2839631232633565,-0.21760513039893759,-0.0852244308406209,-0.13812047526875043,0.06336257537291413,-0.014805927933428045,0.09854257072498836,0.03596337350335492,0.014664703262493485,0.004517107318264477,0.04163080112909241,-0.022809509230909266,0.004300185612988323,1
-0.16640258757872595,0.10351434165123774,0.05649388198189351,-0.08424596545909478,-0.057550536053337036,0.07965463518065247,-0.0037002110004573964,0.06016223408344572,0.07839576275493439,0.0013530097549528536,-0.002143902764824723,0.009300639247217525,0.00644920884237019,0.008759621151583808,2
0.36955386221791614,-0.17169903233108852,-0.14659135268860393,0.05155096572676187,-0.034511661045582925,0.09893991203287512,0.07034585843411487,-0.07349447493543922,-0.06156992102808502,-0.07453277241453168,0.050801252183530377,-0.029259379764454523,0.03994743566398091,0.027175470623753178,0
0.26041852659001463,-0.27536526826229685,-0.061852890216196624,-0.06105459426898284,-0.10134059277939812,0.10345557670279279,0.05608555479798176,0.05363476442749562,0.0026883397328320608,0.033567388224930154,0.02662715081392127,0.01587200484917763,0.000507546647484989,-0.008039637758400676,1
0.20365269953929102,-0.3439837457768134,0.15623745387176827,-0.10392162324914796,-0.037617747348697717,0.079906404530565,0.0177548477981768,0.05028161023818047,0.042114995920352824,0.06282035126183057,-0.00590795465518905,0.023130180787254755,-0.02042205232962716,0.0155663298775172,2
0.021617495451763436,0.38779261542095955,-0.22022829842407263,4.718260733124334e-05,-0.10345573417146557,0.0976214400295514,-0.026708023830967334,-0.10947364969769241,-0.06279023466336177,0.007569583090542735,0.006922542299337743,0.06694004478694758,-0.03756579660472044,0.03752899014068955,0
-0.02211826471880219,0.2561571889448007,-0.1993760107677032,-0.09299614476271674,-0.11553154503272008,0.058687316116363665,-0.046716370199832005,0.07120522260830853,0.018557219851781277,0.008674566988084782,0.00220106453287483,0.036071213626650174,-0.029511178073759328,0.00521402071617912,1
-0.17347295964295983,0.07609173549062152,0.06380148556694436,-0.1272615590688251,-0.05290452964379927,0.028563381253456106,0.02179684003379438,0.03517332346445748,0.04823236256832594,0.009647865968398108,0.006908384830946641,-0.00985464480590954,0.007044756234034596,0.01916103726126259,2
0.4699911359523058,-0.10772776206481165,-0.10611084247498055,0.07378162033664726,-0.04360007787114231,0.08006969448949036,0.09674000577222873,-0.07233393242142469,-0.08821812545308094,-0.041692977658523964,-0.001864266041984767,-0.014467576102973435,0.023039235808284066,0.011766621243246511,0
0.3664553015745882,-0.18992783588547715,-0.15723793556294957,-0.08140480383101821,-0.1013806567538467,0.10592512706231856,0.07376172969885728,0.10256627041852386,-0.027597872498582827,-0.005921378286282545,-0.006989765403816259,0.03701862025845828,0.0026853566016536456,-0.048965739341370475,1
0.2652901598258845,-0.3237020579857889,0.13711823289748212,-0.12858061992126485,-0.013038134318603786,0.09908099725623645,0.01168369246792012,0.04844707902144335,0.005862826382068799,0.09543773517467138,0.005182488221815069,0.01711588716945778,-0.014263846774105393,-0.0018769853700321565,2
-0.1575691258419494,0.20169405420016373,-0.1995862613037861,-0.07222178724887138,-0.05617145096179598,0.2206557761398027,-0.028512902136494687,-0.15303091770240349,-0.05280398891787639,0.0015575759421212116,0.04037130776191108,0.015460355328140966,0.03491856828550751,0.03703575642228827,0
-0.20758834203244733,0.07181648077452832,-0.032919036849227826,-0.03368559540199113,0.018524096738295054,0.2287268402212109,0.07454160016170243,0.07085351813288517,0.03586834154119853,0.021329060693810572,-0.022819850760515587,0.05475054968724873,0.04019720881239331,-0.020054969011561355,1
-0.25964500014408143,0.015931493767817228,0.15664088874999102,-0.2601554040985838,-0.05908864066070639,0.21292300606141495,-0.1464302707425304,-0.15162013090347068,0.009727735454362566,0.037996548585537325,-0.06963696457827119,0.0018789381630137162,0.056858689606317014,-0.06434023961596924,2
0.3155627913921304,-0.07593716853342196,-0.1096911289390076,0.10180699637132859,0.008554675347687354,0.0887483742496216,-0.03595888095417295,-0.13343133028258966,-0.07779666173636407,-0.05533646845663015,0.02267708804735459,0.015157573024479249,-0.024505213237876605,-0.026539545747895747,0
0.2813607243618799,0.03236074966085407,-0.2917718504035209,0.005052565559402336,-0.1126975351711244,0.1425031772665177,-0.10628281716322262,0.06209411680789179,0.02040728595649629,-0.031256281562314706,-0.08365179773397641,0.03310753890574345,0.03902833927507491,-0.04505093978107727,1
0.11162574478417742,-0.13250180151862606,0.07806438977509611,-0.15768266208404622,0.024274724296933996,0.05602460494307701,-0.21293678173240044,-0.0760238911731797,0.008027575212921849,0.0333811335132675,-0.011368490559711175,-0.03799096342339766,0.042350396938148356,0.012074208435595488,2
-0.19031242415121133,0.3628980376798588,-0.28415083646367606,0.0637662070660364,0.07089912832682733,0.13302732241299697,-0.00843921757888384,-0.05789609538741649,-0.12615500264845037,-0.030726734098286954,0.08316758024462322,0.15171708575298498,0.004404272758939672,-0.08166360654138761,0
-0.20571060364407767,0.16621290727557017,-0.1688448094604699,-0.03398364514173033,-0.11233132244352549,0.13584943421558612,0.00010827339497629552,0.023216543715016174,0.03464622663432896,0.02202383069084703,0.00486938318972921,0.02537992174297454,0.032471503073258114,-0.019749653807848874,1
-0.3100586870866431,0.07876144095522157,0.14584172012541838,-0.18818722292189483,-0.0211375808419065,0.11372204653548498,-0.10842752983713976,-0.05418363655369755,0.05623420619658165,-0.02744459299775676,-0.04108646658381245,-0.0004034103402518505,0.03901727640153218,-0.019236103450972812,2
0.30377614952461,-0.05674420660049076,-0.09617340694419103,0.17101707746668024,-0.02572609979896688,0.03464183746899403,-0.19166037761567137,-0.07939698255256929,0.021354021290218923,-0.1126718199633317,0.009427293944899537,-0.05569585526967831,0.004509759264945913,0.055633791120237565,0
0.034795465391892384,-0.23212772958517358,0.3054388636892201,-0.07102608243985423,0.09672013720406263,-0.007131047321190091,-0.21191192909590156,-0.03485198380840569,0.02376633588622844,-0.07598490399136688,0.00319570209125164,-0.04128242095391828,-0.020056725600341482,0.009468633718827115,2
-0.14312661214014266,0.3312752522482667,-0.3514180253326827,0.0010483770559854284,-0.05553975248116199,0.10722405418002824,-0.10319973714972037,-0.09213244279218666,-0.05418564352759357,-0.035400536504869615,0.05848938330156284,0.021448250606071993,-0.017414801251926158,0.055034976853088405,0
-0.10046855026984097,-0.10614984387879071,-0.14048916682301402,0.26368129753321706,-0.11864501287319362,0.000659612081082821,-0.27284179863875513,0.10734524593482811,0.015920209181129043,-0.06008385752414661,0.03556365710101054,0.0014572862551794836,0.010908447807019406,-0.026416032952812845,1
-0.18088666225082606,0.460848030291983,-0.30228924326049444,0.24233319007925724,0.22005403779105065,0.04494940979925526,-0.12168503592785755,0.009381500956740526,-0.08703114043236686,0.06470528545694133,0.04823270544850179,-0.050799005576313255,-0.19110393581949034,-0.09981612552787424,0
-0.4945689988786912,-0.026554027031547595,0.04846872458067148,0.029417613835681547,0.023024950249473413,0.050809876681358675,-0.17833268127772312,0.10770747112860402,-0.06979519356295602,-0.04144971924005387,-0.03966940485078257,0.010528025167048372,-0.004186620080356077,-0.011777727919827253,1
-0.4798873845290412,-0.03208517428384782,0.027260490143971864,0.11320068525919989,-0.029838840473261567,0.0791590145665827,-0.12876758207368358,0.10281985841413946,-0.0622241927676955,-0.04636457138937204,-0.028762169060003985,0.024842250233571155,0.018154994393789897,-0.029900942643992404,2
0.1496532554945683,-0.08872151011325545,-0.14555160229927355,0.24429945467407052,0.009442282482740372,0.06033535798278721,-0.2754093233358031,-0.046329962861713106,-0.009533537786790332,-0.1429356410848046,0.0744611199107887,0.005355516648822088,-0.036838809176210525,-0.024062867527224974,0
0.05733951114441252,-0.1528352096626941,-0.11201847534702464,0.18945994112160727,-0.08367804676807765,0.10291505889862278,-0.2541587926315706,0.03727479864421201,0.03692638806832142,-0.045485934879806456,0.01513997739892938,0.022179108574700818,-0.03298530918672502,-0.0761419953456128,1
0.04810150629773676,-0.15010617728044534,-0.05561249547995188,0.20589241152683535,0.12963522753709883,0.08891650968197597,-0.17010143866984426,0.21141474382989547,0.08261533626926275,-0.0977417434049058,0.03801332170621894,-0.09914156198868522,-0.04828741482070432,0.03399267684469093,2
-0.266151799445756,0.07356396183202912,-0.21021871141675727,0.1062334966816923,0.05305372998550321,0.12840389773469849,-0.09299900539517801,-0.039225327235376,-0.14773811592994252,0.04001682259248393,0.02991171285107109,0.0029665044654887743,0.004809463220392662,-0.012718031469849792,0
-0.3115866087989717,-0.03566720248966341,-0.18251471585125922,-0.013422851736820845,-0.0248525176220658,0.02217512801360555,-0.012229989792680465,0.15608123384956593,-0.11359219409670657,0.016287018725064037,-0.0015822717112371344,0.04047791186412247,0.03794487283184806,-0.01412079547735773,1
-0.41951961037437324,-0.13482354559773077,0.19120061652681342,-0.16590528698584872,-0.08385305663167589,0.04848952221953092,-0.16167367149861137,-0.02712718538413725,-0.032624304215475734,-0.0013549521840432227,-0.06367128080331236,0.00011445774125987193,-0.007916324157751828,-0.025341550535570422,2
0.14812097536064556,-0.2563640354340098,-0.07466134168648451,0.14584505301532769,0.00011497046465991184,0.027345130362090186,-0.09854552561162772,-0.0580875445647341,-0.07197395927145214,-0.06521672084973397,0.10719283803664398,0.02748084431021014,-0.04071691181749813,-0.03694106157870033,0
0.0782822077230651,-0.22173768826121615,-0.09580156570777054,0.12714946795420354,-0.05401716501464584,0.08165811590696428,-0.11155290235856796,0.13044082941609025,0.01737672143891074,-0.026765617318102935,0.03266433032864701,0.024359208520763384,-0.018603760968263293,-0.04160591844739294,1
-0.09548433847302246,-0.4057665264049063,0.3713225354375285,-0.03507868506467582,0.11498190204296416,-0.013570072937674626,-0.15357669253244208,-0.022795067444559294,-0.045154131370882755,-0.10786330942878099,-0.04545896170560181,-0.05801250653124674,-0.0780421594709873,0.0017270553052792126,2
-0.37165729634108596,0.5865600204915246,-0.5837942282963583,0.24914327570156608,0.0849618426231902,-0.09708981782091654,0.030637237104884037,-0.04539888983968372,-0.004747925700592184,0.07921536568545928,0.10885350787706405,0.003479789014714741,0.08376805576108183,-0.1364854162476933,0
-0.47328555382218124,0.05492202947755699,-0.3088806053993918,-0.06930715327957712,-0.14275885240005448,-0.07899791780693359,0.09595583325076966,0.04449131026777516,-0.0015100757040974713,0.04100728145511832,-0.01869543409363408,-0.05204513874215854,0.0560509582540236,0.07523944614738037,1
-0.5674716642210389,-0.16072891590913485,0.10419568279415817,-0.1790322069537688,0.04042447117906669,-0.08421704791128398,0.18662141590204984,0.03139194398156058,0.00014962047857998477,0.054511576085856266,-0.03873521773586415,0.003293374765570886,0.03611317834761263,-0.003043163869703118,2
0.573374979524838,-0.24257952739085137,-0.2593933743560825,-0.05842747865604908,0.015734575631474776,-0.06640141885786915,0.03838614826011147,-0.030262193638816586,-0.03524885578316931,-0.0714232733948298,-0.050120774611220185,0.000475117173992326,0.02280782227727546,-0.029744615596196865,0
0.40667767476387084,-0.234200332766392,-0.3651267364729574,-0.0066906179116998305,-0.18797146599202225,-0.15284169405602152,0.02478335426027676,0.017448877724511848,0.0925029177506278,-0.076980314942715,-0.0016734678462482404,-0.05218716331208417,-0.054095687387858214,-0.06045615241199949,1
0.21249645253637817,-0.3604930130230714,-0.05031764753162484,-0.026146699407753358,-0.007124185429796366,-0.14251910478774263,-0.026605040847786254,0.040287314496582835,0.09318229660218934,-0.007791592025730261,0.01992123368211024,0.028643525739571966,-0.038614979630858734,-0.03211107851303937,2
-0.30760422874572685,0.4286141551927534,-0.13538621402587267,-0.0747765920911789,-0.22274330687888885,-0.01261730556611886,0.05200295642454772,-0.0359484610530265,0.10707747800947073,0.09821362232383413,0.03332084438340587,-0.034134351327593265,0.01192090855504532,0.03555253973929908,0
-0.2771388957950429,0.2913796686959639,-0.24581580629916036,-0.005559978691285084,-0.21141914787671084,-0.09724762215715398,0.16655749264234804,0.17680813841016885,0.02548649890006472,0.03552780756927477,0.045470804838699246,0.05565036816942618,0.04791377192270639,-0.00710088957354226,1
-0.45729562735798185,0.05726600142015129,0.1696681552185652,-0.17560536316109918,-0.03943704442842487,-0.12783881216621504,0.1448181890148334,0.009162810776979342,-0.011307085769754165,0.015796044735591735,-0.04396323597979189,-0.023286356265484677,0.05715334032051568,-0.010838167338432353,2
0.6384755047164157,-0.05843656807476805,-0.35337822036583594,0.012303605490705118,0.1200523254059935,-0.09682722180771873,-0.022872291759417462,-0.03262776516356179,-0.047248668746418865,-0.06298927902015256,-0.1259704194483237,0.1252025358229775,0.02069120077805819,-0.11368157597522956,0
0.5244619924530639,-0.1000044860402808,-0.28925246552636674,-0.01676941014321502,-0.11366211234506743,-0.05425957112052649,-0.03327331257014095,0.02204456243825117,0.06243139652110383,-0.07116139287483325,-0.10722258357489635,0.001980327062498954,-0.0027386507815441545,-0.012056426132874273,1
0.35973039594935174,-0.14356270666847432,-0.1001216658307262,-0.02952097932411314,0.00709748040216579,-0.13350610059188364,-0.08281668564042766,0.04085287663474578,0.05696493921009767,-0.059683780256742064,-0.033895274532673686,-0.0034834364045333082,-0.024628061864000454,-0.018369903805531333,2
-0.18832885443110564,0.2900523753658848,-0.12945834926319325,-0.0017450679275022322,-0.10454993186184179,-0.03987843532702094,0.24126184854197302,-0.04682676861965835,-0.03173207600890884,0.023210907314319632,0.07339634391930618,0.02970735104042145,0.05807286595363335,0.04171765612246453,0
-0.3023420440998634,0.2076742622125638,-0.14866030103604408,-0.08258093206441072,-0.05337788900897156,-0.10448261643652029,0.11868633477919908,0.15559709967401972,-0.03658243718883267,0.01874150802382404,0.05237723134370182,-0.011219908281606066,0.032168784809491126,0.05091273226597772,1
-0.44253224962841176,-0.014377577420053184,0.2579295001514391,-0.15541295577304665,-0.06313022773550463,-0.14169959043307181,0.14338796342269014,0.01903815055437513,-0.04837655990406112,0.011056443905772723,-0.041303653057032826,-0.022508233324388557,0.030641193679000693,-0.0055596308519064675,2
0.6668075721438467,-0.05216351001171793,-0.2531177296392399,-0.027456104528122777,0.0541604539514159,-0.04940469485200409,0.02509573924276038,-0.003003282358645136,-0.0523140771294509,-0.041730216355396636,-0.11827898870486885,0.0305951084875671,0.00897807112150849,0.04842019828590026,0
0.3955186865396064,-0.1499627456357627,-0.1172834628794354,-0.06311948783255303,-0.1023182595881664,-0.021412055365833873,-0.030588983661495577,-0.01072597820560318,0.009747536851612884,-0.0059031760800581515,-0.04008422559558992,-0.019419237554957478,0.006636474483553553,-0.002126565372021707,1
0.3315539487039708,-0.10935368177475159,-0.051068782495883945,-0.03912526816164646,0.0023733545462326627,-0.047962432620739105,-0.0467950986407726,0.06138394342087132,-0.007060755672000643,-0.024871156357021286,-0.008997852297641665,-0.007836579359603716,-0.009136226675746864,0.0019594957265385645,2
-0.2601154771399519,0.3117126679976344,-0.25574729820214187,-0.005769004181728894,-0.008867593024400587,-0.01905536427155702,0.0717545385736787,-0.017791284961251527,-0.0017823166565420958,0.02886690174700015,0.057924865170824076,-0.02047258058197299,0.025564712027014092,0.056082685419541686,0
-0.2837681154805464,0.13513204280361435,-0.24720238360296226,-0.03876916391431808,-0.08226088197013737,0.041406638598095374,0.13553840413893836,0.09578478125000403,0.0018431460117229166,0.044332027868184014,-0.006074476356540255,0.030288950613181674,0.05874452609954411,0.026410201391581893,1
-0.3734454913884879,-0.05387189126629915,0.16063365477018818,-0.1280723703545383,-0.018522085176771938,-0.03089512127722436,0.1912619282519568,0.01195013348372932,0.0056947563476615415,0.020321098374332852,-0.06416001989996782,-0.00022343990273066786,0.03825224151152459,0.03490047974675625,2
0.4991824211961704,0.4295543102137636,-0.3175850741040411,-0.03556652443311815,0.023201817394504495,-0.02362034770239345,0.07815604520175853,0.008210199640672525,-0.02075865313197552,0.018870974435877423,-0.051221409109982206,-0.009129967954864374,0.05402272290291878,0.036339256614671835,0
0.4549431213722107,-0.01941187461491612,-0.1571880609857527,-0.04591628569912723,-0.14077874985100813,0.07692162025639632,0.025464634167356132,0.04083120795138531,-0.0073890154782164244,-0.09093896995792411,-0.0540149292626698,0.0811195062558894,0.027318023234307813,0.08182313072555551,1
0.36135569876889234,0.06717518563177681,-0.0609515345847641,-0.02967526761090867,0.1147611790268013,-0.007179567259711338,0.02561005131201962,0.08338290996381163,-0.09668359746510484,0.08154792140949932,-0.10357991099638177,-0.05488336631410393,-0.02907105560249443,-0.126908897596809,2
-0.0878635058961267,0.5989161545422784,-0.2752260163099361,0.07465687679910953,0.05984817811083561,0.03855140499240065,0.12974368185506374,-0.08860193163710539,0.004793496647029766,0.06594619108483837,-0.04313197585571569,0.018547390459028614,-0.08288006626755028,-0.024490871625309073,0
-0.30010177207652605,0.15490481912818502,-0.14498120879230242,-0.04110741784719617,-0.13132443342447564,-0.017133476731659363,0.10997005545674815,0.08627854379238044,0.005116680730127052,0.03856854739946517,0.009098149042162622,-0.017555647255458898,0.030844820417627563,0.04596735027075228,1
-0.379596766511042,0.010801997796408978,0.23424190307712534,-0.0988909490754932,-0.06076434492675506,-0.0644497694602833,0.1514744180005157,0.003050476564506592,-0.023459473334543176,-0.0013075761592287165,-0.03920383443220155,-0.03664028185827334,0.021315079186356542,0.020405833777893508,2
0.9889759613106017,0.4081270447795209,-0.24747955967844945,0.09378066322590334,-0.21405312829585177,-0.037720019157973905,-0.1504718019990114,-0.1148473390013184,0.18084854049850516,0.2918991707846333,0.08741873478363454,0.15170092274846667,0.0268491967753712,-0.144668699234547,0
0.384969681686227,-0.12007094760609793,-0.10825050213863008,0.012410854426846743,-0.12216692632045661,0.03642393428363622,-0.03441105034174375,0.05394025700884645,-0.007295877140820865,-0.018043907393325676,-0.03065103603716455,-0.03349576631589589,-0.02571364340494088,0.010974375407011848,1
0.31015193616858655,-0.11049435987620534,0.12432579321433003,-0.052188914651124324,-0.04371909497502611,-0.04991817336565704,-0.07262692597152956,0.05505091379786978,-0.015953303603298746,0.021393930122603027,-0.0016674934396248718,-0.010213387940553957,-0.011078690527988213,0.03296188227377432,2
-0.397938623652874,-0.17707040262664497,-0.18316973121702873,0.052445668614887433,0.0986288478965449,0.13101690444345948,0.1734858214197999,-0.09244456967557112,-0.07827166908955598,0.07971113979890315,-0.03875909777038491,-0.027299638113238465,0.03257674712860393,0.03744291266048391,0
-0.5356809152006978,-0.11775137190385036,-0.08734208095816462,0.052195042909679724,-0.054139622427814976,0.23981413554073347,0.13135319824003222,0.05883647552986874,0.031860727472297005,0.006165495095437226,-0.0519886153005679,0.0405603199607081,0.011599332528159608,0.0024434130576413376,1
-0.6400954258620433,-0.198980322942938,0.2987721369068012,-0.0500729651732607,0.05092955465000736,0.22193870602932372,0.027720540375103814,-0.0058650535500842215,0.02916968922783421,0.09582455378772273,0.0636757022044841,0.018814858898835704,0.004598055921317142,0.02326418948118809,2
0.4779560628538965,-0.19067990604386634,0.06183746436950805,0.080212965581916,-0.016533878149784693,0.1628832636195916,-0.0746084760303712,-0.06981827398563216,-0.157554852956103,-0.016774750100366553,0.029718988282686088,0.016004987929732806,0.08709632041290741,0.05183155030049645,0
0.41519062412501107,-0.2159520812572587,-0.06703274044762983,0.04416861118140639,-0.14620015636684108,0.207914765939329,-0.057636677270736035,0.048578553853721965,-0.00631212082749101,0.0037604988657236743,-0.03268007507692336,-0.03910770257767969,0.010995317989831423,0.020724223158286793,1
0.3097724825374166,-0.2422563520884922,0.016477182798156905,-0.07657207459019169,-0.009382589006093735,0.11025801661399956,-0.08541971971619829,0.09668735890852273,-0.033606252464639885,0.02916219137176714,0.003986343785783702,-0.012003660257526822,-0.007443837867227604,-0.0026843212421968805,2
-0.48577577169250785,0.1218007991508554,0.08169632997725512,0.26917126090947663,0.019496715737988814,0.1832253244845586,0.10859576183421592,-0.1477536226659929,0.019600883142502037,-0.08640875952071292,0.023077777341152027,0.006882904793774246,0.10302198933618428,0.01435955092832224,0
-0.4278368550756761,0.06419726236793136,0.06887038684246989,0.03915026314785023,-0.04814364926858409,0.24564017394487536,0.04662046419842708,0.015224952251768386,0.11969868666780789,0.0036735966321025395,-0.047871269284987014,-0.03983687029542791,0.01219752493241012,0.03905531651518315,1
-0.4253890099495504,0.003352559804294442,0.24786592867696175,-0.07321903793917507,0.09859808766249113,0.2370848076011657,0.052233881828764026,-0.017199885799682898,0.025370121042947547,7.633570955971808e-06,-0.053813966775817325,0.00030298388826589746,0.0351216769229106,-0.014913092226382643,2
0.3589715190290456,-0.30105936219248236,-0.04244903188313597,0.1254714994126899,-0.026969421096829985,0.09587092418350468,-0.1097535740169767,-0.1379047161267141,0.043143381885144626,-0.05861424143547967,-0.00936531931456684,-0.029865356879045082,0.025237832645909813,0.034174045936000715,0
0.3124121190605127,-0.39118592562490967,-0.030272837282208608,0.05788440469819462,-0.05094774455430721,0.20227847595053822,-0.01907090283232111,-0.00150682135496003,0.0494375658266962,0.01632742839262957,-0.002967618847009592,0.02480510541260903,0.007713432887560737,-0.03945709614208001,1
0.3202887728567234,-0.27255841117769797,0.02237067741859682,-0.09523886120829528,0.05670335959525798,0.13170756569329628,-0.12470074012038831,0.032178251104462006,-0.03208181060725495,0.03493669728309386,-0.005743808452182166,-0.03331463571790703,0.016285213589653562,0.018994863694123443,2
-0.5216582039938135,0.04482479056879821,-0.21967720053427048,0.12968737329896596,0.0989520573707147,0.013555671553003058,0.08707058752752429,-0.08734813952881615,-0.04199012996773024,0.0014406742319163475,-0.03427807493563577,0.01047129300645697,0.08092172822044508,0.025655709609564353,0
-0.589917851858301,-0.18166161056332575,-0.07109924573521008,0.006174374749602146,-0.05540935182351106,0.14960909617913082,-0.018925917703119292,-0.008623863798242405,-0.006136512591961099,0.03529744512837541,-0.005194293546821502,-0.02862884933560914,-0.017605731287480206,0.03200213571942643,1
-0.6319008258603129,-0.2718185938013018,0.2771947352729044,-0.027571597077775175,0.10012030497677052,0.15258848179335852,-0.025348954314208538,0.03334569410823426,0.01358500652938487,0.06688238230334358,0.09240188566707887,0.004495729271274922,-0.0012440763837190992,0.026727105563129742,2
0.7286471500151299,0.22388176130729975,-0.5294475105731666,0.22224126170187394,0.26452361216945686,-0.0018312709912455686,-0.1516698790496771,0.09393943065770635,0.11591149840723518,0.009651235897482086,-0.10449189441760078,0.00980384222522308,0.02786142660932205,0.07543222180803397,0
0.17754932046655564,-0.5192183515724165,-0.07791504184582966,0.13384157825044746,0.11593444750593122,0.1551562658112616,-0.030726472657494668,-0.06407239119563382,-0.0025662579888137776,0.01633987969422807,0.042606945923574745,-0.02153183449153049,-0.04080195162955038,0.02049850440550397,1
0.11834424647108198,-0.4899254736783789,0.08018941741402051,-0.0479459730579316,0.0005934094789111788,0.1001689106188108,-0.11380748673959805,-0.015372469223400088,-0.02346904113194594,0.053259681098109864,0.010480690995564455,0.027702963670078934,-0.04401224491258463,-0.044699256045208656,2
-0.2950816507864148,0.10550728618384049,-0.017554447904484818,0.03142229006753719,0.11832518775105794,0.21743455222703795,0.07922661274928737,-0.07418246690979212,-0.08077824238738283,-0.0056906695631379536,0.03419163508801824,0.011799771345189402,0.047262317207865424,0.030455847765333836,0
-0.3559135000270356,-0.0016807449463923482,-0.009009790355156373,0.04062464559598219,-0.004203848984083188,0.28518477015306115,0.06880224023565043,0.0595215187267081,0.036384478142804655,0.020179411076819868,-0.05023499578307625,-0.003067135731972816,0.011803895815151217,0.01748081218274806,1
-0.4148600746224787,-0.13611968345454362,0.23309442493827434,-0.04657703951891502,0.10654043747774514,0.25071652833498415,0.06924604503136,-0.0024957751670069087,-0.007720839136351885,0.003416726846078883,-0.046914294008548886,-0.005221811270539711,0.011295327533775356,-0.0091587189273227,2
0.6598857885297269,0.08885350445201229,-0.45331376551093305,0.22359018665261027,0.41623954817667197,-0.004262812902025434,-0.09582707995440261,0.09943134351330844,0.04779331598119133,-0.07099218295093691,-0.1526558210445627,0.007935826100737913,0.031112700428794274,-0.019785512438065644,0
0.16598575009971403,-0.5828121898151225,-0.09196284127418564,0.07347982083490513,0.14115752056564673,0.1699475235295215,0.004201612881567497,-0.08814001984150723,0.022020010395295678,0.04451357959683347,0.01933353918472308,0.0034509678426955606,-0.04556932780742438,0.02039700778906582,1
0.20351115213176346,-0.45925864654035675,-0.11356915616002958,0.04415963154663672,-0.027168789314004235,0.15302629658569103,0.005479924323697757,0.05248334657931387,0.0467841825314214,0.0482930241689142,0.027827177761150148,-0.0025545762736316245,-0.05318945080794337,-0.019841631176005278,2
-0.4219162125398939,0.27785344377573995,-0.1974514104143123,0.2259082390808264,0.2393065013994274,0.08036120037240496,-0.01928246270512756,-0.0061363324983072995,-0.00640680536135237,-0.021867785907639724,0.06652183934703379,0.023688391946807462,0.056761122292052046,-0.016878757540461555,0
-0.5449655341882021,-0.08110914603863284,-0.08381838649380265,0.11351353048416951,0.026727145350346586,0.20228440296549163,0.031096002193097647,0.06102249221566937,-0.0071880916386874265,0.0008162059841518149,-0.07356036677985389,0.05199867300804118,0.041393193035263565,-0.03664702143091594,1
-0.4756095017165571,-0.16955878308775138,0.1286439166579095,-0.048054205370026706,0.05376164860421743,0.16934773910688494,0.030810143194223365,-0.009746035441159736,0.012315718383371919,0.01112029998924189,-0.04546076460417327,-0.02443693030118267,0.01799213755132416,0.0147928950585865,2
0.2681101376276637,-0.44156976270120923,0.006769978053014984,0.16833806173922533,0.09204926284141447,0.12036042572045222,-0.04745174364962818,-0.1889339995789065,0.048304097210666724,-0.03939433096119916,0.023119566900088533,-0.00931667101277512,0.01886170378865707,0.02832956764983835,0
0.23346203966389756,-0.4493421016585477,0.07063392210156867,0.07431248879765852,-0.0037795804593835376,0.1506131519038546,-0.039027509223286676,-0.02971324954742783,0.0931418025021752,0.02893117390225008,0.009383172058571539,-0.007654105792732737,-0.04638907086037338,0.008806061418550771,1
0.19688578841703575,-0.459647323117353,0.0009053829863809235,0.006610369028588429,0.053833597636138486,0.11305594314227091,-0.07494387901606128,0.022734536839472106,0.008250078894499484,0.028274042866640207,0.03916989033499383,0.0007295591197544251,-0.04783202527060365,-0.012637980275636868,2
