0,1,2,3,4,5,6,7,8,9,10,11,12,13,14,15,16,17,18,19,20,21,22,23,class_numeric
-17.176649471876164,5.544977918803028,10.70460682919291,7.078986101296477,-3.0773214444774744,-2.3829042494709847,1.6470665422390738,-3.347540944635539,-4.5785574678633925,0.005116289988163153,1.4662706636590146,1.7797146241579573,4.326713141746807,-0.779723010549982,0.5048030623743139,0.8821116412276778,-2.340160463260701,2.4751076685869395,-0.3555202550038494,-0.32372028572397843,2.740952583934903,-2.382763741242047,-1.0963006425117097,-1.1621174467920712,0
-20.406473466528855,11.094795280617909,16.86390059202511,4.213174450902996,-2.1010463675493085,0.01396077020351905,2.351009286467318,-0.08782433260987,-3.7641766716572054,0.20016771757884133,1.2931667716955249,2.6863043768448347,3.9099684083579436,-0.3187763518633459,1.7885588566018464,0.4441713973875948,-0.4859223235141516,1.064482425523714,1.183933599573904,-1.367347979877217,2.570550355594844,-0.911819262848998,-1.1490792612387213,-1.5693480312710715,1
12.982435524678994,21.073135669126682,-0.6027476529011346,29.217925701211723,-10.1792717874718,-6.019817835857059,5.362810992272815,7.06380368174413,12.950679743664303,6.770003996371915,-3.3556435177784483,0.5397778473144581,-3.7730105044143643,5.637045673670339,-3.111446112875804,-5.756196670355251,-3.74609166113377,4.31545575424623,1.2880097869386717,9.75340059819881,-1.070307740620987,-4.474478216517756,2.1768016958421534,3.065617676317822,0
16.737681189804103,27.5451817383821,20.649173907550647,10.70454036202075,-0.8945774417009281,-2.970725770850891,1.461083169654986,-4.49314907747543,2.236559966495644,-1.8688076272973515,-1.0286461040389845,2.0124459361449727,1.0235923431061538,-0.4612634873233127,-0.6365465722534972,3.5871724670823717,1.7780392729312238,0.9321821927888937,-0.33116866739530154,-1.3279810686335014,0.2471768160994307,-0.32140413954085534,1.8267781887596073,-0.925759211750052,1
-16.623114318270922,6.782918516868309,6.07196176326917,6.0105122368348605,1.4060494956135852,1.0313757817023699,1.4377209248094505,0.41291649500175626,-4.537952743685374,0.8548596406398179,1.6932302798028478,1.8848203430405004,3.681411163174735,-0.09325697744834281,0.8201996953710846,-0.7676085446667676,-1.545355632579487,1.8159186133029406,-0.3540946082118142,-0.04600882209170966,2.059454964877235,-0.6138908045316736,-1.770721626557766,-0.25149222800798604,0
-19.92658370676497,10.694232174100131,12.442046584054058,2.3850377492462758,0.5367847995003294,0.29008036760208794,1.4425666053656778,-0.15667899444318426,-4.715599857964628,0.7551640415203641,1.0787710607625032,2.217924183988342,3.1858562503217644,-0.461739144642242,2.2611708054471893,1.2575410965341005,0.27805324239161866,0.5051152278591955,1.9311004558873686,-0.692784982693047,2.7060849491541723,-0.8085498085339012,-0.8277183578283117,-1.630681918323317,1
17.61758965824307,32.02889297692327,9.576102237589655,20.065010130879497,-5.745515074345872,-0.6023991330691705,2.243095916612247,-0.5770379988036224,10.145768638004844,-0.49254845021830257,-1.5174968865092222,2.370108054637464,-1.655032521626428,-0.385549426757689,0.9131483076658811,2.231721244694109,0.8022398222938191,-1.2769693822526054,2.1177745332979203,-0.19150939720831894,1.385895815295199,-0.13737716632496094,0.7256899779203233,0.5037846357665432,0
16.18109368746357,33.43625869400329,26.530154623651033,10.331091081860572,-7.972235679705452,-1.3180146356613107,3.5750743000558374,0.8888096194002103,5.354219878090941,-0.3693806274304299,-0.2550137522716836,3.0713568393832476,1.2554636469642861,0.6207571501586869,1.2860080539407304,4.717362955285436,1.4941327210074173,1.4562865520430335,0.4264992456907914,-1.9675635469313835,1.4110114562270677,-0.44484024338107125,0.14462595133775685,-0.7560559243385432,1
-18.86363202559532,9.597267767339327,5.355975831633837,9.338687085967797,1.8122488048408019,1.0614095791665317,-0.014381015518548097,-3.1968311032599583,-3.13562646355219,-0.9595597240085391,-0.023030321774394156,0.9299854477426617,2.1574714553835768,-0.7544861743331981,0.9800164061359472,-0.47421562665537165,-1.722467389998201,-0.010907681915158207,0.17539370150146416,-0.7124908141546661,3.609988695017319,-0.5631501590535692,-1.823777781235963,0.14362944384447626,0
-18.748522702631476,11.063317398305056,16.458199036572495,6.101761115632128,-2.1321646838174213,0.2535011866179243,1.5706770704455992,-2.608175617439547,-3.8232712815456673,-0.555204360472573,0.30264559126676893,3.0093896238147053,4.2398769902638245,-1.2566846011289992,2.2284101523777267,0.5018310898462738,-0.3266613147684846,0.7014520312002205,1.236523269387613,-0.7825828213229519,3.5351339380232623,-1.1255902288684547,-1.4119953060137476,-1.148283520851371,1
15.391325401970303,25.12181642918772,1.484888661269556,27.561504071616255,-2.977758668224727,-2.605969110939773,1.107748359132656,-5.975175711838865,6.695477863745654,-5.298681950217203,-2.524797800939429,1.7567871878817383,-1.3672424253459412,-1.5785364857950313,-0.7143187011034285,0.09140227075367797,-1.0959144071682,-2.803336266838542,-1.0391598939940383,0.13156367380356457,-1.9441085654044825,0.37760199404580197,-1.1950409038529402,0.967252279726102,0
18.34997423869638,24.69002950923611,28.905842943900776,10.100523976857453,-5.738468405402576,-4.451668720837764,-0.1408434883732482,-8.270464157829197,3.9157554931682848,0.5229164157311066,-1.4848967454417188,2.179426301334669,3.16547327651731,-0.5012368319726787,1.1651607798846937,4.824042357641211,3.2416303477826824,0.3434768248556974,2.089710725570599,-0.8085469353741619,1.0027690928301825,0.07555215572655187,4.234215079966877,-1.5884634493925511,1
-18.21526917652391,4.456955783988252,10.381927258700669,8.302749639021314,-2.578818970236694,-0.8779367400465814,1.264169612657196,-3.4332420039430187,-6.5590651866138625,-0.23139054699472214,0.09335157872944878,2.194938383107371,4.744133515006213,-1.501629102952785,0.6919238126078565,-0.09649506736168881,-2.1697371518566366,2.4083306420012223,0.2820915991582003,-1.1477044388561515,2.6561884570682155,-1.4682631256510081,-1.0888076918240646,-0.4881535058063294,0
-17.93546656380673,9.525415674452702,16.405057278379424,7.040753072525592,-2.1842156635598764,1.2940120150655374,1.80262646102076,-1.833574402326271,-5.758449880204693,0.28376576821726424,0.5852344034677363,2.718142328494082,4.77453571937745,-1.0852648426640956,2.118819736736263,0.1394758663590279,-1.3591777574183523,2.4981097683192295,0.6729046090277674,-1.2948433389014085,3.8734418618806035,-1.1283349998408194,-1.8918798005087156,-1.5253171566796668,1
15.872580547272213,26.800015529281133,6.968525931188697,21.957505883042526,-1.8283588877290369,-3.169073809418475,-0.31679542949290046,-5.604223455348594,7.098503515909501,-3.5986532438751384,-3.671221975715557,2.4733999536277365,-1.5303688576491337,-2.833364176585286,-0.2605715683287346,1.118430148404551,1.8352424952876636,-1.643044711794096,-0.3098768739415822,0.2996475526019109,-0.9876737401910685,-0.0963468554646708,-2.6271461684329926,1.5689969175512202,0
16.035677943904062,33.25831038241258,27.001839465514962,9.73898640387599,-2.532079080533976,0.4426643421902832,2.785660031917079,-1.1999793330609612,2.954583129002885,-1.109428867014759,1.0224755155728136,2.838683855607796,1.4257921308319552,0.2934677329398355,1.5821213140051018,4.742602028070606,2.679452393854124,-0.3839888353837738,0.551041207241916,-2.5293571072940164,0.9180025033111615,-0.41525876186533445,0.37996377158049804,-1.2849549566696583,1
-19.14247587446494,2.1217163879967664,5.167838802192445,3.8665200877545427,-1.2710146584567743,2.553566442296483,1.9246479919924082,1.9838318548032974,-10.46876453333538,0.6980220920351115,1.6761160078158157,1.1378620798316652,3.8410508639782,-1.028265523143284,1.8696247513735067,-1.9516430173856534,-2.637237147867043,2.3458290072630334,-1.4345294033310312,-1.1513739165163281,3.001126944249327,-1.2596688519383739,-1.073857139627437,1.1316101915814203,0
-18.21687149240065,8.231030152272714,7.941646800297142,-0.8745530238295884,3.4346721492074654,3.4159867562763724,1.9865626074480163,2.1887039093839764,-11.633299681461464,1.2950743114012941,2.5667265807306583,0.9896992403901343,3.0395841297722925,-0.10895212110701097,3.667136457222261,-0.6990188156559827,0.4557789496250321,2.4770737599226926,0.7443291695860496,-0.10174881998310298,3.261554350807489,0.21206028344554909,-1.2270323873121132,-0.4223332566578233,1
17.542552729663225,25.832691147798787,-0.3203189387176093,16.0350295981591,-1.471867405808114,-3.118089561782732,3.2785623382479896,-2.6546110672871794,8.952839478967899,-5.079322764838644,-1.23378706875418,0.7179473791103285,-1.4485988600378443,-2.448628573778141,0.2958623444777016,3.085774858414171,2.525920041869799,-2.643088981666039,1.3556290146740801,1.1340985614043986,0.12236027111865543,-1.6189037006956635,-0.8158018266595867,1.663555884944838,0
20.447719590656774,26.606244348420674,13.166190223139079,9.550713232200186,-2.0239660598422256,-0.974173132669294,0.37339004509119633,-1.9664214035946912,2.979640391308009,0.020254225492330483,-0.9779590263216633,2.0141721618628834,1.0618718942605774,0.11093500568347175,0.4614753522789759,3.83767864150671,2.117199785200001,1.5591534005839194,-0.4484436587228692,-0.045458632042026055,0.759738226078781,-0.3472771772876713,-0.8382642202126486,-0.49406707907358516,1
-16.760867986778226,6.541219194755154,-5.257704547913777,-6.056707409660747,6.092561641334946,4.346834757148932,-0.20248173742258793,3.581660688980326,-5.4313536611713,0.7683135446765391,0.705606365394486,0.46522011768628035,0.007066126727445372,-1.258104801229694,3.107912254630337,-0.6032193318943131,1.7804680938389237,0.10335151546449428,0.10813090353287538,0.6748602847695185,0.10357413173879901,0.7686501249803479,-0.6605497440535247,0.27659698255798526,0
-19.986299707197865,5.299620886565949,-3.564463182511526,-8.036191973586611,4.45726791387134,2.3234116892269023,-0.5207653499393321,1.9145535168279202,-4.291036470151559,1.1880904698514705,0.6877791829809093,-0.16184443616760366,-1.4963154777160352,0.7628074289666467,1.5877356196644912,0.17539963277189252,1.1088252346605112,-0.4175972993771671,1.060187574454982,0.7760486555355764,0.17113180992528637,0.1286572585383343,-1.113649180346602,0.03151221902542675,1
13.736140831273662,11.853934370375644,-16.776657041523272,-1.428542253516948,10.379095196445373,9.683067345577332,-0.6580954883865915,2.2232419686572573,-13.452759450761057,-0.9440822285878889,2.2483771626262694,-1.721858142804476,-0.6614445754318268,1.1709323296025738,-1.3990765764339856,-0.9753804894580208,-1.2657861326281017,-1.1840655330474312,-2.562395887377772,-1.97574183457627,1.5190918084892266,-0.19882396489595697,-0.3680457970491407,2.3618883420053582,0
8.594222276669301,6.666364214834115,-8.815241455264292,-4.301081950105918,3.8656564609308135,2.4647354354071918,-0.4991671298254691,3.632832430130711,-8.694556203728602,-0.6102103008980276,-0.10284963058524059,-0.8219176828515146,-2.9411475659821193,0.28950755226884906,0.44310729852123065,-2.4420672523439784,-1.1075964122091442,-0.6818160290307936,-2.4250697236724235,0.09444324750279229,0.38406797993781705,-1.1335385537634877,-1.332736349832899,1.8539476256333083,1
-9.128313972191673,5.253063978320094,-11.185848005277961,0.06112818141083664,2.424669707384109,-13.585556954167044,0.5255750875769303,16.26618949781469,-2.8388272259549177,14.989434065087911,3.0340122185237863,-0.2930135841285052,-2.868732156159621,0.2770153168564874,2.6429061153923743,0.7152047866564227,6.293692590385152,-9.345334317808973,4.292043544266089,-3.919387337759771,5.486128621615059,1.9165255765939528,6.589039729046586,1.9430918990459765,0
-19.82506225341287,4.681021866839354,-6.291018677182686,-9.588320670615936,3.2548479186413695,-1.1849368973386416,-1.222851163290467,1.0159514818512512,0.019457841013523398,0.35481871317997704,-0.5662746799618436,-0.08048390481759496,-1.9223587735718424,-0.5126445147738544,1.183378439358217,0.867770827658667,2.8142698986449988,-1.429588827100649,1.6985483569480813,0.45173414658072875,-0.26745970605514074,-0.1727397857693691,-1.556614516602388,-0.3432034374553602,1
19.04981617984766,-50.37713758376325,-29.031334082882914,30.06641575219327,16.027839806285947,9.071791306480788,-3.3158775455080005,-2.82855877018597,-9.02905788712452,-5.718092223167656,-8.895111437696716,6.599172898892614,9.445243592178976,-3.294710291426871,-5.548572433899845,-2.4404774554425077,13.551542040500012,2.2099418818014707,7.605187645834993,3.448370957121506,6.208297373476141,-3.9675235381768355,6.670441011535398,-6.204660093150683,0
12.20066574925508,15.353182273159838,-4.98632404874076,0.6534978371179088,5.676413527751225,2.009809961592086,-0.4712216217228026,0.3963957869888326,-5.560695019461124,-1.1509838969238546,0.27261697172197547,1.2731653807512642,0.132602144594599,0.6948421308990941,0.918094966097826,0.8480657886478692,0.5528339755375615,-0.14055928606665077,-1.6260415342210133,0.1962202303473431,0.5477502256678778,-1.857742133619547,-1.2490065732111855,1.1294343072334825,1
-3.435116239339857,-6.941929303925273,-10.675263083960177,1.0310226768349624,-0.6495507137895684,30.655347438424716,30.591153485244384,-23.107633013386188,-0.43796465677417873,26.745314900064912,-1.4994292221378558,4.4790015878605125,-4.008386751194369,-15.544855351287005,-10.06250027309741,5.918521237404591,7.428153710275593,4.114093979885936,-4.755348123444846,-0.04635556777266931,-1.5056803609324507,2.0876507393945962,1.6286313257657794,2.4201286664983823,0
-20.084876839321506,4.718526724993791,-5.874835658686432,-6.748551213131626,5.502268130462696,0.2978338067966641,-1.6250382163652575,-0.049221444408020586,-3.3189075760283573,0.20156867215166374,-0.047035596293260144,0.11509014708403412,-2.0075413208714905,-0.40295743499376446,1.5117907454147375,0.18534987014787174,2.152606884829181,-0.7180498066117418,1.7744065294205564,0.6959778669774825,-0.48595017815415814,0.2620335289119842,-1.1674047176184499,0.4548687562351416,1
12.07831339713375,7.742721054669826,-10.891843275379477,-0.34205843432381083,2.5758936454196872,4.08304750034011,-0.07337949375881345,0.6755803083833728,-12.2452671137202,-1.14189179328307,0.7503511808740594,-0.24759437445600815,-0.10715599575300869,-0.3178486108025587,-1.0275390544271852,-1.3982869758690235,-1.4465139750680354,-0.10561129343030903,-1.852191680422745,-2.1037255682671336,1.2145543978785711,-1.2483729534764172,1.1083353086360597,0.8266322874061641,0
10.440389297043751,5.847815512251843,-2.5391822766117134,-10.688004219074463,2.802236449668832,1.193099533938826,-0.8241806539680702,0.3138966002352751,-7.223029464128191,0.7956330922388366,1.0131601874738547,-0.9487080435278653,-0.944650471025286,1.3025573300184166,-0.19554227689239195,2.1152808122571134,-0.29731539145489105,1.4088940803219145,-0.4931822748359079,-0.44250490951617527,-0.05374001332319553,-0.7915718531291497,0.6626831403832784,-0.3407537758208585,1
13.801990807710299,-2.616042667465661,13.684693929401911,-14.656425864677782,-10.477501064378288,52.263228172320396,-5.260289942231082,-1.884671005263149,9.066971640866488,-6.809143906689948,10.264885296702934,6.7468066737509975,3.4184116251108185,-1.0202307377379458,7.956817262586695,-5.315470998038878,-1.3673661534771784,-2.8859184632436703,-3.3230007147441474,9.187825844339157,1.8173237827991549,-2.1480829778757013,6.2790117624452115,2.539779322794049,0
-20.708618147181138,3.286847316936265,-1.783520744958271,-11.181260202870158,4.383234825759872,-0.3135709402928926,-3.407295490238566,-1.2500339565926286,-0.7229681646600283,0.28653254479674145,-1.323796552811765,0.2638037871732417,-1.1482867555444822,-0.326536032552196,1.55040229089666,2.20350473796095,2.2417730782108958,-1.1029050556614224,1.4817908890686002,0.21111432423365434,-1.1463800480488626,-0.3793714541114031,-1.4384639447147984,-0.3640789217667175,1
10.817863715153212,6.324163346514977,-10.250212309424398,-3.2713752527748543,3.0236442307776774,2.983581955001967,0.11819993699716472,0.711482922546985,-10.75110597839207,-2.4437525608993296,0.5555201044395391,0.056464092523959036,0.9293691719184447,-0.07950525572143352,-0.17102518533521724,-0.6490333789726871,-0.7632415204114293,-0.29933430213256285,-1.7439727905563227,-2.014936575576834,-0.09833970539549641,0.18403453797608496,2.020796967571336,0.9836080700357934,0
8.84652891897504,4.556587659384218,-4.444132587126974,-7.095584148380761,2.888320516342884,1.3228594092637338,-0.1680715465847161,1.9664893056915986,-9.311863197302227,-0.1018375032884446,1.7700993942304273,-1.1234006442742543,-0.3319236745093229,2.0854484571643352,0.07813866319006134,0.2695183964340146,-0.38330068140245643,1.2989970689321721,-0.49317774804638326,-0.5381207622045209,-0.1665475080412838,-0.3275578704354296,-0.026810995782677725,0.0958658182232798,1
-6.70282359443116,-1.3612321675988384,-7.538386682989176,3.7216604427884263,8.678697998439684,18.681680053179363,30.5430350576007,-9.686950092477035,7.770699035030825,9.241831818969983,0.9132326468989442,-13.886720834813643,1.4161369683733884,9.730392519053023,6.873624721325251,-1.344069957052188,1.0921364319947027,-3.557087099622396,-7.194375013574191,-4.164993283579472,-1.4738106572396044,-6.356542738290051,-3.0759414294305607,-5.126013780108627,0
-20.714100653064566,3.6087488734623014,-1.460195178334496,-6.810152745988071,1.1131523870143882,1.9936078633869456,-1.0836964805415408,1.249316909134856,-3.1417805473176212,0.6382286572829424,-0.949220702703266,0.08745379870812987,-0.8504453001033215,0.01227467618264286,1.1228555324787632,0.5593867874555812,0.6693037944634391,-0.4038927659537972,0.8103136420924885,0.754375440366766,-0.21472098568423073,-0.7390569523618429,-1.1109335128630973,-0.0033219167983111887,1
-0.4698537043094263,-12.10411486388071,3.047975452620495,4.058017985702166,12.90773833602772,19.782521919022845,-30.495496874960125,-3.7431108537430235,13.545806688679265,10.587571944190415,8.423739565180387,7.495325728493247,-6.710042021557535,0.24399512269020748,-1.8421747347003992,4.275632834488006,-6.902643747724552,-1.997438332810634,-1.1643220241032335,6.020028936081413,10.663564448169502,-4.235033350850897,-0.8429153641840559,1.5016793074445136,0
-16.268941214570074,5.083362868545681,-2.581615526054538,-13.085542467197957,0.2105188189825839,-0.3586289947513149,-1.5375317517718248,2.342422588898758,5.852826435250425,1.4237966815361633,-2.5386709628815693,0.491945457395906,-1.5070295468087933,-0.1540393932782574,1.68666645816871,1.54847569528342,2.242538956739834,-1.6797211256390603,1.9572263251350213,0.9401709474202333,0.42812927817196916,0.4566213586117868,-0.34390844286357175,-0.6883492331757611,1
-17.260221906156595,-18.094858005356016,5.867540071252509,14.93835153921996,10.886671410586528,-6.847646866576205,-0.45898441063237316,-5.7803584080782215,2.0647416482052146,-0.14676721149139102,13.051495423808662,-2.5833998078441027,6.480867429148054,4.672153913113422,-8.3574897209794,-2.1737554783724735,1.6898595567663888,4.865899932454396,2.010183989222762,2.2060669170307543,-0.4210979816958848,1.2099633820814306,-1.3316195900665029,-3.2044910984910024,0
-24.92594490711275,6.439206785155785,11.797123387843733,10.528990643320597,-1.451102250001159,0.3888167852114997,2.417348565486344,0.5358670010004196,-5.401417966266667,-1.2360629386773705,0.3415675040919975,1.0975767423047686,1.5370138006561975,-0.2083838164026529,0.4617134624611847,-1.1436248561235947,-1.9649139233630846,0.4858669428005032,1.4880879372265912,-0.3539194906652073,-2.657881304057815,1.322306893136844,0.3551165554584853,-0.9283872245770487,1
29.474580109832264,-20.247627486169666,3.6792965679149288,3.141239930667035,17.19570869981511,3.2078023704939516,-4.977015505175147,-14.859616346543389,-7.410626149422748,-4.5082522203101805,3.3451846978190685,-3.0300071714699555,-3.4071318347637125,1.0531795168403215,7.190962010066143,5.680810820480623,-3.885455715507854,-2.8434098412316153,9.230884055072062,-2.8835768343217207,-2.1048965893820824,0.2890647693518278,3.241349559372545,3.247646252983723,0
17.984643023080192,13.08598333467942,-2.293537981426165,4.76184490518106,1.96208031316395,1.7310992435209263,-0.19916221492556904,0.41814459192497433,-4.821377624100959,-1.3905153465856186,0.041245390355919724,0.18454790948999433,-0.8415764416138374,0.4659815081158016,-0.6837738453950326,-1.0884964515819937,-0.6328931775151829,-0.18598373358774975,-1.4631420118065792,-0.3602458501863248,-0.2171157788263908,0.17777651255607946,-1.1564543153224633,0.8959886214948053,1
-17.250564590778467,-5.897500102242502,1.0518278256753228,6.971636963916165,11.807371097430778,-7.277115461246339,-3.8351323928909276,-5.007273781418545,1.3090531887169186,9.265279898906526,4.68186171478757,-5.910101895580003,-0.9106129126001817,5.355235210443838,-5.879688368452302,1.9366101649994936,1.487951334260716,0.5196551005630169,3.4063268070421695,1.8112379831199015,1.7559808558144128,-1.8238164794945373,2.8614275625020027,-2.213608099895368,0
-24.374837802621713,4.145500909042168,8.545850327278174,-1.9815434859555505,-1.6921661356688258,-0.427208843690383,1.3533814473118955,2.745424846169352,-0.13013896837655337,0.8603800323210622,0.352132298294799,1.4047273300065954,1.881519887787517,0.5793633972487662,-0.14582002721327475,1.1402408136364712,-0.035175887111370284,0.8750919518966144,1.5185488719603442,1.0570927456612709,-1.3555639292692336,1.042640077051732,-0.12652117747624642,-1.7383817619599828,1
24.38685249202014,-9.144191020302689,2.4162091959919425,4.784912695297553,2.8912238136328394,-3.1341369221535005,-3.972389825226636,-3.488938952807913,0.030294489353456994,1.170777508100933,9.582662202487423,-4.931985039376192,3.9414064277986602,1.397842939133564,-2.684894766659308,0.0696872174279911,1.214204810636395,-2.2292709168478857,0.4836445298291979,-0.8585158303877299,2.8374286820736683,3.381600095457082,-0.8334478678028725,-2.6118921066273115,0
14.654727866647814,12.076820102708247,-3.9251992217563436,5.588723152695865,2.1296939983038885,0.5355717655909985,-0.512554093980886,-0.7316508980927864,-3.2932665694817924,-2.1818766828913407,-0.808159986087936,0.8324339393629739,-0.3014090521650728,0.6371192382327976,-1.2171354584846064,-0.6540145768467558,-1.0517709343454218,-0.47979466931860154,-0.6614053711758213,-0.7593224286414005,-0.537472514707741,0.1098949826521836,0.02028233795151815,0.4598741927452343,1
-21.779029456794973,-26.8826188842935,3.131253419033222,8.742490159513979,20.57160180746,4.467492281193391,-8.642083629859703,-12.07392051939811,2.714794471073817,-5.304045904026069,-0.8961365777600155,-2.3991782560550994,1.7753580210635256,4.547884542623451,1.838253832996682,7.298700111218417,-7.499894463826262,5.323689061578447,3.1522154037858767,-3.8683837900720426,-2.074786519301169,-1.1539061437759777,0.49143738824304023,-0.8483144612799259,0
-22.327286498814054,4.9798320577376005,6.305675803661013,-2.5892987547072095,1.8513632359283776,0.8842180588872856,1.800927238221247,2.1905832848562734,-3.8768210662850895,0.3353104210756111,0.9347807838813221,0.6232051170956304,1.600736988114023,0.36808437254807114,1.874818631341135,0.14434900052020255,0.20291850370907177,0.8420998966864129,0.633086980726321,0.040550098834060425,-0.7830804571493583,0.9448705995877961,0.6755678539337436,-1.6929301154433398,1
19.01702402987239,-0.0293932637731633,1.6157415973441522,2.4789793636549207,-4.1330866740932235,-1.8097960449703674,1.953012486552249,-2.0089527905628803,-8.403210179938686,0.013131695659673787,3.1266697047689824,-1.5212992185572731,1.324308541602035,-1.4864777456992244,1.4235222524596796,-3.2448901355180775,-0.93480304676835,-0.07540329234769363,-0.502815997381367,-0.16366633727645882,0.6632635017692582,1.4877602167579327,1.81767903131164,-0.0315120758071871,0
16.60731514824456,16.240200349701464,-1.9211008005344687,10.162654358708894,3.024923376751065,1.1101485027168327,-0.11596835747838538,-0.6874463478280818,-5.8959530905039585,-1.8861412343184805,-0.27219471545319196,0.8496806985546451,0.30588527107634117,0.6505004706147425,-1.967751539616229,-0.4628734304492433,-1.4292208963108477,0.2847040344511422,-1.2222984419190666,-0.7143318023061405,0.4593820723193984,0.2547321349175092,-0.33516034275675427,1.0118569359280907,1
-18.783629565562237,-2.9270394474605403,0.417685480676256,6.949380799271237,8.418863413343175,1.0300597536875429,-0.004522080421641695,-7.092193354144172,-6.460029756461117,1.833982281557707,4.041202234864509,-4.44597571047909,-0.7201371362851644,2.3635810971616587,-3.980737184073982,-0.6327287742412917,-1.6378058197641927,1.6387697633052691,-0.46714786986725493,0.30442567586486086,-0.7608223086490316,-1.7097360550690277,2.106146809815165,-0.7286895627211409,0
-23.603585943792257,8.13419379300645,4.767967561076612,2.347381844920398,1.3384074076171264,0.3919541411513386,1.1433848138510427,1.8621355635270909,-3.528650093323911,0.6161944623475866,0.7176806190986572,0.9042735010089462,0.23146449830675084,0.20508879985417788,0.5680603716713655,-0.43893130763276955,0.07533559383776668,0.8466358195328266,1.1820614466869752,0.2580059153364727,-0.7454034301393135,1.0699977655715263,-0.5300614733226657,-1.233289562478798,1
19.412902850872943,3.5419910262845016,5.304491513818009,7.357343436409215,-5.269703210210494,-2.6911588731949316,0.3784392537850566,-3.007747365944952,-4.364223678067932,0.27051271590418347,1.8441031215816448,-0.3672935236967534,1.2308335641906076,-1.4236204315539545,1.8250966561692004,-2.518626267671491,-0.7240095231414279,-0.338283745866463,-0.7888442910146147,-0.708365698820791,0.22957024186170874,0.848656038407827,-0.030368731777976814,0.5447820702223342,0
15.789984390601363,14.353308683249347,-0.6964663174732316,7.283896574492666,0.6826291700471881,1.2649186679703561,0.24196550366449882,-0.6789835185597751,-3.348161638406686,-2.472000940203729,-0.9881216109190563,0.9026247058652233,0.02189041345830297,-0.4975641133586847,-1.0356969375850638,-0.6361593292122993,-0.8378082236120258,-0.13127200567096498,-1.807161750594086,-1.5159434560623835,0.6507720101154069,-0.28201432843493246,-0.7287571617187109,0.37259015229303083,1
-17.422243044144547,4.399203830649453,2.850345476720042,1.0063546020071905,1.197850822909227,0.523965953696882,-0.3318212224142975,-0.9893244936299004,-1.8882149050055081,0.5035594691069032,-0.7551859777771688,-0.08718156191181796,0.959046178534133,-0.1460672067274599,-1.631246635890153,-0.27726195416671484,-1.1686908727296943,1.016252867482974,-0.7453778716038194,0.6442460907699584,-0.46667458676583035,-0.7277830291568818,-0.3275605937502376,-1.3442167073968905,0
-23.55191723096811,6.8971079925179435,5.773978414653873,0.029081531773071365,1.1084778730262315,1.3439564900925791,1.2835464896720403,2.8482449001602155,-4.103213566779806,-0.18897384215381033,1.515273491330416,1.008764838199318,1.008332862512683,0.0022347982860005115,0.5114234824288106,-0.2009183655989736,0.34978769042230984,0.44811118809949013,1.2533030271499648,1.0325812364408067,-1.1970191295467771,1.1378058745668398,0.2505683405991946,-1.0302802484053715,1
28.027740973495966,-15.151521554381574,-1.7275362523207203,6.089548563471125,15.808219363071888,3.3949327361014627,-2.4180028569086343,-15.64598248295453,0.46657397845162396,-3.716605099397239,3.106356232434383,-5.266646826033112,1.6877829372944524,-0.1649457658245736,4.868537429828651,5.443345315279473,-0.48124264152049806,-6.012791145159642,6.782025812942619,-3.4997696499007374,-0.9347605257175647,3.954168409999443,5.050674991894353,2.9276706869052136,0
16.171809420144765,11.709961265430092,-7.580547453529834,6.264210398903062,3.623073723966866,-0.27646131191270495,0.5192017153182167,0.2156589160641989,-1.2101042492233343,-1.9772550452989692,-0.36779109895419115,0.5192424534759918,0.6858387806755262,1.5055576839012708,-2.813661108443456,-0.944199227978375,-0.7244502342741382,0.2596566047289693,-1.0579958064266324,-0.09140621111107142,0.03812446716191754,0.4877733045991687,0.12288059252796814,0.34323717541050613,1
-16.536676688827864,5.900265122957284,-0.712585052449084,0.6058192940970579,-1.4409234453843975,-0.9526070988615083,-0.5091246335657964,0.4660934311748675,-0.23826093269758897,-0.4773639954203116,-1.3799074861522314,0.4141187570301006,-0.28521666050734135,-0.8505649632051856,0.7107397511123573,-0.7925779352731924,-0.08787958027097462,0.30942379659037744,0.5254735569068303,0.19524305239481904,-0.8069446370047928,0.6106725925097464,-1.1133652800988156,0.7082768726317077,0
-15.073640325944325,4.091570073065549,1.197562973351371,-0.43901805750426176,-1.0566509486635343,-0.5007960137174527,-0.3497441919166399,-0.6654824222846608,3.492215185239606,-0.17964749580626688,-2.029880368903661,0.7424750455554087,0.5258437063808995,-0.6216896316203228,-0.7249103094861714,0.4892118618454048,0.19189023662155202,-1.4968459389931348,0.5475220952687512,0.6650161813009418,-0.46349793483740276,0.5360845914192847,-0.7146397813623935,-0.596116020506506,1
16.91725741139425,-29.3047610609161,42.45631596387176,-15.55759128705453,41.20228363145747,-13.64122143154894,20.242569411348576,10.453360107220657,0.44790103724464003,-4.799083697691043,-9.361811505374517,0.6835402780333184,-4.968159766387261,-15.823923440648128,-6.630765137023669,4.466902932787075,-3.3775128554372897,0.6410929824746693,-2.169182537886467,8.889632345341916,1.8702680295185208,6.537498215447214,-0.3217203374967031,2.7253645905096544,0
8.606385816504051,0.19834848402390873,-5.6139356696679945,-8.55687084880093,-0.6176043032774017,-2.8979573384292223,-1.8557225692932842,-1.404762708982634,5.714144145492996,-0.8388266977174856,-3.327401216419017,0.4934965847764518,1.7048747346280786,0.36851017262896407,-0.9000488810193144,1.851393028565665,-0.9186161286017663,0.5112811773398626,-1.4366573602182184,-0.6278847536563045,0.24955229503022994,-0.314354963482514,1.3810658610659343,-0.9996492429175258,1
-11.01453548309185,-4.342580422653684,4.725892346653532,-7.114047778161171,-4.395554638333632,-0.8935306445544426,1.647373574662013,7.7663134781959995,0.35254180893212955,-11.029276602134054,10.99032499430766,0.9379043209982122,9.978488753098604,0.09991528317490685,-1.7522401473087619,-4.329186514667792,4.812217368426874,2.8568852365667046,-1.3678245889688398,10.238153554610186,-3.985526274840988,1.3280052324300982,1.1634558251310647,1.5933902171977778,0
-14.710622059209925,2.708514813234452,1.6936960375550256,-4.23244323992572,0.0696593791573909,-0.9679637637579557,-0.6797368597218069,1.631509110276136,1.0410555173160532,1.1538634043805402,-1.0591703416521796,0.741002325590867,0.5259393290243348,-0.10593547593694484,0.3325043518375359,-0.426606618297098,0.26366334923500734,-0.14325423864383474,0.5115611420287083,0.44301244966113346,0.5607994842354067,0.16509766034758389,0.1415425403892912,-0.8162649675006566,1
24.17506229293655,-21.566104021032828,58.167011575163976,-21.558382815503265,44.84533071844221,-5.907086770257794,6.453451420341863,8.341551638798592,7.072342900086328,-2.7664935847287393,-0.175225003910726,10.846004218340493,-7.518800473679315,2.184070876999239,0.21200641983830756,-15.201704404247117,1.5029199621296758,-2.6498684581044256,-1.2467348032366767,-6.351499531283401,-1.2105341372345002,-10.204173165688827,1.4914005719238024,-0.5036767285103525,0
7.668357555143734,-1.1799760709031404,-6.520889379773551,-10.65216946802753,-1.7041339925981465,-3.2558767502554655,-1.3297193364074953,0.16097245403513627,4.260266363464477,-0.8827815702986795,-1.8049910569182683,0.7736160403345107,1.2935817464587163,0.7157611303879081,-2.301088625276338,0.9749722738714669,-0.7195537279176429,0.7735536117045917,-0.33969011713744723,-0.7051151033123879,-0.48897434699510706,0.36460448547492613,1.174457431580528,-1.3525419302308523,1
-25.07379102553056,22.93201300833068,7.408819438156149,-1.5358778322979036,11.108214495389314,10.149746176356615,1.7894548602747558,10.698124590119255,-2.189817787280545,-2.389365412276922,0.11883033582877135,9.057884342492825,-4.428697463714077,20.68052525912681,2.3794019507779653,12.132385123261423,7.269930340195254,1.7337509002628384,-4.1601197672642085,2.42722135640668,-4.299084549522485,8.258640818362366,4.380721236311168,0.6944198729700513,0
-15.784283826156715,3.743292940662157,2.3807905950870265,-5.13115281959012,1.7519918499155507,-0.5273682350519256,2.326875644870571,4.475322795278198,-2.1147584669788766,-0.4626354232853955,-0.5104946966884634,1.3328568473822602,-5.602819240954398,-2.9725597532635955,-0.42162725478971974,1.0991821110624898,-0.09553100384623872,4.301153754768277,1.1902613929139796,-3.707353112299892,1.2609296198418116,1.041326610765103,1.250931178141447,-1.158508808849723,1
11.034136957506616,-3.3260467312318385,-7.148266867692736,-8.238982373746127,-4.8843631892674555,-2.8373765010053664,-0.3954073033782166,1.993541484912769,3.6943301636490413,-0.10476075266253514,-1.239804338938876,0.5691034911913279,1.6312542306602862,-0.6312542622870605,-1.1318771249970956,-1.0875554575631396,-0.05916495841212231,-0.44358541175627225,-0.06792894668666319,-0.19984476296124853,0.2913285389485737,1.1037397512933715,2.6879874796627328,-0.34452184841945455,0
11.289828019843325,12.40259663452418,4.148596447644797,-20.805588863908667,-24.72225005655793,20.047470564217853,28.79483777765769,8.693018976387043,4.064098062564927,-12.044233294020817,6.997541702676856,-7.296556872942774,-4.323090133058659,5.086789506615337,-12.086733607020333,-1.4633567621524157,-3.3782919379778864,1.6637507644038432,16.84170075655925,-3.4494174387087657,3.2445534879040645,-2.2519802803382514,-0.8690690899510736,4.347026614112668,1
-18.26544037617924,6.316249970472172,-1.5844830555025489,-3.8670473057055985,-6.360136935149666,4.978315189907947,0.30180273316124795,3.1817252636251006,-7.222516418464905,-1.1765181491603285,1.4686085962080206,-3.105623063699305,-8.329315492500944,1.6029280245046973,-9.625805894102193,5.419321741822596,-3.523685745815216,1.8243679841206868,5.905238361692256,-2.8720826999428932,2.3104081530134915,-3.817205968884702,-2.6108847498126826,2.883522785224014,0
-12.120842896944016,-0.6731503957368324,-0.5427205610269786,-7.103206414569236,-1.3651210488943157,-1.9434299952475105,-0.6969676628770062,-0.3328687358655425,-0.6309487203029925,1.337640497876249,-0.7218622836726327,-0.09277961941861133,0.9397839984002238,-0.052690030074301716,0.7436418412971844,-0.2906641710677971,0.2546484853496306,0.7811664415267836,0.3543155074004313,0.09737258965122025,1.5699933887276454,0.5033939619251652,-0.42807662619990755,-0.3656073482995729,1
13.32616582081805,-2.971658644884672,-4.647692156021397,-9.44489740406408,-6.209132715789272,-1.0430926508682727,-0.5269720297126148,1.7068070002572824,3.8153393527202017,1.4613114653529407,-0.6834797674786754,-0.7169149549852766,1.6052032371859983,-0.22950966466414663,0.16705717919648885,-1.0175872575010207,-0.3169434851148311,-0.14523799090402012,-0.0711923774221504,-0.38040673566529676,0.824726009639141,1.0296413233238892,3.043509301221136,-1.117994137149723,0
8.880839999835747,3.242090979877542,-9.378086253020083,-8.577465919862956,1.0225907655231217,-2.454635686905493,-1.7267978433731799,1.40874514375345,4.148058718032944,-0.6867828551935642,-2.7613509677322763,1.0636053972966821,1.2177801667933519,1.1527861643058204,-2.760254702782836,1.0311134817882568,-0.22787862632917494,0.7841385890594194,-0.5400356799912842,-0.5281708344629833,-0.2719676049540715,-0.8280885378448892,1.184149901260642,-0.8572978421806825,1
-13.049029691625304,-3.68550262479537,0.20035174397272562,-4.059016599889849,-3.1640034098207797,0.8367165655392064,-0.7573884214122432,-0.2553623486137009,-6.416177700565288,0.5052325036585221,-1.156751690667517,0.31901756939670867,0.4592401877959397,-1.8642295910720181,0.6410607527688097,-1.2215548285862112,-1.9988987390651412,1.7657473858473516,-1.2262744827372876,-0.6964483307379434,0.09039441060873782,-1.3488084977847818,0.09904447605581534,0.4203401887942943,0
-12.662931089727131,-1.8044023572641814,2.067417058951242,-8.296042417129062,-0.741289002462157,-1.7556843823426804,-0.8765986828712516,0.07578277514443306,-2.440026322496569,1.6218775357073916,0.4985203334947573,0.15323522548540935,1.0610521641457922,-0.38235718755022857,0.002425088412122425,0.45299216019580396,-0.14612679018101693,0.9030038567465217,0.006507609854742103,-0.20546595680168056,0.8523498498517786,0.02059998171742739,0.06619094605758954,-0.7878663187378692,1
10.030678729277476,-4.11686482778383,-1.8450615107597985,-14.349828701150486,-12.831005747822884,-1.5503490293827478,2.369585327380193,7.672165677893106,3.8979977500393796,-8.081558021078123,6.2966672870363665,-1.0392365756207946,-2.8575328035366527,-5.89100569212521,-2.138493513046132,-3.0893852737183876,-0.9555536193897578,8.714224699838086,4.409793464700965,0.5060130953636126,3.171468716492964,2.9202118282915177,0.8524894032785206,-3.830705325388776,0
8.017110855324129,0.7129682923691538,-8.629004376107108,-10.9842099377048,0.7812839209398597,-1.6554934556350467,-2.0730041951372042,2.0930450553440982,3.4200699162170003,-0.4603582605283599,-2.9000638122744764,0.5794350037465726,1.1949038843037718,1.0686273722265378,-3.155521783138852,0.7018653833538608,-0.19796848539406972,0.45473196081602585,-0.5266412056432809,-0.993325771217933,-0.046868820043015916,0.0777666777510131,1.4300912268044448,-0.8277498774513238,1
-5.926385973408435,-62.326015491608764,6.690529291317876,9.103187529304908,-15.270846550887564,-8.258318078630529,5.416494828441629,-7.051556713723506,-3.443879398558432,-3.4116371135510897,1.2119763595138924,5.996672193966131,-3.56849089123231,7.076893554902874,3.011400302895884,3.206658875292263,1.2620354794197508,3.221492564065846,-3.825709625822249,-0.4055235230099145,6.77708964035915,2.6369396867999555,0.5018313577064795,2.25083938752488,0
-25.405257195922132,1.3058730211038199,-3.669860807021984,2.462933923920815,-2.3561914805574693,-0.9644410706037813,-0.7713567036794032,-1.413765203998029,5.260018166346149,-1.0347940318451105,-2.589838537096934,0.9667281104651247,-0.3011633525768159,-0.7229285604049082,1.9835871720026077,-1.9561012887119433,0.48956939724924203,-3.1202769720646866,-0.3219649293160464,0.04551735973494481,-0.7319719888842615,1.4858768982088677,0.39663081696217733,0.918317527813852,1
16.961847993653464,-38.05592519187114,-10.163930222922037,15.392395799481923,-12.95955929636762,1.2875523990709652,0.7633818994524236,26.820716850610836,-0.1377064527990099,9.250490055195169,-11.644025275982973,13.684167562231407,10.014536872567362,-6.523708238314982,10.882679186487252,4.171300746412853,4.379931668412532,5.144514979614308,4.945861005394505,-2.215122161961463,-6.218703644822891,-7.331663551228012,-2.371879571635342,1.778158431075827,0
14.449844007485675,14.029283808322575,-19.762690182819558,3.8321251075749836,8.83493311764285,1.3535809746964158,-0.08279964990592328,4.861002856649029,4.022417606694081,-2.6386205287752356,-4.6424643576845614,2.0071110088503183,0.5250901850681076,1.4297921615849019,-3.936471263351545,-1.4194845783873038,-1.2398214328330173,1.8305647342450928,-2.3118683195397405,-1.2686899425148237,0.2491039521408741,-0.17687996693153604,-0.5854297434273367,0.7313639023986604,1
-7.839643847277638,-57.16733501527651,4.922896222084869,10.37904002272496,-14.878821356691782,-12.624943969571547,4.545298740326296,-4.933692688057982,-2.8754241956045536,-6.246184341875331,-0.6831987566173064,8.569157936871882,-8.333327763450844,4.829206905979479,2.5441419455487564,4.633868696507128,1.7966054309868775,2.324629442162247,-5.017136300663101,1.4973816168976855,4.172658292210936,0.7806560787154408,-4.789714826767826,4.833994196002558,0
15.556110653462383,-42.09373713533112,-15.4186800432179,10.116685414185305,-0.3966183807700587,11.908723147815644,1.9481394775296053,11.446476109156883,-0.2603894907471455,2.0440560760117057,-3.9650881567656464,7.962387476293366,1.7951922748505384,-1.6401263356701887,1.016700272927252,3.241148282619884,-9.1489370824139,-5.432222830722834,7.1679000437860605,-1.3329090177900755,-6.322474256247607,-1.0746461963822802,-4.429255220216478,-3.737617483522808,0
12.220766178687997,6.135195699143955,-19.756452402764786,-2.10327569463216,5.295268214573364,5.865039743097368,-1.4501321301387269,6.542189546549851,3.362477042162628,-1.974931879489068,-4.144449292225011,1.309982823635918,0.9604164118125876,-0.11342228758548127,-1.5489136332042337,-0.628106539585006,0.18243586675038415,-0.45271881845141426,-1.5807723884007452,0.4978720498807461,-0.19857678085051614,1.6443683117655126,-0.9102503070410269,-0.2578266772002304,1
-9.942775872708259,-53.296348143888125,20.447723046882295,4.564518208999844,-22.508906911166278,2.0597736011976746,4.020787608682079,5.365665806261002,-3.2735371987820834,-3.5855920848153477,-0.7439405699277283,4.146294446846952,-8.877268151241582,6.393342446083573,-0.7609172062219887,2.0790502022280144,4.494345975957235,-2.3300539784010468,-5.37153896669719,-2.72518653739052,-0.1960246024313483,-1.0282770103023982,1.2017688329318872,5.057964662494557,0
19.896841195113083,-55.58919923739486,-3.7839447838054596,8.700730933487696,-12.054802359839112,4.2916507472955825,14.7973999800722,-0.6379863609644342,-2.5935686860844336,-8.534731444560924,-7.966935168150027,10.159015008251881,-2.0572517118464284,8.038013600423286,-9.303698721898424,-4.6850807709738715,-1.2418268262101633,-7.229931215755885,-2.1743119039710064,-1.0297070853324424,2.985713444211421,3.9859118699484317,-0.3601710774414052,-8.53809418531321,0
16.019669816554945,10.290032054090423,-13.97178976537314,4.238821940385502,4.782174087515538,2.2032551384939296,-0.21723589939778237,5.31369457318559,2.9349265937869857,-3.050168965206017,-3.696727076493649,1.393355528527107,2.80864078491353,0.7001820906399694,-0.8784578689072466,-1.1222772694235674,-0.7674659529720026,0.4672737142464746,-1.919704793673387,-1.6148824209703578,0.12707155722368146,1.6980228455286568,1.505896008011067,0.037642180835210086,1
-19.777911753441263,-21.345662796484476,-16.157033416987698,12.203397023062253,12.426282078739074,-3.9443724872264925,15.79444308213846,2.6831236963193055,14.520038339712421,-0.13599317601738667,9.94875399274836,-5.108953420769028,5.226197514725137,3.7275123226475566,3.8211035574790833,-5.319998172334915,4.894247554379745,2.0081619518093006,-0.8403100329618666,-0.9764480964202361,-0.4378273381637277,4.748377664249303,-1.381937201115864,-2.1964604562173147,0
15.494565731907002,-28.68039893346684,-17.532410776946,11.021704726619307,14.965697827852189,1.3254106098974543,10.813761070697138,8.562086916622592,7.146094911611203,-3.712847181452526,4.6408600255511265,2.856869810490914,5.646405626894379,-2.4372005711195674,4.80440519291113,10.314988106796122,-14.309696798247552,4.847347321778866,0.5158382381423742,1.5565320748675033,-0.8644763832093351,3.278445111792051,0.5568603781162975,3.2622176193264845,0
11.669904888638783,10.460856875986563,-19.517549266051272,-1.8787675324524842,7.229412762523307,1.702787889373351,0.17339723744484598,7.954100147819228,6.641157415811896,-1.6843772146597014,-3.0889857701608237,1.502846977170129,-0.32089217619340366,1.9915470060057878,-2.0404459224997775,-1.0321759664112884,0.747828177628368,0.8432010824221117,-0.8227897689027179,-0.9257219232127454,-0.775000187941121,0.7976511750187735,-0.9561830016183939,0.013325216075266043,1
-11.207653852289571,-25.251232470406503,-15.276636117100717,10.8516566954431,10.049572823734353,1.455597978586802,13.465391062318089,1.8147375346393706,19.381112005534522,-3.960020504102014,2.6254147257472487,-6.417993119463855,-1.2079286814239703,-0.40849901917460396,16.008791769175087,-4.394722900561996,-2.4913823677641913,4.4491558523335195,-1.3619390018575541,-5.629069009538919,5.819204396852899,2.231122721917079,1.4410477030369682,0.9558248028748436,0
-19.96550216651062,-0.804816420683004,-4.791913127490331,-4.852716913299607,-1.0195535915838263,-2.8490605238999596,-2.5041900619866193,-6.523244074538445,3.6816753173554146,-2.5819449889316033,-3.1608757655702853,0.01597558504793483,-1.006455287149675,-1.5075297951657909,-0.710341241721706,0.4371215603707471,2.4610051256778496,-2.0887182921329446,1.235740618423392,1.766146040655095,0.25188156596564254,0.26281216908121563,-0.2557214568911045,-0.5470267781204652,1
15.546051978914424,-5.2841050262010345,-13.30322042130893,8.133732940219554,15.901242405357218,-7.342194961414652,-8.364220476922473,5.310338222487904,5.081754164615554,4.611194461965902,6.588674079061125,-5.174471235137051,3.868996859001303,4.491991003779643,-10.84048751837129,2.0675407684898843,-1.5540082433018296,5.426991527694713,-2.580066380371724,3.4455026206499646,2.5829940687960353,-0.8305910673741296,-5.488413061668015,-0.9146072381037675,0
14.718610856865512,12.287256457799048,-17.77073166411006,4.609699064868186,5.228414410689568,1.8677096948112666,0.03128834659057867,5.032672286913484,4.6779092699012,-2.7783469892817285,-3.7067312655279117,2.0676053192960886,0.38592199572369323,1.778834023561075,-3.889948034035882,-2.157158293129193,-2.0471020676767657,0.7360355429994182,-2.752082504901759,-1.9680385936523357,-0.48125038650202046,1.8280394839176415,-0.5655038898647579,0.9898042275239936,1
5.484439899991746,-29.26129972199368,31.874090634629585,10.736560313246105,-4.200531091056514,28.467827291493567,-30.288913273732515,9.407257848110115,8.492330178330182,12.459127489712952,1.006436380376835,3.5928747336238835,-0.1825582085617446,-0.5744984555548693,-8.03316543526212,-7.773200734535091,1.7010745030732084,3.2818835559830934,1.2965740823403589,-11.25988116711129,-3.49284790136502,10.49535712283019,-3.9750234386131105,0.6903497311673821,0
-15.972148937123482,2.982957282023054,1.1797560850639885,7.188281881299662,-1.2512098987017848,0.6384936813346015,-0.08953176027488556,-1.7017925122127067,1.8509946341832444,-2.648724127784728,-1.6463572216957962,-0.5563565570705787,0.6335840010590041,-0.4646305441590603,-0.3872587922460907,-2.5718279149203847,-0.5568703507925389,-2.5692758738123063,-0.9027175099657129,0.4551279637661916,-1.7378181727392121,0.8016532722115792,0.24686410218204105,0.07167128921064136,1
14.618791977766326,8.85335602955446,2.3364136466590795,2.664043577286543,-1.873438820128327,-1.2007463608581683,0.10171165484230262,0.7045930314976064,1.333041722242328,-0.037269654447345715,-0.29867784631608857,-0.3622715970915218,-0.7663434826732253,0.8864127073135166,-0.28115488510987346,-1.8306655006820867,0.2970114099972331,-0.30859065406898956,0.5500790095122021,-0.7343758375232655,-1.6671336820905311,2.0373692801190186,0.0059903335576524715,0.5941215685009847,0
35.419347483410164,-8.328866983569576,-8.092031934425414,1.676744440737267,-3.0655500557607236,-7.8485802748063795,-5.06844881692262,-8.206135584475376,-6.3181923299171086,0.2693766076839168,-0.22531193547485145,2.4979767412628875,2.6909210279047806,-0.41027248432170116,-1.4611549677893712,-2.7345813556544516,-0.5118561204038092,1.435244585016469,-3.3899460298239292,-2.548125547111612,0.8657230242712932,1.1947758469985712,3.034152185364244,1.5300140694196604,1
-12.281261089763404,-1.4029437322596081,-9.188566520576835,21.351073454735666,2.6263443887974054,-15.73514931805272,2.083905706985498,15.674917119362124,-4.536264061671627,15.346490532178917,2.8728331574568924,-3.040250277368139,-2.9672336320846386,0.1319045230182347,-2.301073929112317,-2.2030106313366877,-0.101902937563308,-6.6311018794655645,2.358326170301428,-3.281172783544641,4.683487243607493,-0.0721758153123565,3.942209430616913,4.904560449006018,0
-20.07950914552345,6.637411157751655,0.31220762142744446,9.996437906264545,1.929153244246101,2.539306341561345,0.42756226036035594,-0.16011946588881731,-3.0567624438497925,-2.3375054621269293,-0.4561994601376661,-0.8073198869296287,-0.28403986332570524,-0.8174528652211107,-0.5141787381422286,-3.0221121432605345,-0.31920046376130257,-1.8867250101191375,-0.0600548026538775,0.05032478177258888,-1.645890607692257,1.9047467277631283,-0.4708046381829653,0.30941824469091755,1
16.547250497947747,0.34593795483119294,-0.3523466036088654,1.3837886159189683,-3.828193634935515,0.04427872308449593,1.3543751989540542,-2.6369847750063022,1.0395427049794987,-0.6845327138108722,3.333077659069868,-2.899160638642145,-0.8030293461657718,-1.8400955866355446,-0.9272922003574152,-2.119364435940032,-0.8542286041767061,-1.3328206618888596,-1.4017515724181606,-0.184907737133683,-1.1129059420934384,-0.7977402680592413,0.22670974662891816,-1.3620627246376087,0
15.385781994835206,6.960132504402164,3.8072204508005782,-1.2108714559266722,-2.1958984065939,-1.462048293486684,-0.7910351977499119,-2.0281951935378775,1.3675033726574952,0.32910661972057614,0.12000279088865891,-0.22402666347619432,0.5301029807292352,0.5593082045615697,0.16468485833911437,0.7565287835524198,0.5653380419081545,1.5582648348642232,-0.4773494911046645,-0.23862383729824746,-1.17967977118639,1.2980907549633591,0.5158432109620578,-0.877152651066425,1
-16.397839070670276,4.151110312673328,-8.011601735701957,25.68481011425266,-11.122409863905117,1.8139495354790223,-6.095251332117304,23.41160197343973,1.1704211585166817,-8.11751214706337,15.634311688232906,-7.979850005337113,-19.12362678803976,-14.821712562834135,2.2316317585025276,5.527142930893619,-2.8101965177283486,1.0446206230298272,-7.2770244541156215,-2.9832249467175553,-0.7864742678007348,-1.3931804249673154,5.311241312273881,-11.041320625439196,0
-20.980378681623918,9.215548432672769,3.685774183735555,13.891195015350638,0.574442326559068,2.2605206541167604,-0.20497040805462916,-2.1316369674657567,0.39139200600058505,-3.5653640660698254,-1.5372126501893861,-0.27044921542899064,-0.18819886945888054,-1.3725789702319533,-0.8955138954025427,-3.3841629839590284,-0.8000954666054471,-2.3176045143081945,0.6726480374711565,-0.04607761356981777,-1.213546625992303,2.6740319615826627,-0.7921569728927055,0.28952202499536855,1
15.888616654432019,2.2105162549600186,-1.0281991949960276,1.1281311392796505,-4.956168202023862,-3.600901793664686,-0.22868313701748783,-0.9766955489333452,-0.3757662190926212,-0.0976746181143746,0.17012311346107523,-0.7723244679696306,-0.8152098268487276,-1.0270827655062413,0.7048159702243848,-1.8492440789105837,-0.762243423588664,-1.3233156542873425,-0.5828830974871986,0.6053369908404108,-1.3069618070099986,1.0936191903320565,1.5307396267855846,0.24938937790021887,0
15.299325035857954,7.96128364259866,3.7944970421076434,-1.9048579322277217,-1.8779531281437896,-1.5355863055514312,-0.4189995704057088,-0.5766814641650375,1.6552399133313804,0.030215530456240654,0.06048289502259051,0.12162886532900366,0.3685326267963357,0.7059735032564551,0.16820892279952604,0.5118347536592232,-0.07163098916280874,0.6433610740745211,-0.4823294943024624,-0.3551667844680241,-0.714308528693628,1.1643168322533,0.9482677940837517,-0.987909108469707,1
-14.83436408601355,2.9941918388871187,3.607222706490252,17.30903683707144,-2.4302165341543436,-4.108100492995873,2.4241718651861537,2.1228721116071365,-1.457371518653497,8.506349223325026,-4.53234543013438,-0.18573403810882105,-5.834673081351335,4.610974083911009,-0.31958915287008266,-6.007872525067216,-5.600514143372431,2.4602837494442027,5.137409344806898,5.05427964903545,-3.813474420836004,1.5093093989260569,9.593452604443668,-0.53814868345995,0
-19.73111449674208,9.279124723953979,2.343009910623483,13.938293952877157,-1.4807804398098183,-0.09940688946710398,0.4900798097392953,-1.050624457316011,1.113965664718325,-2.8050213802672097,-1.8450419284273394,0.29637072834781586,-0.8642784186849091,-0.8908496884636764,-0.9310706216883683,-3.3153627309009353,-0.7659454038375872,-2.4154538489208153,0.6872219658102491,0.7740704469741345,-2.24397458404153,1.69385418484709,-0.47444403094973187,0.5505332386259233,1
17.45382509802504,2.738379304665877,2.225924198400702,-1.0175587572715323,-5.621673682868838,-2.9161766602817334,-0.5240952363118591,-2.781587978321199,5.172043563253968,1.1288297473597528,-0.5353138241466296,-1.457784056358107,-2.065103746086737,-1.6065636155839744,1.0649679658267142,-0.944167303409566,1.0562983861007529,-1.5787949250487288,0.386978267411071,1.0065901105312596,-1.487917164939836,0.5619968246963556,-0.19307434671397825,0.014263188989192486,0
16.477921245232587,7.949029521055701,2.3965643937860563,-2.102396278074998,-4.361996113457423,-3.3100968479579707,0.015548961659506332,-1.1459744186097818,5.731470599546032,0.622187744069722,-1.2620288910625936,-0.5690852683252461,-0.4409503623097344,0.13536127982988608,-0.5432723330087389,0.38606145203341713,1.3574352578160556,-0.15677359132204507,0.6042719886553231,-0.01973746703277393,-1.7249409797141917,1.1257285447401901,0.019725145879709402,-0.6870553719063653,1
12.015856957262399,-32.6662219267503,35.02770592028174,12.069787615625096,-4.638459706337635,18.79504050298429,-9.584156505440241,16.501051750206372,-4.625282401983281,-4.537128140887827,-26.143760160304335,-35.80745931189196,4.3163721527314225,0.9846118688690287,0.43612569671129425,3.830555869579467,3.603268796112549,-1.1458607331209332,-2.63181499368614,3.5941880967142517,3.2878345201263612,-0.492576231535134,-0.1344412978000469,0.9809161356688209,0
-19.768549982382062,4.94718512057197,-3.611707873909744,13.313473270349077,8.670549987807378,-0.15520347366858803,-4.20232573613183,-7.609719420123258,1.1366979268965058,-1.2661765531929927,-1.9174960302180448,-1.8782637170165553,-0.45097720932888874,-0.7027470931589598,-1.3558597111395678,-2.5157508329949754,2.2114460632733315,-3.9298673816379757,0.9883740400005938,2.227778836227653,-2.6044188043174596,0.9453358855792656,-0.6331307694371889,2.3200346829975893,1
16.693038185212114,-4.775147195333768,6.262253693858087,3.253816335705277,-6.997728682716659,-9.81730939125551,1.7602172882398741,9.51847540926795,5.802269307035079,15.46174241771626,2.5830167553463,-3.420547081115453,1.1665033836178196,3.448324650099149,0.6399454635232179,0.05219131648588391,-1.3780010898997523,2.0671416509492433,-1.422122194222336,0.7025593547936282,2.144358211930088,-1.4935275025023196,-3.801598642120948,1.71027202814596,0
16.405586604416328,6.514655744594959,2.76697201901938,-3.874489443800168,-2.5773823885861407,-2.7961769616498646,-0.6207628121278737,-2.4459351223286627,3.463210834491526,-0.19786168250711095,-0.5899423796604347,-0.3516004335710631,0.15832743059136015,0.8032426680917928,0.10187669834178895,0.34738575394119553,0.23745558746794043,0.46223967965079854,-0.5439702773843538,-0.45872454121270523,-0.5504465480601445,0.6420376586987919,0.1757711453807854,-0.6878642444201337,1
-15.120848456247005,-3.873263121328813,2.060525244708758,-2.5829571328187524,-3.3756208775068273,-3.020535080260409,-1.6276553264202664,-3.333590720085025,2.525150821960907,-0.5049468401366352,-2.5564075172222167,0.2686295270575399,-0.3927173392557739,-0.6613035604290447,-2.509542705502974,1.0297352403496678,-1.2275313820749967,-1.089292179255707,0.2315251497718669,-0.3980056318335416,-2.597187985860922,-1.6910537542175936,0.15582798137952986,-0.14155945503540307,0
-15.621754627030262,-7.968632097570623,2.262605691761285,-2.7548971934043514,-4.563733707679642,-3.479746620164295,-1.2162833834695868,-4.091179313155061,1.4335926703033712,-0.8913812535189296,-1.8106843221533377,-0.22619408729347742,0.2958881838411579,-0.18797912979578915,-1.746236678726161,0.2328292899852409,-1.2813426581377734,-0.4670029149193965,-0.2593752224827873,-0.17182681674278763,-2.370294271811677,-0.6141078766235205,1.0282190111134972,-0.3454374410850265,1
18.603848946638873,-6.140174290966631,-0.5186656364069727,-7.250304092013543,-5.124312649264643,-3.3456242762638033,-0.8867822333925864,-3.7788944833025364,-2.988204745263732,1.070215442637405,0.6310818487549426,-0.18660861026087625,0.6507135672318369,-0.8158683433807453,1.414330209329753,-0.6399170521987076,-0.9701273260847773,0.6660146292416199,-0.43746941381273247,0.316844677327457,0.3984680480127069,0.3626014279105175,0.22492025753354578,-0.26665222206486,0
16.245007998891797,4.157231503048119,-2.773345921902026,-6.888886171889673,-1.1704669193034314,-0.5931641591890473,-1.1818267385310988,-0.28593848121904675,-1.3464899578392442,-0.020950418837669925,-0.6538181364946574,0.2066183481731827,-0.061314318164230934,0.5076586465278213,-0.07636014232506283,0.24922954554998164,0.37367558859678274,0.3934002036227928,-0.6144615449841712,-0.41335612305831243,-0.20847784849461562,0.24922579781197982,-0.18852112582036193,0.03097522333441616,1
-7.8477963529360215,-8.586766532307974,-0.9803293697766621,-6.405657167887959,-4.511751684332914,-3.569692931210764,-2.480135637926049,-4.163386552707772,1.3716845506407631,-0.25730415077544894,-1.7460007958021126,-0.6005397221504699,-0.1567109666141351,-0.33417012236317417,-1.703013771001129,0.2804086762958064,-1.373992428831655,-0.6376830645635695,-0.7381130781909915,-0.2103465949849021,-2.2955003532639604,-0.858578994082103,1.49045687316697,0.06122369977578204,0
-11.111294419154426,-7.265731237046398,-1.4220705184717541,-4.621304771262167,-4.715482404947813,-3.937009815300543,-2.0723237878928984,-4.42279058250578,4.666572990423638,-0.751372191114779,-2.4485203666890745,-0.39243556203751756,-0.3717044267489639,-0.39505759227669046,-1.2153752616147617,0.1908544540823114,-0.5347338644297335,-0.7658626466177526,-0.19439436476484728,-0.4307560871621918,-0.9449354086444298,-0.5579749570274324,0.7740362302664988,0.09181490160337498,1
16.422762903738878,-4.4707970396871675,-1.2735497096189405,-3.088804759434988,-3.814538078428812,-2.923326502438444,-0.6842496556906501,-2.6773346834160914,-3.5087730697940915,0.8977667625080288,0.9814299624454776,-0.9880663184190552,-0.06492964216531995,-0.11142010437671016,0.5719293529438523,-1.6289707217743477,-1.4963072183302621,-0.053040840704711045,-0.47827904566550733,0.17746932052114744,-0.6643839895379205,0.6928781245459597,0.12132204859597148,0.009166401438294806,0
14.701281908870431,4.883944403787374,-2.0032278741328193,-2.5271540071956284,-0.3118935572317851,-1.0862522021793528,-1.2078217933481192,-2.4820957596882063,-3.9527251113452238,-0.5180433937989539,-0.46920698402873523,0.27798000430175523,-0.7575900110475959,-0.27372885211999154,-0.8375227978452099,0.4814085544646622,-0.17987588467178922,0.09170843936857001,-0.4375837032548816,-0.2663653337168078,-0.614610124673013,-0.20842728546058423,-0.2067045517698411,0.3364170134698133,1
-9.324897349393622,-9.261659483583026,2.126125278691273,-8.70561090125639,-5.172163071170859,-4.592748705046668,-2.608322245388099,-4.208017274524386,3.7877006342758692,-0.23671501528071429,-2.3916849611448048,0.29885734841807243,0.4387814514820721,-0.05256773782190918,-2.5378658609240072,1.72363284673649,-1.6045869908693664,-0.013142114266288819,-0.5154389493778927,-0.20657388606060637,-2.3616468261159693,-1.984325860655009,1.5796970204191962,-0.7027183927688885,0
-10.49199159912953,-9.727346513729893,1.6875266711023833,-7.958249118282463,-5.527347262942383,-4.224442572941488,-2.245407769262906,-4.4371894784233605,3.552638976890045,-0.18518216359603143,-2.3287532161418967,0.02867300298058947,0.52805409557266,-0.11532478082216167,-1.6285225803521743,1.3397364451648233,-1.2587979599030164,0.0217353985802862,-0.27067326863039837,-0.5769734954741318,-1.5940160473968976,-0.9675233303686277,1.4088419711304736,-0.4726832720710493,1
14.95530372683111,-10.302213440338747,1.4646200653316603,-7.813198035326504,-7.06775498733301,-5.030158417350421,-1.8700447006446417,-5.738180858200559,-0.5256284234193292,1.6323493428052078,0.017785023010051474,-0.9396976520622968,0.5984769527946846,-0.8471627132449414,1.4341972161243857,-1.1587506047769471,-1.4471647009989563,0.19790884967794917,0.18518700839781813,0.6154642871849327,-0.0360651647075401,0.526091985085494,0.13093877693410913,-1.1439081111373257,0
11.953692062757858,-3.0365088803517915,-1.1483982904931738,-8.651807523245859,-3.723305520631599,-2.579817896659101,-1.345049594228043,-1.3737128079577823,-0.7517372197979539,0.7351235014367995,-0.710063080112116,0.04621769109439376,0.35675961657959404,0.22965701739369832,0.6429806158089101,0.1646998209026508,-0.5879116078361687,0.5351641602568089,-0.4253147594955927,-0.31169406747974615,-0.09264794620164966,0.029801198190165388,0.11348400352649295,-0.6000240462688198,1
-9.586935874071875,-9.262446521503609,1.7543369625179759,-8.558767940668154,-5.221856622237086,-4.676279497698388,-2.171041861166281,-4.384037566339306,3.981969632045357,0.23830140305185293,-2.722738014761351,0.32451503650825037,0.4936446882624858,-0.18501462525309365,-2.351952770570653,1.9090899416486604,-1.432416517321116,0.0034840693283925963,-0.9415939741769074,-0.43591409807544046,-2.505554822677736,-1.910044778092787,1.2782379694680979,-0.7946835719343124,0
-10.275735190851163,-9.84838799265621,1.9142648960189286,-8.252430654530878,-5.778937869043727,-4.277990987247021,-1.9453660901452219,-4.384407691488075,3.9611212198076755,-0.3289497887981278,-2.375908820751595,0.1554960829275317,0.6302787702322024,-0.267713421996148,-1.465014745941994,1.1772563912515306,-1.2080769274038794,-0.0278717095770529,-0.5575899005214608,-0.6683566598842543,-1.651955404053326,-1.117811962351954,1.4928461609063868,-0.6165076811802089,1
15.566984794163977,-10.103339499721992,0.9896104570852695,-7.801017155115787,-7.793787320107688,-4.905025404182531,-1.0572818692854664,-4.550205261526839,-1.8337966341192748,1.6245076376730763,0.703830121117608,-1.1191572483070806,0.5359171808784446,-0.8763300304289967,1.8595690471162911,-1.5126450248224133,-1.2060640253747485,-0.0280756035586398,0.042843947926919194,0.14697110070567618,-0.10021693111991288,0.7694636089047107,0.5435131894090689,-0.8923433414844443,0
12.08957535021233,-2.585344872742547,-0.9504153674220545,-9.068986362670165,-4.152033412098695,-2.6402152155301706,-1.496460050747572,-2.228361932255308,0.11201895722861648,0.7047966908515322,-1.1180758024141755,0.06312247667130226,0.1441170306931453,0.01535213455165409,0.33339396322770326,0.7239756054930546,-0.4701027602444385,0.3100820984126302,-0.14943300319056907,-0.34297517689603724,-0.09124637748395656,-0.07590622081076202,0.17063087148677916,-0.5116466784939103,1
-8.68141971674795,-10.250677903548414,-0.10110835241143473,-9.224895911732453,-4.906441042748399,-4.07166113960923,-2.476281665167902,-3.882163719877333,2.307372668675099,0.43999305886743917,-2.0029116790085797,-0.36864202960492626,0.052864484941290764,-0.026260800950302608,-1.8848547669414708,1.4144153376995152,-1.7359422615318167,-0.12257916906447062,-0.5981443243081901,-0.5096030394674496,-2.021314270219759,-1.4009964413548661,1.7609288817117414,-0.2604380299016018,0
-10.492818717408783,-10.079582732788436,1.0572697102581854,-7.943216604604589,-5.527243961215713,-3.852129313779022,-1.935288090213474,-3.3867717690525323,2.5850103741683332,-0.1082520937307734,-1.929516871340448,-0.06581810076147418,0.38435748848245144,0.02849970886249478,-1.4010355400181458,0.7016057376263322,-1.1686922845119945,-0.19957339834742066,-0.6206641581096417,-0.7118371929770959,-1.775342951699462,-0.7489543457915343,1.4848913622471818,-0.38895937503114353,1
11.888060764054265,-11.433567701602676,-0.14991626331850108,-12.29521051150104,-5.6947613716708645,-4.197822711150892,-2.0381996289001902,-3.8333308391736893,-0.26130125890548705,2.164549024982648,0.0930668498867759,-1.527441803970219,-0.1809234239999969,-0.4698300700177017,1.6407251313407905,-0.824724454011532,-0.5364129712296192,0.27070194123750685,0.36013376395849755,0.7394786062142688,-0.9298282800887498,0.8684299090361357,0.17756205674141212,-1.1056397185925269,0
10.333297824324632,-4.335428008908669,-3.433957514274895,-11.70189683991601,-3.3052284286863856,-2.680081428464051,-1.6954920031543692,-1.347884835534373,0.012469562942009633,0.6188439647294887,-1.160504476503189,0.0988307326127652,-0.006013797434927598,0.3376086668792882,-0.09107634221537837,0.6831542544209959,-0.6108641455763502,0.35896907669104566,-0.2584752957228795,-0.44317182318487175,-0.4025911644729928,-0.32565122955754033,0.1951956851385611,-0.8660081423967575,1
-16.820166121734253,-4.646410655555003,-3.1855371596128212,-12.538705496171428,1.9358419208482618,2.193524696229685,-0.6031168092941719,3.980556864966469,-7.249774784219573,1.6798889920450608,0.6091655582983112,-1.0780661957900055,0.3188312469907982,0.36008232415414326,1.1287606691083776,-0.5123660658862487,-0.31214232105771583,1.495666184796377,-0.554874234542776,1.3168635553844525,-2.5969140184321113,1.2745283098368692,1.8671189514832003,0.5934003733420723,0
15.909155797001405,-3.538229272104627,3.0689298499841735,-2.764917582574003,-6.018783232208832,-3.8922287465857104,-1.241807036503991,-5.1096567420528025,-0.8764720448859848,1.2359577071543129,0.40168479145698877,-1.583966080877707,0.17548060729191067,-1.1730048342489623,2.0074259620953545,-2.2138503910281258,-0.8321327132860902,0.17797030324523483,0.25536955204867895,0.8452021049423495,-0.3268027435470367,0.47379824773718954,-0.6942865247995473,-0.5380378035121318,0
15.006155368576907,12.09436021922726,4.777324376663792,-5.486678801369196,-0.5037998782760584,0.5439106294979766,0.759231445143325,3.6607026312792486,-2.2892011959297616,0.6584481945075499,0.605205610165238,0.7874858856190068,0.9964725790758069,1.3006666262237407,1.2362687604651283,0.966882498418644,0.876068362556891,2.062033252187975,-1.1748549268594388,-0.8014144239642559,0.592970136969898,0.7573480052113629,0.43425161286748293,-0.3115042240674484,1
-20.517681022492738,2.726444555216956,0.09041714370723469,-2.69175216060912,0.9947305695898544,1.9574703812435823,0.1573947971990855,2.9484117068519464,0.20788985135630442,-0.38120540876913867,-1.2171516175513721,0.7108628535800828,0.3190164994510365,-0.4671824124384512,0.7982965265875268,0.385835748253228,-0.7044824804316332,-0.4624880453626426,-0.0787096554584839,0.8279511086402864,-2.038191237370066,0.1888904242056961,0.7342219124083618,-0.1475001150631861,0
-23.46211162275421,8.214431457334491,-0.30745012181013065,1.7386594604449883,1.569426080100387,1.001797630702765,0.441361637850396,1.8011515423524347,-1.6589157776039964,-1.284574069171219,-0.23717727414934647,0.6831274710642901,-1.2382894805446738,-0.19282097320645408,0.532151627500109,-0.7047417448074003,0.10825269859541403,-1.2084520642752037,1.2232803390579645,0.681103475979248,-2.219736324233632,1.1474861194319137,-1.2484580394550637,0.17062734618038808,1
16.15639667802411,-0.9881082506943809,3.1869403249789268,-3.276658031748883,-2.8841014269740226,-1.3782065533735341,-0.3065461650147138,-2.1654424752225214,-7.273308207341386,1.9621302807846912,3.103549704879122,-1.8145838497344098,0.05734116510028628,-0.17116797807924836,2.3248660999897264,-1.8836190784021067,-0.5879918575745677,1.1316636555131168,-0.36428198938785555,0.6457431281419549,-0.1300569121219709,0.3914738021543073,-0.4560434819657775,-0.13360840119705955,0
13.615138883678092,13.119511985044683,-5.439792404705274,-6.792330581972154,4.284339364179963,3.6909109811670335,0.8115898699821802,6.785380718709058,-6.1744516990808895,0.5549585203271347,0.9398648019856278,0.10097012018623257,-0.23148915534883036,1.7985873618920245,0.9367520846814185,0.5781769821550424,0.5512635714914178,1.963006313667275,-1.5531497439087056,-0.9514490245391922,-0.6763757100687747,0.5573809384208989,-0.14763555031186676,0.7566102879269286,1
-20.163585934798743,4.54706551299547,-0.1178276929394053,4.3502967820982015,1.2347167367101946,0.04922780168185494,-0.06274520555894852,-0.5418702116152566,0.9040591244645438,-1.4581065730567155,-1.147714950884192,0.26398226799580615,-0.2108033369979329,-0.5150635635128079,-0.6938653815171977,-0.423645490613933,-1.0087960275586705,-2.081063559303887,-0.09150801686521158,0.04474874753062596,-2.122782168036818,0.5159701486908684,-0.18162945835404615,-0.14957609599990065,0
-22.383306828644933,11.578713885820413,1.2658301221530064,12.332387881553837,1.867235938629132,2.4929593041793656,1.294584191535295,0.815583771060135,-2.097325258012244,-2.4042859118025226,-0.5444521985919724,1.13193019431901,-0.4576320494669495,-0.8343576877824903,0.1457667469948137,-1.8995915473071463,-0.6774749975644975,-1.3097347713739893,0.39295516349779175,0.5020363892957376,-2.241153570920254,0.899427947245073,-1.4800297393731263,0.35636391742082857,1
15.439874462558633,-2.3647653074612847,1.8546141444937778,-4.691677399794856,-2.586458962242148,-0.07894914848065189,0.41949110239325815,0.8263294441056036,-6.764614621429484,2.509259391510113,2.208897820484665,-1.2556823455562145,0.3084136188264637,-0.8907115424674934,3.9130353069019574,-2.6886857117403347,0.13073443454744355,0.9653840960396368,-0.3409035323111109,0.5673848311936379,-0.1458517165188174,1.5294905070183207,0.24100631519954083,0.14218335814499122,0
15.557134759428951,11.708969299338024,-1.4075957985424468,-7.503130299073371,3.0793972028231273,1.9556558553041832,0.8947763791189068,5.3680043268838356,-5.549381199302599,1.1557119521523846,0.8057725986358353,-0.1076171708261616,-0.2046641594621913,1.2304210009813947,0.714026949490639,0.6699001198023427,1.5176893579897193,1.6519175728989286,-1.185207129916322,0.07946155291399946,-0.12008691767020165,0.37576468138445873,0.11617472541515853,0.014646953684276534,1
-19.30582041457808,0.45427234562637797,-5.803343985841738,-4.4630436915334,3.6640991877413316,3.193144526442,-0.9397553293812103,1.689800394093076,-3.1495371025723347,-0.03448904284564599,-0.9936539026844141,0.21702321331537794,-1.0049528257758067,-1.0375821860326115,0.6035637200147178,-0.9739771531548992,-0.7248266220650765,-0.3141162065909218,-0.6702721264937803,1.1029326177730596,-1.665254134888236,0.13332544721115747,0.1253341626768933,1.3948006461877667,0
-21.61904927037866,5.274212030359661,0.10088007208540095,-1.7215375691287982,2.8063695711832666,2.098914868839976,0.7722438720630002,3.1759822390637256,-4.332959322235442,0.07518414345563437,0.34398990150899744,0.501454323047468,-0.01932043867806149,0.058018172142787414,0.9011866742030089,-0.3183292846077485,0.1989177228111773,0.06738858157258246,0.6611136587613435,0.8022117002202644,-1.6798503905638107,0.6675946294881261,-0.15502658263459224,-0.15897377506042734,1
13.220239406009048,0.26209388949577717,-0.585945133502229,0.3319997869973067,-3.6209900223190408,-2.531822542555688,-1.131034078229374,-3.5254436866386887,0.07617206439657417,-0.12500852773077975,-0.7108318316745331,-1.323517663458676,0.5119770209446246,-1.1241067572083088,0.49013576199987663,-1.9766251489513702,-0.4977534889768569,-0.4205108143321345,0.1655150740450275,0.31392543790615807,-0.30184481463880786,0.9651388941323583,-0.4888305066223724,-0.12484410880825005,0
14.78560033193745,11.808826559884158,0.30482728823155303,-0.9334247938995824,-0.9389489492973253,-0.02294808293131562,0.07510480400902743,1.3081252517297501,-0.5328312054934325,-0.2912115078990512,-0.9092841619793377,0.9832677226490462,0.828003679866175,0.5663187434258484,-0.2807908879554326,0.16112726357441123,0.29653836833647135,1.1234657351852197,-1.1351837476759037,-1.0086053540049071,0.7961122756193878,0.09003678460949784,-0.5272953552074834,0.23503065163483436,1
-20.89510796000126,3.0669323087683042,-2.871443765178006,-2.5409610503636606,2.3101220937372573,4.003726082060125,-0.18150228317114897,3.430064838753848,-0.22350236354798622,-0.4102368004442762,-1.5026493812830835,1.5259577770669688,-0.033798670789433424,-0.8898945260391299,1.0717105404514935,-0.2789749506839656,-0.9255379900431581,-0.40183430236016154,-0.7355908292678585,0.7148174381087439,-1.351092687785094,-0.383442785116499,-0.6099270023561854,1.1121156089410777,0
-23.26918022868219,5.073617915322888,-3.266702520001652,-1.5403856924995045,2.808421488324707,2.1635136688839927,0.6662505670944912,2.655911651433687,-1.6633506933687192,-0.8056870851468206,-1.0837988549397657,-0.044461895641519776,-1.2820050500105722,-0.42048248127881976,1.3004747560418075,-0.47814814488191953,0.13175884021186246,-0.6011569115124534,0.8603724723745633,0.6400277477043617,-1.4372952052244217,1.0793975636580917,-0.6930644769704385,0.39510493881944514,1
15.002105281939201,1.7062983014367925,1.423016920028159,1.2981209260871218,-5.282679249860545,-1.6634649034873097,-0.3135599712020315,-2.039262382562072,-2.0695767077640492,-0.3509886367303826,0.022397824785144696,-0.14330497511167176,0.6812536019719101,-2.0476963067835077,3.2504135884455643,-2.177424914473518,-0.02431856063724624,-1.106436955312447,-0.028073322470646693,0.02217425722123106,-0.7784143019618053,1.6147118158520324,0.16053727707123944,0.8594065879242814,0
14.5026652247189,13.756234664791233,-0.7583400988066112,-0.017579514126690357,0.6373992218909552,-0.7158725641243671,-0.07495643813562575,0.9457984138328054,1.122365134562337,-0.9553775718277367,-1.351314208523753,1.4035894209977466,-0.25381841429690394,0.022260810123117612,-0.42417383410760356,0.4807638391570579,0.6103291353611119,0.6401576265942498,-0.9012512041752004,-0.9778656205075179,0.06352206153045599,-0.09653676796097582,-0.6755106596719712,0.4350472870207895,1
-14.598564323454761,-4.684118017374726,-5.228842240116271,-7.826435382160489,0.18357978979369186,-2.6095854500050364,-2.49971123988642,-3.5263149863558345,0.40918715395289873,0.34609101732836317,-0.73906488163336,-0.9292411225542314,-0.37326813583412605,-0.5872946265944284,0.1671297199400741,0.21724661971875744,0.7530732872527698,-1.6510185919008495,0.11592503958853251,0.8006405734580491,0.7902422424710313,-0.5618207388864548,1.551715745530041,-0.08595024416543072,0
-18.52047444359718,6.4830644540497815,-0.5730452623995098,-7.091553756526065,1.3096034884337224,0.14215537916002519,-0.4949853187024729,1.687046084071032,3.980710193154038,0.6238103569191018,-1.944897241706278,0.6000700571213682,0.2959171664901551,-0.4033119784253171,1.0285731908748244,0.7335789515158405,1.9101332260248678,-0.750447454415929,1.7886615698087074,0.8141757061626219,1.736095826111547,0.2364854338498081,-1.1251170277121738,-0.8720033629323485,1
16.752649939193496,1.5893975938712002,-2.944082244333372,-4.823429781059904,-4.050186338220759,-4.728981667088527,-0.5225562313144491,-1.7349169306331045,1.0595293067778837,0.34922086917637246,-0.6379063242497567,0.9649184502156031,0.5869868278132231,-1.6215743413235626,1.621359390599537,-0.15646255953758384,0.5176788407929774,-0.6131302532480217,-0.26348477841744317,-0.424260137297371,0.8229188153545967,-0.4023827509301424,-0.13344817248029534,-0.32671560039931785,0
12.683831921099834,17.080151207989267,-16.254208679762982,0.05277388158582968,6.032355104634367,2.9461070573738146,-0.47451693307304615,2.1312932915856164,8.21681983357427,-4.687107822745826,-4.496351279466773,1.8191703504054766,-0.6647128719282239,0.754327607367468,-2.2679765993450243,0.9433991340253766,-0.07844257533256038,-0.9650417760352966,-1.4763931677242097,-0.9523795171167647,1.7617513705332328,-1.1040364430981806,-3.1687447082488696,0.6747314744435049,1
-15.055376447750179,-7.020661245390806,0.5827941125873662,-7.627233011280777,0.11181289442897058,1.6601971937209197,-1.3964316091475557,-3.9080628101095343,-0.5333312240228141,-2.4791046802545633,1.4874040246202491,-1.7942579331287123,2.056976849441747,-2.6645282090505646,-2.3991546917127637,2.7117028584770524,-0.09195481870849102,-2.433564294845995,-2.4464075532237013,-2.293622322554186,-0.538798523965659,-1.743318564656435,0.06771468401868912,-2.326202851452807,0
-20.929860606918478,7.955189376418867,-0.33848772024232743,-3.9007533458215544,1.2999810661548337,1.272181444984879,0.044607003788375406,2.0165935546154494,1.6886605814876228,0.026325091118492978,-1.4997626701355404,1.391063611177772,-0.40805966830495766,-0.3730813962256311,0.8860577870485467,0.29715155479998523,1.008669792127038,-1.5828136025415094,1.5709651684408767,0.35795891962568527,0.8043798927270455,-0.7417262553572304,-1.379020804229613,-0.3777916273683871,1
16.34342433556051,-1.236039088393241,-0.19348343510877197,-7.677110204971969,-3.137651958987813,-1.6841322665614802,-1.4890995225587123,-2.761438339324649,-0.9767887354574978,1.446565853102945,0.45575100299032945,-0.791178686967877,-0.11684057049885098,-0.4769979486768659,2.271300214215486,-0.8398419582384594,0.3155776772058896,0.016202344494666954,-0.12747483619644148,-0.1329579932848252,0.831540774367456,-0.08039527316091863,-1.5972860596367293,-0.4518862248944063,0
-16.621207462713485,-1.808301853305344,-6.975950301142427,1.7762098007625198,-2.1006640224207014,-1.1961777058089673,-1.9050622498467245,-1.063421747260288,5.8909073565688885,-1.3558172088317146,-2.1747797348509565,0.6174231636689408,0.2594950110798958,-1.1308846538663835,-0.8923295385956579,-2.317808874388472,0.5044301806395911,-1.922739184622125,-0.26203761434342054,-0.6248087916467171,0.4985877806908547,-0.6352742499132293,-0.825547083293767,0.5592471518354771,0
12.980358261352313,8.816110202098978,-11.039823910279857,-12.763143507448559,2.7420350381484546,0.9695423953165804,-0.6173869311922178,5.149312623072358,-0.5435000679840304,0.07644449220486715,-1.2607221614903676,-0.26348918406446264,-0.9299516842699366,2.128598423346126,-0.6119762653897379,2.005185842208339,1.2162929540650063,1.22355409321259,-1.6607521184780627,-0.5355048090187786,-0.34004659361324324,0.20411920626402177,-2.037764293464372,0.14307824082526288,1
-7.361033715581683,-11.272554740884093,2.118602529421794,-5.351779745751486,-5.612172772608501,-6.95063826013693,-1.3337801426705642,9.647454959305588,4.4960327348493685,-9.444953864169868,17.245943186476232,-2.061772701757594,12.07464196022888,-6.79827269714196,-4.7300084894316905,3.5925471495380386,8.648265490853468,-6.788921281415498,-2.605759635104089,-1.1899834806064444,0.9954257406432264,-1.560780633655622,-0.7266763327972495,5.765286099541959,0
-25.944333518295753,-5.751107761846725,-22.03268678284134,0.28672457715873273,-4.684410062102581,-3.2944203191945434,-2.3544442916190724,-4.5998704447458705,2.4305747838300955,-3.664517653656054,-4.939146638466809,0.5949011090679818,-4.769261809928286,-3.26572340374718,1.4862715160209472,-5.436943414245029,-0.1442685409596805,-1.5275616112598374,0.4405761714924077,0.049736693611270796,4.898516667588723,1.9782444801081842,-0.47382687823219993,4.762336910502275,1
15.538807557023238,-4.563396008640221,-2.856892799244862,-15.775395513001943,-1.6524461307774423,-2.13863298788146,-1.3916829080556299,0.681418572739347,-4.737629645014394,3.1549115429874823,0.572700759980264,-1.5821031664672196,-1.0057705655886342,0.15177395305852973,2.1396115324840603,-0.7947455634814604,0.8309516643251897,1.090162447003065,-0.05043049814340113,0.7004104783985438,-0.08241045832088188,0.06555796143978695,-0.05802066319972971,-0.7755657116303319,0
12.618851317733439,9.786742052709501,-12.161804422335383,-15.476537417398534,8.521758495869825,2.5084551385761076,-1.9157204724603174,5.165584345067132,-1.9430537221383128,1.0785826620932417,-1.8507786691013977,-0.04952301200851197,-1.7662741681255107,2.952265146231351,-0.4642652638494827,2.2592318589513094,1.535405105378852,0.2302869508007082,0.985733542276764,-0.4351750824444341,0.5028638539503854,-0.5165162777735848,0.7564360209028734,-0.2237512450580895,1
-14.138730703836584,-5.881075121930629,-8.409685409399199,-13.462602972489304,-0.71823284028412,0.9483925895167882,-2.000869645645701,-0.5919503934932835,1.3978571924687175,-0.8438202970423746,-1.6666458765061514,-1.578679452881567,-0.48708162878065225,-1.3622450372182207,0.7928906824960331,-0.7448004081082089,1.131078413051274,-0.21240449154905094,-0.9746533992521152,-0.21812396094286904,-0.23686556549267265,0.25460666220820427,0.1594832180751611,-0.1278144578950137,0
-16.428604072409154,1.1994613309439657,-5.414964197623033,-7.801774263638384,2.164415124545115,1.187186004319628,-0.9654684096937381,1.9315016817263038,0.6545095886747532,0.278101656739317,-1.426216584589373,-0.009493826630889447,-0.6164106906571033,-0.41723003534696895,2.165504058971162,-0.8835938618902633,0.7009971395683261,-0.8451924975629369,0.4081373022321648,0.4107649802626561,1.0049081841644047,0.25684129158585434,-0.21296976430674514,0.5751754087325116,1
12.553427960923147,-2.867760621677014,-3.788091733339097,-8.537480850521353,-1.6951091878962734,-2.9528933698401336,-1.0751887043647512,-1.592117105307436,-4.494878508396654,0.9869295862369154,0.38530340130568724,-0.0010235640557730839,1.0212880751238322,-0.678550817426595,1.4630377448378744,-0.26948307043673647,-0.61059036435925,1.1879615900550922,-0.3510933002994034,0.26801546941605275,0.562283914501264,0.10575665797203378,-0.14901868154403844,-0.28655963321269917,0
12.967748921538965,11.85248649081431,-9.427396000446102,-9.319959237563317,5.002208615497272,1.004434085547846,-0.4391292536813415,5.018189369007009,-0.36499905276213035,0.4439324793176796,-1.482741298680549,1.2830558827925307,0.2898945163126967,1.945824095491182,-0.5159772926277554,2.03916318909478,0.7229013370985009,2.1417673177428758,-1.5535032680635135,-0.5386389746247527,1.3713187024337938,-1.1533029577822311,-0.8495644265173571,-0.14658109390498034,1
-7.970050313967644,-18.50720193805261,3.556402697091288,2.4557441857711653,0.7561459683794213,-3.305647235905143,-0.7029296918933121,-0.44781997859395145,1.685311967302512,5.515851203532326,1.5207506131227033,-3.147446352663185,3.874686304227254,3.3805581813086856,-5.6649676143200285,4.434767010596603,-4.347199084747835,-1.7997648443147851,-4.55343830659311,-1.2422717811575177,-4.688994566454324,-5.225507192566494,2.927683362015047,1.4472476899526274,0
-13.128561040463941,-2.2693440873460324,-4.819267877662554,1.0579946928799715,-0.6688135074842342,-1.396302407911121,-1.133175702143743,-2.506949725088613,1.5181557550583993,-0.8467078479818146,-1.4718486952632635,-0.12564977687878007,0.09810912877479866,-0.8815050799685261,0.07867868123933418,-1.9607535801322393,0.045491893710082255,-0.6155491530185369,-0.2205785932781367,0.043738989353147836,0.11052341782660913,0.18290447065533352,-0.05864402969671307,0.8985747835609069,1
12.760185394071925,-1.005903675198763,2.758043670581719,3.950603330200811,-3.159761155956032,-0.6257362280920852,0.26266944706794426,-3.5411833336238283,-6.336012911374491,1.3922764310336733,2.029875617471185,-2.051999208777284,-0.9882053101270378,-1.0072511534817243,2.378481009480923,-2.8138793466786045,-0.925408258922681,-0.16383117173802172,-0.554030867913901,0.44466071798774137,-1.2211913601073654,0.7340452745910155,-1.5163601167785232,0.43323233328099653,0
11.90101004877387,6.875430666235597,-1.2868213283547953,8.609841007714548,1.9061468358479752,1.1987102572063044,0.062191295474018554,-1.0273417879394693,-7.559112144651578,-0.7718473486209523,0.02680067420024284,-0.10762143964351217,-0.49405360173891766,-0.6247331163737893,-0.16077769040831966,-1.816984968277584,-1.0666421842629108,0.40993281386088054,-0.6180204364744859,0.09853669905837652,-1.0607747769633606,0.4638252137576205,-0.6715772640750842,0.9027474509019036,1
-14.084825932513018,-1.7459114847262431,9.146729323127797,6.288535596237234,-5.238572033771118,-0.19247673329966508,1.1617315251441744,-1.6939224735484042,-6.821667839331145,-0.6979085199069869,1.036614165920387,0.7149083238853408,2.7747202797763593,-0.03467713197614642,-1.965857026027975,-0.9817919432894774,-4.153564773607795,0.0036795470795057874,-1.6848159607975182,-1.1702353443489908,-1.4571556271336368,-1.7066565791956203,0.7197253737690754,-0.40289558379813556,0
-16.630144259130628,4.4499852932716495,0.6969761667599097,11.22901895596461,0.562289948171613,0.4492761028335438,0.021828830931166925,-3.697910414328362,-2.508627388708907,-2.283441223037868,-0.8753937659533783,0.10603664572337052,0.3526700678443684,-1.274445507300779,-0.6086246393381771,-1.9874833504456018,-1.749417404388666,-1.2093971558082843,-0.535468430123664,-0.4701229961223689,-0.25442669126891365,-0.4543438578178843,-1.2926566392019856,0.770979871403041,1
15.22722834434112,-9.269936198754138,7.890628660655759,2.648669668556693,-6.884342247249343,-6.375742520147763,2.291969528944698,3.039600454592297,-3.510499425929415,12.63035607263664,2.374518084615438,-3.466810374064967,-3.716171748878984,4.290094350902895,3.492151785626596,-5.880256783862387,-2.6968024355610027,4.945890180915867,2.4689935229230486,8.288747479920206,-2.220128310955706,-0.15887299782312375,0.9235982688631169,0.647960658276913,0
17.699116167139778,8.009701238565995,-1.4221918804836302,3.568651576557095,-0.6265740659941572,0.3099612601846916,0.3417335885315327,0.11663851220449206,-2.6874742711385435,-0.2610865359266975,0.7937337696258492,-0.7188809090763126,-1.2357353047103665,0.32194611341601354,0.4069345785479693,-1.4645583662654518,0.19259263054768855,-0.15118941018732301,-0.6935015202667923,0.33384548835770556,-0.881873199781963,0.19430455869988833,-1.407709854670807,0.7227654989382923,1
-13.466216234597432,0.31403513850044246,-0.7350066596935454,7.85845286183273,0.9419616724470586,0.5566950479024972,-0.15666480576715705,-2.462296041954696,-5.601807591683153,-1.4442284096382103,0.33637402501185604,-0.48124944396979924,0.5904111465816837,-0.9272709791367845,-0.8194066244604269,-1.9660772176899803,-2.4347065325590322,-0.49941833855911716,-1.5258467611330475,0.06256728832537285,-0.7655275425302278,-1.3736319512636266,-0.9627331065968855,0.9433233162937793,0
-16.999091611607412,2.0343903357291353,-7.061514953788825,9.443733927708147,2.3689068878268422,0.2825997409795574,-1.036650285900335,-4.538804117554636,-2.451084260337151,-2.2615648859627306,-1.1938505878501746,-0.885630714936606,-1.2113309518295776,-1.6717626827469716,0.46169850008338603,-3.39340882776351,-0.6723970889729105,-1.261943377492584,-0.8962501038849879,0.10865913214054508,1.1375399001901647,0.34530383355765915,-1.584205171566982,2.5428722378882216,1
15.304843507655598,-3.06537118332011,0.9541206366176325,4.094561364148689,-2.018137481415877,-1.3787437223530696,-0.4866086698430809,-2.3573555714972096,-2.0666938084793856,1.9663023002273807,2.3535649745311087,-2.4517279183779834,-0.45745133430467944,-0.9743126804739647,2.886819085238513,-3.016265115980021,0.2270199702232568,-0.775922022071952,0.4608842028349573,2.2412884177046264,-2.00420353298359,1.409840848245847,-1.8907271070982647,0.49585571980301846,0
16.228605437668296,8.500072965621824,-7.362568005562482,2.4443570945379243,3.9303377561977433,1.3395208793066338,-0.2229593861532911,1.4875544907726788,-3.0148767304669413,-0.9684780537616374,-0.08585180380461384,0.20031256765696742,-0.10508304237647594,0.8001334944265948,-0.6117915493540624,-1.132564717382884,-0.6477671389119176,0.14141897532773592,-1.353521041228388,-0.15505964745371964,-0.4264160519808606,0.7443188995073718,-0.7852393509029618,0.398802457531608,1
-12.73441172467183,-6.02830611989354,-1.4185661330695216,1.85471014612971,-2.0617939899323354,-1.6697060493490428,-1.071710752805854,-4.552793028495078,0.38955925718275664,-1.5233165796761656,-1.0134216377654381,-0.8355130804794024,0.9637612391382133,-1.169170305636788,-1.821372572509182,-0.3808058016775534,-2.645884333701267,-0.3851143248219892,-1.9934854078074262,-0.5831594679647123,-1.4387012287008922,-1.76822427237225,-0.27003329535387705,0.8404751626917447,0
-14.788960752898255,1.1312808441263003,-8.131181538130347,1.0297330049940085,0.9085609110555741,-0.640117189838759,-1.4353930179192007,-2.354244001583709,2.7474872854469705,-1.1461592726315144,-2.1362731441857603,-0.8738091276894793,-1.919628003399335,-0.9688181934177711,-0.16340467101054065,-1.8642093713202923,0.49969306947057396,-2.0221016866017325,0.14432166324903292,0.431942323753597,-0.29497795249625947,0.6171577971180139,-0.9612433147518669,1.2063488752280924,1
6.3820784301567635,-17.08931965929644,-12.508899484203631,10.682207495502839,7.8445162607433305,-1.147768736965259,-10.973272135900817,-10.587944974313087,2.3439618805096045,-9.346725740454582,4.922903539000233,-6.118921398225886,-13.135939281428827,-1.6934472606170305,2.09633184008925,-1.5013707066254371,14.608734983124767,13.847702045586495,2.462811476429325,-1.9796357205979986,-6.395451018073992,-6.093862823497952,-0.8568180445246494,4.304834478007375,0
10.826081239153316,10.867011029513042,-17.310629360443162,3.965433278799659,-0.2253446087300185,2.887087879653385,-0.5306469083087229,2.4215832120441,-2.8070052796025036,-3.432663355611303,-0.35608476092404806,3.2364932004222458,-2.210255750760304,2.7138886337333945,1.1050079914293467,2.1449334092463492,-1.3147453419454629,-4.939775401308099,-1.4382979832973926,4.209221756074501,1.802487921699642,-6.197684760643769,1.0126817056887416,-1.0350962580781278,1
-5.431798779259266,-20.40681732263286,5.198293983157126,3.449658901666595,-3.500048635249958,-4.763217569960393,1.6125382403217792,10.917549208868454,3.1478617517933265,-1.3183347836015207,14.621621350773228,-2.0860617546357187,9.366596061204307,-1.1035188836222545,-6.813720246103347,3.2494580491483847,1.4726193562430816,-5.071778560497613,-4.107287896457909,-2.213116500936696,-4.563388955479207,-3.346496140678791,3.249950384645829,4.439727773998883,0
-15.264325641045428,2.9339381139910503,-6.737689062666164,4.8207538706483435,1.355819516576428,-0.9282518773209256,-1.0109284476690616,-3.0466979612314113,2.1296583681924486,-1.5022694868785698,-1.724317745692465,-0.6575566156254121,-1.050369102107936,-0.7168895541478701,0.008112795087612031,-2.3541035912628043,0.20620042743464245,-1.3482989901828395,-0.05698809987916429,0.3876570350647527,0.6014482213726801,0.5208235458276259,-1.8753060054478834,1.1639796196471683,1
28.99015293884059,-23.82624180830668,2.9100639117010267,6.484937617441383,0.1355556691766204,1.470897115607485,0.16047148716755627,-0.5330022509056538,-9.650530914963905,1.3831500451348406,7.864713635558145,2.2404513376453035,-10.791353436319898,1.2417811224668545,1.4441850065076374,4.450876020962494,5.4731676359376475,-9.19156305142001,4.263068733844637,8.116330560694808,-3.3532436340478236,-0.858576849292119,-8.688582178849735,-5.640795842468506,0
13.974480269158102,11.409624529481315,-8.146624645610068,0.5360181121873562,4.966458577208333,1.7940920425457514,-0.3748054856710703,1.543479564493396,-1.0105555717724837,-1.5616192651644822,-1.3754934002159913,-0.585495254378239,-0.8466384068394874,0.7763595190062313,-1.4181893039384952,-0.5764023679557432,0.6035719376138483,-0.6618885333296951,-0.6733302313708388,-0.46630638331938934,-0.555476127554386,0.7148762888604707,-0.5055189047246781,0.464058640252701,1
-9.59751207844852,-5.307336909228462,-2.5313570817784345,-9.018642068944496,-5.2698426009318275,-3.236999044837667,-2.821247493177394,-4.209119585608499,4.424996613783748,0.5228386566787033,-3.187820948757031,-0.602073659699364,-0.20693135252309328,-0.7137667113605553,0.11861355170056237,-0.2585752425968512,-0.7360710905032453,0.25594152625803174,-0.7744357259009231,0.019854690985333833,0.518038517164726,-0.6512097814414569,0.2359813629152476,0.2668590453179094,0
-12.150553761009276,4.221352593676368,1.4212818008942552,-9.875021597042583,-0.14073655328914056,-1.4639787518250307,-1.357688333148366,0.10293006150676583,5.09905811947223,1.5585027072248618,-2.100068224702782,0.27343403694631957,0.5640857614579428,-0.06944808262260102,0.94527929671813,0.9346083051636168,2.205000269100729,0.031806075177159394,1.661137653943709,0.589803404363747,1.6030541630122521,0.45184421004678355,-0.31821618757049386,-1.4715346060688692,1
14.571670459446713,6.5302482117230936,-1.0300140432456604,1.1545717743771218,-1.820977382459058,-2.1463946046272624,-1.4497284252204985,-3.301074662046064,-1.5540503541754216,-0.5574011667244843,-0.5781424328099513,-0.23222468674569066,-0.8114591776944057,-0.9510894502666104,1.0936525690658496,-0.6963532582526205,-0.2688000414960554,-1.0465601300790461,-0.5936684657826484,0.3467925920531748,0.1723419705390348,0.08046690618111892,-0.8362308851598158,0.1069911615391492,0
15.830003748383762,15.29006344953777,4.329516321446664,-1.9778523898671123,-0.32893671494141324,-1.0770324767333903,0.22432052761205268,0.8799000408525411,1.2054555236616913,0.9280650052566055,-0.3589501525371323,0.0771925704780499,-0.4305132102684115,0.6003959456799328,0.491475413801351,1.5662954939064848,1.8174504612415887,-0.29427910112473515,0.1446939635048291,0.29940309699198714,1.3674496852102314,-0.2098169800424774,-0.30584629579837946,-0.6875077618609646,1
-9.74131895358141,1.3065836147828565,2.3065866867478553,-9.042701512816109,-1.3217813808717085,-2.2165008080489463,-1.1880780259094539,-0.2487386531946157,2.6618493450882847,0.775239638983473,-1.469016828267898,0.44486496793094915,1.262297498082842,-0.10528483444425371,-0.19368900592743968,1.6208527234563117,-0.18258955100816338,-0.1069442164034867,0.737398357625961,0.23173482457998068,-0.8358737419775807,-0.6806923539879947,0.3954075775744694,-1.6666283326396507,0
-16.780923545953893,7.5969312368779915,1.5991913404554834,-8.112609564120072,0.2700903302970932,-1.5903009006771924,-0.13347908152622462,2.4292429115843257,5.351675414844607,1.6491296992231317,-1.4554128220845937,1.2496486860714406,0.39327832978157606,0.30402186257114666,1.2813256639668316,0.9929058856032846,1.8677043515402254,0.4256836748217651,2.3645940911885903,0.7930195757867043,1.071541095066126,0.7345804516440673,-0.6601244969999525,-1.3782245905173842,1
13.645443242607554,1.706110982692187,-0.21171906591485382,-2.2097497696685235,-3.372349866474009,-3.4522245763739874,-1.4766032521140822,-3.9477610548034923,2.0020439730748114,0.09502491481194099,-0.9156258943180118,-0.6838928071344149,-0.40156923813804934,-0.571802642943343,0.6342572704020318,-0.40713407673801716,-0.12332036250928086,-0.7116178037267822,-0.040053625017876675,0.4884636651246587,-0.08134851038388621,0.5236397360217252,-0.9916761878818819,-0.41132436847258796,0
14.69206005747544,11.615433287775248,5.680451138301469,-6.43748548774201,-1.7858297114031052,-0.7180202017646264,-0.23840702032084604,0.666255926051336,1.6768839138191314,1.0770251764978873,0.48270580611945046,0.07122333234903183,-0.5063624933670426,1.4078798771600396,0.4419862492239082,1.477402194357234,1.8044797849333747,0.8682274209751457,-0.2557647216118909,-0.902591152825861,1.026911556773009,-0.24363325127418986,0.4032825109539962,-1.460955335153221,1
-10.999871360329674,-4.8985708998897595,-0.6566965435226746,-5.881653521877477,-4.271509532045235,-1.5264546678907738,-1.8154505198562187,-3.4803496870131747,2.1944124030262695,0.0789959573878933,-1.7955058882520756,-0.11913750224540642,0.8064614923402337,-0.8418079373769591,-0.6845151896604098,-0.07373699912727662,-1.660432743693408,0.4988729091230427,-1.3866469765840457,-0.356731451961192,0.7229776790946676,-1.5731262884533004,0.05412360053286625,0.49064553767520064,0
-16.09742960037257,2.829679084555687,-4.519541479230051,-7.870118404728224,1.163490342551006,-2.319474214296417,-2.5995855209514835,-3.3689496089691606,8.104978378211252,0.11802011384149447,-3.8742448880671647,0.12349552611019142,-0.6645866911785022,-0.02564117078646551,0.8577720520817883,0.23809203876069707,2.3820160335831604,0.33869557847721465,1.8490641100776626,0.43783537879225903,2.170514549804297,1.0276546413730931,-1.7742972888972977,-0.5746142816488753,1
21.506931349648678,-17.665402716705096,4.015968032711754,-3.7978785269325597,3.7791754850016845,-1.4314321725348176,1.9619955024133167,-2.9511219533267226,4.256594400550001,3.943361431692706,8.201442191502505,-3.7945091042183723,1.0225613242430462,-1.1576273384379658,4.310447796005351,1.9983327397824955,1.1827245747772435,-3.8747045791011825,4.253126669462638,0.42036927824219733,-3.083769966893613,0.9335835114339761,-3.918205608253212,0.6414925283811032,0
12.626929527484927,-2.0599403934409533,-1.3044428831425898,-8.214689671131156,-5.50208193749476,-4.384321004274919,-1.6462629432631966,-3.5477442329300253,3.7916161902921233,0.9170210590355096,-1.4247857511543918,-0.2567786713439215,1.0547409742214493,-0.7683317932977025,0.6045670128815611,0.389511250742982,-0.21194834662497644,0.5348771870848887,0.07585927023006073,-0.18249817970549062,0.5598052197476463,0.1712734436930845,0.32070354060991585,-0.5156985462462619,1
-13.705455476148881,-1.7280785682425033,-4.9948174484129,-7.315340750567063,-2.8700791295168417,-1.4318590599595986,-2.179862451652018,-1.9338605942767235,3.099379278301729,0.17101188824963273,-2.2918553195290268,-0.576967403881501,0.007945710393259385,-0.7722470380874387,0.631193670368655,-0.6575233702325994,-0.15373744773888873,0.20623055939306167,-0.4104210059504412,0.4638520325153417,1.2631815160676998,-0.8316608699040582,-0.8008526416850607,0.2795750917127929,0
-16.017994226036333,8.055275739916063,-3.4277029946623334,-8.292177174503799,1.3802766449510215,-0.41424663190492317,-0.6582667271640398,1.3386344347693897,5.847383222049831,1.49892894030986,-1.6908501943224028,0.3775634768971729,-0.5933520858717622,-0.015566678193680067,1.826844523611807,0.35921376359399193,2.457014034531339,-0.49020815742482593,1.7788444512344004,0.7462410150341926,2.319183391215719,0.6060506497749447,-1.5391345260783316,-0.6055952719500689,1
19.393383215234497,-15.553484663788932,4.1032182725651145,-5.139290419197276,-0.4927015986994429,-2.3264671367347773,-1.6967089413305703,1.008872059988782,3.7067170404269274,7.111698515139166,8.918614393581551,-5.707927504272579,1.1481622223906172,0.1203700769854176,3.04348447463627,-0.07652580246126978,0.07739206503123498,-2.078977999083352,1.869114316354627,2.3625364543894833,-0.2783737448138952,1.5742313448693288,-3.6118371597811123,-1.240953127486961,0
11.865033860531062,-4.501178059942783,-1.5893960702035783,-9.06567468139385,-5.586122236027057,-3.94517420456868,-1.9280187532238608,-3.708809450735207,1.2006238560186022,1.154423171966203,-0.5412165855770703,-0.41011479048850535,1.1502971596511031,-0.41357756700340254,0.8460424070064879,-0.1731117446789993,-1.2449584173779944,0.7958731585951828,0.14559921417605243,-0.2585561180877753,0.61208417477835,0.5425605938008812,0.6585944384351005,-0.8663001693947489,1
-12.886148777011739,-3.9722206940524822,0.37548322156122993,-7.092250259826034,-2.625979634084612,-1.898335970406161,-2.3640232840789,-2.9285105458281357,5.023865254141792,0.5046977029021953,-2.441941163149675,-0.8683492434851608,0.718510548727416,-0.1454668557845331,-1.793479076833909,1.0568131336567164,-1.549416201246756,0.2808596919354567,-0.8178791473294003,-0.0327150594807758,-0.31693255674381954,-2.2538194785551995,0.3906645032379012,-0.4529373328720229,0
-12.696347561485876,2.4465722638081338,-0.9138287850677916,-11.736500852230224,-2.2346480474006127,-1.135628603529842,-1.146544722301905,0.45679730352011766,8.014476982714026,1.281072455000864,-2.5103051642938228,0.2906518340178173,0.24665870517561492,0.05592178950570292,1.5992294755135392,1.2856692404434045,1.0061768586687352,-0.725746639206622,1.273205208128187,0.2965997847727781,1.5290930714062851,0.35528438896792636,0.47678029286994356,-1.0596140233916682,1
11.483539026565929,0.3025201611887735,-2.1698077268060163,-4.861063110227399,-3.778800050285442,-2.550211774987623,-1.4062367477097215,-2.428859988217176,2.21973048117706,0.17226814841658764,-1.5197024697134986,-0.5741024360840052,0.0739629760443148,-0.34753435895419693,0.2594636046518193,-0.7474840697988234,-0.3899118228308494,-0.6832682644079556,0.061720572415982146,0.2914247911511155,0.11741094832224874,0.5037378749053351,0.45706855864183765,-0.2135899750645277,0
15.058792966567692,8.685544988382617,5.733180647234917,-7.5991685405465645,0.45351369851896345,-0.9912260943209938,-1.4713375237525481,-0.5083171921643779,-2.6355927869362326,1.3505954373462463,1.482332639214386,0.0774378886528133,0.6271533465800424,1.7335610202118428,1.0536336449728048,1.5727516035204028,1.1263072236041645,1.5341434009839459,-1.432387357842695,-0.3364888717870593,0.7986550495584964,-0.004598325808569098,0.21101340322019552,-1.3547365053980271,1
