0,1,2,3,4,5,6,7,8,9,10,11,12,13,14,15,16,17,18,19,20,21,22,23,24,25,26,27,28,29,30,class_numeric
2.9006379,5.7826486,9.264704,3.9803216,1.645858,3.3947194,7.7126236,3.5104551,4.0485544,7.0323405,6.052526,6.5079255,7.4529676,5.57904,1.7607275,6.656295,6.915483,4.798312,5.7774577,5.1653256,4.792414,7.122289,5.4002113,3.6524112,2.9725945,5.885333,5.650652,4.0627227,6.1844654,2.1496415,5.326951,0
2.7714887,5.8373337,9.325676,4.169001,1.5048134,3.327908,7.729162,3.5381794,4.010303,7.194977,5.978961,6.604886,7.4648705,5.4196353,1.7284064,6.6776166,6.8547072,4.7171674,5.5731225,5.201714,4.778152,7.175752,5.453643,3.6865733,2.9624426,5.8947816,5.588033,4.0668936,6.1535287,1.9729428,5.304429,1
2.9253078,5.9465175,9.018002,4.1372337,1.7545931,3.398163,7.889624,3.6942282,3.9833784,7.1679373,5.9676666,6.636745,7.656715,5.354016,2.2117505,6.436652,6.957881,4.7507772,5.365993,5.1387324,4.9781065,7.096148,5.2923317,3.8589706,3.2312055,5.6514063,5.4434657,3.8054988,6.3722067,2.0000067,5.0425477,2
6.4216332,4.5781116,6.4445996,1.368558,4.176175,3.7734778,7.419129,2.7468052,4.953107,5.150215,5.6805162,5.3066483,6.0879436,6.5587983,3.126471,6.3445706,6.0264835,4.8862,6.5305243,3.3966298,4.664834,5.646833,4.4580336,4.3725905,3.2089329,5.377978,5.4328985,4.3801637,5.3218246,3.9568424,6.01822,0
6.6941547,4.656344,6.256252,1.2291336,4.0091233,3.9188817,7.5617275,2.609296,5.0244045,4.933894,5.7599087,5.375043,5.9579887,6.6760864,3.1752355,6.483008,5.995918,4.758981,6.6856136,3.3124228,4.691353,5.550228,4.5386324,4.4854703,3.0836046,5.4245696,5.3077507,4.878828,5.220378,3.7126923,6.124785,1
6.729429,4.5661826,6.3904305,1.1820025,4.0683975,3.8299294,7.4902086,2.746355,5.095917,5.0193233,5.75059,5.3181076,5.9525595,6.6396646,3.0781648,6.361479,5.9386854,4.866937,6.5879884,3.3272543,4.710639,5.6255455,4.4628444,4.389941,3.1725726,5.394605,5.4030447,4.746608,5.292198,3.780508,6.0533104,2
2.8693614,5.7877774,9.264708,3.9898,1.6336684,3.3702054,7.71069,3.517248,4.0225115,7.055317,6.0295587,6.524857,7.4472303,5.5527086,1.7742605,6.6427035,6.89477,4.7746825,5.7714133,5.182702,4.789163,7.1101537,5.4145327,3.6797502,2.9641426,5.872972,5.6240377,4.063627,6.1752286,2.1597908,5.3366137,0
2.777012,5.8758073,9.284816,4.146524,1.5304973,3.347567,7.7639613,3.5764334,3.9922032,7.178126,5.9861007,6.6386347,7.5024867,5.4372087,1.7757361,6.6384964,6.8904505,4.7335095,5.6107974,5.23854,4.8184395,7.151952,5.4116035,3.7209527,3.0063877,5.855543,5.554393,4.028372,6.1967883,1.9913777,5.2632856,1
2.6066797,5.932034,9.174935,4.2625055,1.5974371,3.414407,7.7512393,3.576645,3.937539,7.264286,6.059485,6.62657,7.717072,5.2927475,2.0277941,6.4060254,6.9596195,4.8028708,5.2903075,5.344157,5.015991,7.0992093,5.256675,3.882953,3.21168,5.6526165,5.4750843,3.830264,6.4131308,1.8913057,5.169613,2
6.4264536,4.6159887,6.467847,1.3485063,4.10969,3.7896163,7.452707,2.7569118,4.9388046,5.148699,5.710735,5.343939,6.0955315,6.574334,3.114096,6.3428197,6.038091,4.863002,6.563723,3.424284,4.680812,5.6417465,4.482034,4.3577776,3.1693583,5.387413,5.4304967,4.4529395,5.3403864,3.9016473,6.015321,0
6.6923256,4.6450405,6.2763844,1.2259644,4.0165057,3.902905,7.5510015,2.627342,5.0291524,4.9485364,5.752903,5.3656816,5.9617343,6.664441,3.1650808,6.4619265,5.995999,4.7749224,6.6755877,3.3138263,4.6861987,5.558666,4.5320263,4.472925,3.098444,5.4193335,5.3170424,4.8510165,5.228182,3.7236288,6.1154838,1
6.623181,4.605252,6.4330006,1.2209711,4.010583,3.787294,7.5179305,2.7414494,5.0347567,5.036859,5.733583,5.3251247,6.00429,6.572794,3.0997057,6.3039904,6.0301075,4.855853,6.6287956,3.3653114,4.6450906,5.6168685,4.515213,4.3875923,3.1698213,5.386769,5.35374,4.7353086,5.3103366,3.7643366,6.0453167,2
2.8760464,5.7847385,9.27639,3.98641,1.6278218,3.3700368,7.7098193,3.5144706,4.028681,7.053754,6.0290112,6.5250797,7.436736,5.556875,1.7568756,6.658404,6.8925567,4.7740803,5.7822347,5.1780305,4.777909,7.1179905,5.4217997,3.666581,2.953476,5.888023,5.6321526,4.075015,6.1648054,2.1628954,5.3429165,0
2.767301,5.8927784,9.262782,4.1565576,1.5359868,3.3522003,7.777615,3.591892,3.981311,7.186803,5.984465,6.652026,7.526353,5.424907,1.8061568,6.6135516,6.900225,4.7341404,5.5907555,5.2518754,4.840922,7.142613,5.392977,3.7444222,3.030991,5.8308253,5.5334334,4.002255,6.220865,1.9801612,5.241943,1
2.933444,5.9508224,8.985217,4.121094,1.786558,3.3993554,7.896059,3.7021348,3.9771929,7.158132,5.968551,6.6297746,7.6740117,5.3575644,2.2549038,6.410167,6.964697,4.753676,5.3519073,5.136383,4.996824,7.07785,5.2776012,3.8809342,3.2555192,5.62302,5.431787,3.7794518,6.391301,2.0190074,5.024906,2
6.4649897,4.561262,6.4460173,1.3250539,4.1684337,3.772826,7.4097767,2.768894,4.9803133,5.1424513,5.6825957,5.2994614,6.0709825,6.5674276,3.1080985,6.334268,6.0082216,4.900919,6.5152974,3.3919923,4.683688,5.662888,4.439885,4.3539906,3.2177565,5.3684216,5.451954,4.4591966,5.3259587,3.9372594,6.0029335,0
6.739888,4.64928,6.229205,1.2066021,4.031931,3.938451,7.555072,2.5975654,5.0499783,4.9099174,5.7685494,5.3704343,5.928697,6.705158,3.1673462,6.51463,5.9553957,4.752062,6.6755247,3.2939453,4.7250066,5.553819,4.515669,4.491446,3.076447,5.4222603,5.323908,4.91532,5.2090764,3.7120972,6.126737,1
6.6968694,4.5985003,6.3700686,1.1913095,4.0498953,3.8548758,7.5088887,2.7073386,5.0716133,5.014239,5.741788,5.3505816,5.96536,6.6418476,3.1144347,6.3831253,5.9625635,4.8382115,6.639591,3.3468456,4.698528,5.6131506,4.479507,4.397164,3.1453214,5.3889647,5.3783274,4.781927,5.3028526,3.7617855,6.0561795,2
2.8339882,5.8222985,9.31288,4.0566287,1.5671254,3.3595467,7.7314,3.536291,4.0233784,7.1145463,6.010751,6.5831246,7.4493484,5.5045695,1.72492,6.685033,6.888695,4.756077,5.723026,5.2057447,4.7730837,7.1536593,5.4322567,3.6642785,2.954107,5.9071403,5.6146264,4.078385,6.156002,2.0893688,5.3209,0
2.7562108,5.916133,9.249907,4.1706696,1.5238372,3.351171,7.797844,3.6134682,3.9711301,7.2060523,5.973845,6.6731486,7.546855,5.4051704,1.8245635,6.5994024,6.9032154,4.7245984,5.5729227,5.264723,4.8574653,7.1438665,5.37968,3.7638848,3.0520353,5.814707,5.509199,3.9805737,6.24198,1.966604,5.2176676,1
2.8654478,5.933214,9.072253,4.1537666,1.7003217,3.3917015,7.8558908,3.6654756,3.9779525,7.1785183,5.9735317,6.629705,7.626392,5.365512,2.1119723,6.4765773,6.9295535,4.7389145,5.3893037,5.2172713,4.955244,7.1028376,5.296408,3.8377235,3.1948707,5.673665,5.471139,3.8615632,6.336997,1.9837862,5.1055245,2
6.428762,4.5839086,6.443528,1.3579552,4.1579766,3.7744553,7.4274173,2.745673,4.9530053,5.143343,5.680751,5.3095236,6.0868325,6.5583253,3.126242,6.339819,6.0332723,4.8802714,6.5433755,3.394854,4.6605015,5.64389,4.4643655,4.3708754,3.2019415,5.3778815,5.4272714,4.4054437,5.3153257,3.937692,6.0181575,0
6.6703663,4.6543036,6.2754464,1.2323197,4.0024667,3.9056902,7.559695,2.6223125,5.020418,4.9464316,5.7560945,5.3723946,5.968261,6.6629395,3.170726,6.4614224,6.0070834,4.767228,6.6820183,3.321307,4.6827345,5.5559797,4.5409613,4.475771,3.0908878,5.421101,5.308657,4.8583245,5.2294235,3.7143512,6.116577,1
6.627496,4.5785074,6.4102325,1.2036252,3.995813,3.812483,7.498665,2.734965,5.071002,5.0071816,5.7024345,5.3157816,5.981121,6.5946317,3.1090415,6.325504,6.0074234,4.8582854,6.607746,3.3307796,4.670989,5.6438456,4.4968057,4.3800917,3.1772017,5.350885,5.3569837,4.7648983,5.25712,3.7223933,6.0214467,2
2.887047,5.8103533,9.314646,3.9933786,1.5965989,3.3798842,7.7340374,3.531729,4.048911,7.0657506,6.0270424,6.558978,7.429478,5.556138,1.7121842,6.7050586,6.905789,4.7782373,5.7820816,5.187462,4.7605615,7.1579113,5.4274573,3.6311846,2.9470043,5.9301734,5.640274,4.092971,6.1551986,2.151652,5.325835,0
2.7642434,5.917311,9.248666,4.161265,1.5257251,3.3503766,7.7991633,3.6162415,3.969041,7.1940994,5.9742036,6.679545,7.53801,5.425262,1.8133965,6.6027765,6.90563,4.72619,5.606145,5.2698536,4.853843,7.1348906,5.381137,3.7619684,3.045667,5.8162003,5.5101824,3.98865,6.2340126,1.970908,5.220843,1
2.819579,5.950757,9.108876,4.200707,1.665384,3.4014473,7.848408,3.6540234,3.9794865,7.22105,5.9972506,6.6611533,7.668167,5.3243184,2.0992804,6.4638696,6.9634743,4.771569,5.3398485,5.1886535,4.966737,7.1230826,5.3037076,3.8417063,3.2002606,5.696107,5.4582453,3.824299,6.370056,1.9373106,5.0854197,2
6.368343,4.5879717,6.4920106,1.4016303,4.187963,3.7669005,7.407162,2.7681391,4.920624,5.197163,5.685263,5.3225307,6.1208224,6.5558834,3.1177557,6.338268,6.0332737,4.889321,6.523083,3.4381173,4.6748033,5.653853,4.4520297,4.347379,3.2015364,5.381353,5.4627204,4.3232927,5.364716,3.99169,6.0040846,0
6.603835,4.5977488,6.4065056,1.2297958,4.007864,3.807627,7.505452,2.7242093,5.037742,5.0240173,5.7098713,5.322403,6.0016522,6.585082,3.1176126,6.3251724,6.0270095,4.849421,6.61917,3.344807,4.654542,5.624134,4.5113997,4.3933578,3.1699135,5.371919,5.351018,4.716688,5.2693458,3.7495587,6.0390024,1
6.6723685,4.6003046,6.40591,1.2220812,4.0786,3.824857,7.4948754,2.728218,5.0407705,5.059663,5.7390957,5.348194,5.996012,6.617339,3.1063948,6.3537126,5.977469,4.855041,6.628808,3.3728974,4.6836033,5.614322,4.4795256,4.384088,3.1594844,5.397561,5.3943295,4.7036824,5.3366995,3.8144412,6.0512657,2
2.588725,5.5957336,8.648665,3.7318802,2.301917,3.3410065,7.5160108,3.4392142,3.7683675,6.8013344,6.189322,6.072772,7.9244723,5.6731753,2.6836052,5.774928,7.095281,4.9790616,5.486469,5.224306,5.298666,6.5340996,5.1324043,4.312423,3.3463404,5.1359468,5.363117,3.5398426,6.657271,2.5351143,5.229485,0
2.6071055,5.458948,8.475524,3.4851255,2.5515645,3.2201908,7.4919515,3.4662585,3.746275,6.5731483,6.1568456,5.9241304,7.978036,5.9431305,2.8467064,5.690015,7.2224374,5.0225825,5.6696844,5.043166,5.313473,6.370525,5.2340126,4.4105124,3.2825475,5.0867066,5.2943454,3.4898314,6.64538,2.8127947,5.1621656,1
2.7577612,6.11031,8.7982,4.151132,1.9191401,3.5193875,8.083074,3.8802094,3.946609,7.248569,6.074559,6.678932,7.9744844,5.166032,2.7023342,6.0974483,7.0521216,4.904756,5.074542,5.107902,5.241977,7.0384245,5.0891523,4.1370444,3.616802,5.3778577,5.3344755,3.5710416,6.6548057,1.985859,4.6953235,2
6.3357906,4.5070534,6.611599,1.643526,4.5227804,3.693033,7.207349,2.8656864,4.8341303,5.4601154,5.6299953,5.2588887,6.270166,6.532081,3.075848,6.3981,5.9516883,4.992821,6.2672133,3.5407958,4.7453523,5.7212725,4.3065963,4.3160467,3.3022666,5.3809896,5.655978,3.9195511,5.492005,4.3367357,5.9603906,0
7.2907524,4.231009,6.4167895,1.3938719,4.940065,3.8549004,7.022486,2.9024308,5.251947,5.3501124,5.6728783,5.228282,5.913307,6.9176106,2.9615393,6.8162856,5.427183,5.0884266,6.110677,3.3731596,5.0567007,5.7327375,3.9879186,4.333378,3.3262017,5.3780994,5.927704,4.2025228,5.564075,4.46245,6.018938,1
8.138055,4.1775675,6.080628,1.2179265,4.753279,3.9508739,7.118063,2.7912743,5.5040765,5.020257,5.7737513,4.9773273,5.7689924,7.0275807,2.8234744,7.145346,5.2056985,4.9661007,5.881079,3.0685725,5.1398387,5.661901,3.9952044,4.649585,3.3172128,5.4826736,5.807813,5.2938485,5.1723485,4.072145,6.2536893,2
3.5444598,5.2723613,8.155632,2.9268656,2.978502,3.393296,7.537101,3.3336964,3.9945443,6.2894964,6.0403614,5.8020725,7.313799,6.087209,2.9210997,5.954367,6.911478,4.9271026,5.9375634,4.6895933,5.0168495,6.1289363,5.033597,4.1938457,3.1431396,5.255079,5.4058695,3.4870965,6.3351836,3.3071196,5.4659085,0
2.7206142,5.387524,8.466745,3.4362078,2.566843,3.20993,7.449717,3.437023,3.7666643,6.534753,6.1787558,5.860905,8.011438,5.994975,2.837866,5.7161784,7.359322,5.097592,5.7111773,4.9556065,5.3213353,6.3495584,5.2343755,4.4227376,3.2534142,5.1187606,5.281842,3.5063367,6.6359377,2.8560722,5.158978,1
2.7719743,6.0745687,8.835235,4.1700654,1.8856041,3.5021942,8.026316,3.8246424,3.9340382,7.252182,6.069631,6.6462297,7.9360356,5.1718116,2.640481,6.134783,7.0272245,4.873515,5.0769196,5.153223,5.2124586,7.020152,5.0940175,4.10581,3.574031,5.39823,5.3526335,3.593218,6.628273,1.9634143,4.750458,2
3.9416134,5.0576496,8.097399,2.4150352,3.217759,3.638603,7.628721,3.2208376,4.0408535,6.056825,5.9316335,5.571492,6.7903523,6.269433,2.901282,6.0825443,6.8479095,4.7050147,6.217219,4.4719305,4.599418,5.756501,4.909307,3.8160076,2.7996132,5.458321,5.645587,3.1851647,6.093244,3.8661098,5.685613,0
7.181857,4.2905893,6.44232,1.36397,4.8730774,3.8829165,7.0797305,2.881376,5.21656,5.353046,5.6987123,5.315869,5.9193254,6.9160895,2.9885166,6.758442,5.4521904,5.065692,6.2338915,3.4131591,5.046023,5.7327194,4.0326123,4.297041,3.2910883,5.383606,5.8881383,4.1633797,5.6119018,4.4299493,6.00891,1
8.106608,4.2027464,6.057754,1.2022995,4.8006988,3.989422,7.1127234,2.7878172,5.457208,5.0199137,5.7279096,4.988098,5.797411,7.0322127,2.8783722,7.0914025,5.256508,5.0012918,5.8399944,3.1080189,5.1064024,5.613785,4.0009255,4.597922,3.2957141,5.43955,5.8338313,5.2982593,5.2139792,4.1208143,6.22582,2
3.6857007,5.1772013,8.092599,2.6633682,3.145149,3.457988,7.591592,3.2753942,3.987355,6.133215,5.9729137,5.7125945,7.1157303,6.2065897,2.9634743,5.958223,6.8657165,4.8352075,6.08243,4.5861807,4.849132,5.9427986,5.0057173,4.0689325,3.0108113,5.296008,5.4701195,3.3565042,6.2422523,3.605104,5.5564666,0
2.6916337,5.346842,8.482267,3.4387214,2.594647,3.1850026,7.4091225,3.3980205,3.7251205,6.4869504,6.1857214,5.818868,8.039853,6.032981,2.791615,5.673423,7.416909,5.134255,5.738685,4.9166765,5.295827,6.2924166,5.2676964,4.4618487,3.221682,5.090193,5.295034,3.5207515,6.611805,2.8621604,5.18352,1
2.762493,6.1691737,8.7453165,4.1973543,1.9292963,3.565404,8.133521,3.932855,3.928453,7.30614,6.063467,6.73543,7.9966073,5.11345,2.7748299,6.061929,7.0264235,4.882468,5.015419,5.1134415,5.3047986,7.079642,5.02978,4.1533785,3.677144,5.305793,5.309318,3.5560029,6.7171574,1.942076,4.6492753,2
6.7759337,4.427632,6.3269615,1.485773,4.7282834,3.6919298,7.1668983,2.7665036,4.9126363,5.358565,5.538226,5.196569,6.1908097,6.505913,3.1279755,6.387948,5.885014,5.030844,6.3640113,3.3655064,4.6511593,5.700308,4.2311964,4.382839,3.3821764,5.3844223,5.6154523,4.064181,5.3391995,4.4497924,6.030983,0
7.3841867,4.3972483,6.291046,1.1375592,4.951465,4.1216793,7.2068686,2.7359595,5.1897693,5.2595444,5.7347074,5.5856013,5.7935705,7.0010276,3.1738439,6.6249704,5.4073343,5.0242333,6.7399416,3.4152105,5.05004,5.6550746,4.058961,4.193801,3.1916547,5.3961563,5.849947,4.033029,5.6845703,4.5195446,6.0334144,1
7.920681,4.3138213,6.0908895,1.1420032,4.6132965,4.0184174,7.2528596,2.715826,5.4047375,4.9836373,5.8024626,5.1745496,5.755535,7.003525,2.9362524,6.9846497,5.322089,4.9076295,6.2338,3.1271763,5.0796514,5.6323457,4.1185317,4.5831285,3.2382894,5.4794574,5.6810727,5.2106256,5.223137,4.0048566,6.2321157,2
3.8385327,5.116495,8.063615,2.4846604,3.2395716,3.5318105,7.6232452,3.2320664,3.9929576,6.0507507,5.938814,5.6560655,6.9641614,6.255584,2.9615817,5.9972234,6.8549185,4.7762747,6.162533,4.5173645,4.7216883,5.8310027,4.9704223,3.9488852,2.9088974,5.3508916,5.519725,3.2753875,6.1702423,3.8006759,5.633802,0
2.7188106,5.410496,8.465565,3.430584,2.5834825,3.2356594,7.467383,3.4255667,3.7612638,6.5445595,6.1727314,5.8814764,7.978546,5.9708943,2.8391771,5.708864,7.3320327,5.070785,5.6964264,4.983265,5.2981167,6.3276067,5.2099185,4.3969245,3.2592552,5.0998344,5.305007,3.4854922,6.629033,2.8652496,5.19073,1
2.7888544,6.1232357,8.796023,4.203838,1.8910519,3.5339313,8.059302,3.8611207,3.926047,7.2919602,6.060722,6.6902995,7.950476,5.1266913,2.6898758,6.1091375,7.0149636,4.858571,5.035999,5.154065,5.268262,7.063229,5.048664,4.1059694,3.6266248,5.3443093,5.3357263,3.5821276,6.681679,1.9304717,4.7231736,2
6.858897,4.4004774,6.284481,1.4875209,4.778895,3.688728,7.1434016,2.7669532,4.9356117,5.3413577,5.5259743,5.1499763,6.183052,6.512342,3.114302,6.419288,5.857868,5.034764,6.323506,3.3278792,4.6544895,5.694112,4.2108526,4.413252,3.4002168,5.3869777,5.623449,4.1163898,5.293357,4.476757,6.045993,0
7.3390956,4.3980603,6.320153,1.1303694,4.980592,4.1470175,7.199431,2.7361827,5.176382,5.2984996,5.7283077,5.6489897,5.783234,7.010289,3.204362,6.6010375,5.400515,5.0444975,6.8144126,3.449914,5.057609,5.659964,4.0391927,4.1422596,3.187032,5.3908505,5.8810954,3.9452,5.751073,4.562704,6.0194516,1
7.9807625,4.310896,6.0713487,1.0999936,4.5923605,4.060772,7.267688,2.701798,5.423531,4.9398084,5.808466,5.1625257,5.7120113,7.0430336,2.95025,7.02122,5.3497424,4.892639,6.2878704,3.1167586,5.0919666,5.5910506,4.13354,4.591276,3.2177062,5.4731293,5.668855,5.2574677,5.187354,3.9741187,6.2447505,2
3.678016,5.1828346,8.094108,2.6789787,3.1354754,3.4546463,7.5908833,3.280104,3.9876726,6.1427565,5.9757104,5.7173553,7.1255813,6.2004066,2.9629004,5.9586253,6.8677864,4.8374248,6.0752172,4.591872,4.8583627,5.953465,5.008037,4.078239,3.020522,5.2948046,5.46774,3.3636706,6.247009,3.586978,5.549628,0
2.7646255,5.4118876,8.46111,3.4237552,2.5767288,3.2455993,7.473708,3.4322486,3.7818809,6.5485616,6.1719584,5.8827715,7.941761,5.9629946,2.843951,5.73793,7.2989793,5.063541,5.6994257,4.9789352,5.3002906,6.3455405,5.201563,4.381036,3.2591133,5.1229057,5.3017535,3.492461,6.6260633,2.8651373,5.1950274,1
2.8259645,6.110305,8.782855,4.1661534,1.9169871,3.518423,8.074208,3.8718388,3.9390736,7.25986,6.0510187,6.678639,7.940457,5.1519437,2.7119017,6.120603,7.026032,4.8623943,5.0676026,5.113902,5.2455683,7.051073,5.0721765,4.1020494,3.6167138,5.364099,5.3371224,3.5836952,6.657398,1.9646642,4.706483,2
4.0136576,5.0383987,8.03175,2.385422,3.2663386,3.6318057,7.5675745,3.2147038,4.1024895,6.0377035,5.933298,5.5353413,6.765211,6.2793365,2.915544,6.0744786,6.7867346,4.762426,6.206631,4.4394207,4.664886,5.7452145,4.856501,3.8731005,2.8640728,5.428757,5.685002,3.1428483,6.0836854,3.8551826,5.6940894,0
3.9400764,5.028102,8.089138,2.4200099,3.2106748,3.6680257,7.6405444,3.2036724,4.0404263,6.057763,5.9234223,5.5238466,6.758202,6.27883,2.9052198,6.073231,6.8497906,4.6854906,6.2318063,4.468517,4.5877295,5.7164173,4.887961,3.8071847,2.7907078,5.4820786,5.692168,3.10814,6.081361,3.8706436,5.686883,1
4.010148,5.0177245,8.02961,2.3864102,3.262282,3.6546345,7.5955987,3.1998641,4.0932713,6.034929,5.9225693,5.5166636,6.7473073,6.2886124,2.9158266,6.076862,6.79559,4.721888,6.2247863,4.4335365,4.6265516,5.722915,4.8532486,3.8526495,2.8374293,5.452893,5.699241,3.1224363,6.0714216,3.8688319,5.694903,2
3.347265,5.2828836,8.213726,2.8829288,2.977031,3.3710177,7.5795884,3.3676605,3.8874295,6.2544055,6.025568,5.7744794,7.319956,6.1501217,2.956739,5.86022,6.9465623,4.861786,5.9891467,4.7435617,4.965831,6.040261,5.10287,4.168071,3.0701551,5.225991,5.4325876,3.3795307,6.363508,3.4015737,5.4446282,0
3.1417704,5.9158406,8.510745,3.8282797,2.289951,3.4004862,7.858768,3.7045708,3.8311546,6.9465356,5.992966,6.4077234,7.715622,5.4242277,3.0068316,5.9728236,6.864663,4.7084546,5.3480697,5.0787477,5.248898,6.7792954,5.084095,4.15768,3.552083,5.146353,5.376201,3.5890589,6.61786,2.3604672,4.977114,1
3.0517504,5.7082195,8.551102,3.6235297,2.3580537,3.3083575,7.8319993,3.6853578,3.9231646,6.734629,5.9691486,6.2778416,7.791639,5.7369947,2.7414172,6.0783386,7.165584,4.8577914,5.5936656,4.877296,5.1078467,6.6664104,5.2517314,4.136099,3.2842283,5.3694882,5.3008175,3.542767,6.4760933,2.589176,4.9542775,2
5.857613,4.632748,6.8988676,1.6942486,4.261478,3.76338,7.325178,2.9092696,4.727213,5.5356255,5.7369485,5.4688125,6.3036475,6.575132,3.064882,6.329306,6.0545774,4.92684,6.4516587,3.7432196,4.783126,5.719818,4.4113607,4.1646814,3.1579652,5.3928275,5.6674137,3.6930792,5.7217436,4.241571,5.898174,0
7.018762,4.4715614,6.4411907,1.2189124,4.83641,4.065103,7.2453604,2.7604651,5.076338,5.3462543,5.7436213,5.6485868,5.8899436,6.927507,3.176751,6.5141706,5.5261765,5.014412,6.7807407,3.529017,4.9993987,5.6766953,4.132132,4.13246,3.1697042,5.3840766,5.8153877,3.869578,5.78757,4.4927225,5.9757504,1
7.362893,4.3133125,6.3807883,1.0623864,5.152526,4.2887754,7.1100926,2.7261636,5.195473,5.4578915,5.6278353,5.887532,5.6707177,7.061127,3.3704402,6.571222,5.3237057,5.182524,7.13654,3.512887,5.080295,5.667301,3.8815563,3.9400957,3.2147257,5.3795934,6.051439,3.5816991,6.021646,4.760088,6.028478,2
3.2820935,5.31377,8.238029,2.9697354,2.922684,3.3491838,7.568138,3.3824136,3.8841462,6.3000236,6.040648,5.806839,7.385483,6.11513,2.9386396,5.8549013,6.9548388,4.8804436,5.9462194,4.7796044,5.012648,6.097072,5.1169763,4.2070527,3.1101787,5.211743,5.413198,3.4166572,6.390116,3.307793,5.4154606,0
3.0933335,5.96104,8.584949,3.935943,2.185069,3.423742,7.8654523,3.7032092,3.829872,7.032171,6.011655,6.458049,7.749962,5.344067,2.9400034,5.9978185,6.8648806,4.715059,5.277857,5.139248,5.260099,6.8433933,5.067783,4.1430397,3.5699673,5.1638,5.384462,3.6085649,6.6387014,2.246734,4.96763,1
3.029663,5.636415,8.517294,3.554798,2.4246392,3.2963915,7.762764,3.6315072,3.9032152,6.6758037,6.004217,6.1885686,7.8023005,5.79955,2.7689962,6.017761,7.1911325,4.8968596,5.635363,4.878074,5.1349306,6.58837,5.240338,4.1801105,3.2695675,5.327452,5.299675,3.5299337,6.4939966,2.6733265,5.0098166,2
6.1317725,4.557217,6.7178373,1.5925406,4.3963227,3.7673244,7.2670827,2.863595,4.8232203,5.4724464,5.6900573,5.4113545,6.233687,6.6001644,3.088234,6.3710027,5.954367,4.9666047,6.4517837,3.6212647,4.788676,5.7157903,4.3354063,4.2252693,3.2264037,5.3874574,5.67225,3.8071613,5.632103,4.303575,5.9352636,0
7.1396756,4.46735,6.4016128,1.169201,4.886111,4.1146545,7.2482247,2.7393296,5.097628,5.3312006,5.7476525,5.687454,5.8442388,6.9682636,3.2018313,6.51761,5.479954,5.021134,6.840152,3.518797,5.0222087,5.6685963,4.1072702,4.11659,3.1586537,5.38366,5.8351464,3.8342927,5.8052697,4.5277095,5.980615,1
7.3974047,4.298691,6.3618264,1.0509635,5.1708293,4.302484,7.0971074,2.7291558,5.215372,5.4528365,5.619808,5.8862524,5.655619,7.075965,3.375017,6.5916743,5.3044157,5.1887,7.1342936,3.4958072,5.092659,5.664168,3.8701186,3.9392784,3.2223964,5.38206,6.0605316,3.6008465,6.0131435,4.773216,6.041058,2
3.566307,5.206077,8.143073,2.7096379,3.0952961,3.437898,7.5899053,3.3086858,3.9394934,6.1654673,5.9925528,5.7166395,7.1638026,6.200229,2.9652777,5.917682,6.9052324,4.834613,6.0659175,4.6426644,4.8680925,5.947465,5.0397325,4.0797663,3.0041568,5.2762585,5.4714804,3.3360403,6.2826896,3.5739682,5.528547,0
3.0450509,5.9937906,8.648285,4.012139,2.0989683,3.441709,7.8496633,3.6923628,3.8363383,7.100044,6.0238566,6.5004144,7.764389,5.2794065,2.8560903,6.02823,6.8635054,4.720987,5.214484,5.193289,5.273797,6.8933153,5.045383,4.1203227,3.5833726,5.1843524,5.3872056,3.6098216,6.6517863,2.1603923,4.9880905,1
2.9445274,5.8358736,8.616483,3.7634673,2.2506444,3.3189394,7.9346995,3.7733,3.9212484,6.8331165,5.928197,6.419851,7.816431,5.6330404,2.690571,6.1074195,7.0905256,4.796957,5.499667,4.9272037,5.0832276,6.7673182,5.2774277,4.117003,3.3271685,5.393959,5.301537,3.5502245,6.474002,2.435175,4.862337,2
6.755439,4.4651074,6.3150682,1.4578797,4.715212,3.676901,7.2079005,2.7510068,4.8725386,5.388285,5.5278287,5.2652164,6.192969,6.4707975,3.1367772,6.3199587,5.9245486,5.035192,6.481386,3.4082701,4.602094,5.726801,4.256219,4.352737,3.3810718,5.374725,5.5783434,4.0848136,5.3771806,4.449067,6.0128584,0
7.1556034,4.4654107,6.401131,1.1309737,4.905342,4.1583285,7.252663,2.7267401,5.111301,5.337174,5.7545056,5.729809,5.803712,7.003962,3.2259533,6.5180087,5.4441,5.032102,6.8911114,3.5317378,5.0458765,5.666709,4.0838804,4.089715,3.143477,5.3827033,5.860256,3.824627,5.838061,4.540005,5.9792495,1
7.2898126,4.3562665,6.3916297,1.0916191,5.0887465,4.2406344,7.149981,2.7168727,5.1522055,5.4337015,5.6533484,5.8458633,5.7193766,7.019442,3.3407402,6.5306354,5.3788304,5.146832,7.0901093,3.5262816,5.045401,5.667571,3.9329543,3.978013,3.1990337,5.376775,5.99916,3.6071439,5.9795723,4.7087264,6.0067344,2
3.1582818,5.351841,8.27112,3.036233,2.8802097,3.3198168,7.576716,3.4139993,3.8421395,6.3287325,6.0428557,5.8338146,7.4518256,6.1010427,2.9422784,5.808922,6.9615965,4.868523,5.9166136,4.8313675,5.0397058,6.1193023,5.153428,4.2386866,3.1279318,5.179459,5.4017634,3.410464,6.4250326,3.2530086,5.3714705,0
3.0747342,5.9469566,8.55106,3.909666,2.2343252,3.414809,7.828824,3.6795392,3.7952251,7.0010743,6.021801,6.4091506,7.7526736,5.3654675,2.9837892,5.9362884,6.8181124,4.7005353,5.2913127,5.1583095,5.275805,6.783077,5.0621223,4.189098,3.5745811,5.110729,5.387596,3.601094,6.658211,2.284577,5.011604,1
3.0297472,5.8481483,8.640001,3.7748682,2.2138178,3.3247488,7.950828,3.7789443,3.9479198,6.8513,5.911035,6.4506507,7.7797127,5.6210237,2.653043,6.1813335,7.100022,4.7829766,5.5092773,4.905687,5.054452,6.811761,5.2859383,4.0632267,3.3036184,5.446728,5.3087363,3.5750237,6.4432225,2.4134412,4.865489,2
6.6466866,4.465725,6.3931937,1.4805189,4.6393375,3.7065349,7.208651,2.7754889,4.8958526,5.366024,5.570797,5.2558327,6.1871905,6.518719,3.128228,6.366646,5.910542,5.0130057,6.4201465,3.416724,4.664384,5.70464,4.2658052,4.3465385,3.3435762,5.382014,5.6059594,4.0371575,5.397087,4.3889556,6.0107417,0
7.1465745,4.4646907,6.3920712,1.1544598,4.8869944,4.1272078,7.250858,2.7365468,5.111571,5.3240013,5.753328,5.694304,5.827941,6.9833436,3.2015553,6.5307965,5.4629726,5.02154,6.848416,3.513664,5.0339174,5.6690807,4.1006527,4.117845,3.154316,5.3856874,5.8397713,3.8552678,5.8038716,4.521612,5.9856772,1
7.3862147,4.302468,6.374599,1.0542423,5.1683116,4.29982,7.1006484,2.7265537,5.2060723,5.4619217,5.620232,5.8964057,5.6586947,7.069394,3.378506,6.580079,5.3108068,5.191374,7.1487827,3.5077686,5.0864897,5.667073,3.8688796,3.9322653,3.2197576,5.3806396,6.062626,3.57988,6.028697,4.7717056,6.0350695,2
2.8884933,5.7397413,9.191639,3.9139557,1.7281635,3.3656437,7.6769295,3.4905624,4.002934,6.9943113,6.0399365,6.4514456,7.4455333,5.5961375,1.8646555,6.5692635,6.8874183,4.7819614,5.810508,5.1560616,4.8134274,7.0359864,5.3984313,3.7224393,2.9751513,5.8104243,5.6203604,4.0369625,6.1942196,2.2486353,5.362173,0
3.0625787,5.957754,8.589459,3.9454525,2.187839,3.422723,7.851428,3.6880887,3.8098922,7.027984,6.0240207,6.433637,7.769837,5.3492894,2.9407802,5.97092,6.851347,4.717147,5.278927,5.1594586,5.2582364,6.814813,5.0712514,4.171078,3.5578933,5.147949,5.3848524,3.6108322,6.6507807,2.2463439,4.9840226,1
3.0596168,5.8838544,8.67843,3.8348503,2.1477234,3.3404102,7.965972,3.785738,3.9606364,6.91319,5.905245,6.502186,7.753167,5.5603538,2.6126564,6.23451,7.074858,4.7628756,5.46808,4.9369516,5.044634,6.871122,5.277977,4.020749,3.3152623,5.475823,5.325489,3.6034665,6.432129,2.339537,4.869279,2
5.8801293,4.5750856,6.8368454,1.6364377,4.2973285,3.7927606,7.265802,2.8909152,4.792713,5.538004,5.714418,5.4840775,6.2537518,6.633587,3.0840127,6.362746,5.9728336,4.9682913,6.4806714,3.6975799,4.8344765,5.7262106,4.3389964,4.162648,3.2004979,5.387872,5.719148,3.6693223,5.7394657,4.320593,5.9007726,0
7.212216,4.4375157,6.3736305,1.1540241,4.926894,4.1303015,7.225461,2.739782,5.1293154,5.324734,5.7390394,5.684281,5.818674,6.9877443,3.2049034,6.5521207,5.444118,5.0343394,6.8428903,3.4959373,5.0395455,5.6667757,4.075969,4.119054,3.1708782,5.3867283,5.85907,3.8652258,5.801066,4.5457892,5.9958887,1
7.393966,4.279298,6.3851748,1.0663196,5.1585674,4.294393,7.0754967,2.7514515,5.232527,5.4791965,5.598665,5.9136004,5.651864,7.0744476,3.3750181,6.616995,5.2928834,5.2125106,7.1475945,3.509736,5.103252,5.686095,3.8562617,3.914536,3.2431664,5.392788,6.077789,3.620818,6.040801,4.754663,6.0633593,2
2.6174388,5.8369,8.901728,4.3600698,1.8177592,3.605722,7.410137,3.3448303,3.737719,7.3205566,6.3327565,6.222698,7.9986277,5.066082,2.519813,5.73437,6.7919636,4.9131784,4.994694,5.5659523,5.4964304,6.816371,4.7940006,4.3147874,3.6551538,5.004584,5.512491,3.5933406,6.8460193,1.8682855,5.3622074,0
2.5592048,5.8303647,8.913654,4.3607535,1.8196836,3.6045437,7.4050736,3.3373902,3.7327528,7.317199,6.336467,6.221087,8.006057,5.0741324,2.5070236,5.7246313,6.7906747,4.916659,5.000708,5.5829854,5.4908075,6.809964,4.814716,4.317202,3.643817,5.0132794,5.514088,3.5934074,6.8416133,1.8742716,5.35913,1
2.388444,5.9309325,9.126765,4.3143444,1.64288,3.469303,7.6493454,3.5033414,3.8556633,7.3027425,6.1686726,6.5412087,7.8841825,5.213017,2.1687973,6.1777906,6.9874554,4.871678,5.1216235,5.498133,5.1909056,7.0076094,5.1165743,4.0389004,3.3609288,5.464713,5.4495287,3.7008042,6.5940423,1.8713372,5.188124,2
3.8651667,5.103089,8.111804,2.491392,3.1852193,3.577578,7.6230373,3.2364419,4.0250382,6.082156,5.938397,5.636937,6.8958197,6.244018,2.8967075,6.066555,6.8533835,4.7420397,6.1786637,4.504495,4.6651316,5.8319535,4.953812,3.8795524,2.859524,5.4205365,5.5788302,3.264555,6.1292324,3.785921,5.650471,0
8.718727,3.4196355,5.959372,1.6211603,6.038155,3.9107156,6.319098,2.9893317,5.452372,5.213289,5.019723,4.248155,5.645318,6.746893,3.2698262,7.128231,5.5939903,5.4789515,5.3440957,2.8741395,4.809875,5.262406,3.451241,4.5045485,3.6614666,5.1179895,6.50178,4.0126343,4.9659142,5.3671246,6.1305447,1
8.613162,3.4014564,6.0315223,1.7486684,6.0508347,3.823984,6.254377,3.0183213,5.359157,5.3698015,4.998093,4.2821145,5.649391,6.6382856,3.3810833,7.215233,5.7169414,5.5404525,5.1802435,2.8818061,4.724457,5.258848,3.377132,4.6033034,3.7220173,5.0402884,6.526035,4.0122623,4.9904428,5.429754,6.144136,2
2.6042445,5.8545504,8.906065,4.334707,1.8525125,3.593329,7.437222,3.3588765,3.7021403,7.304579,6.344418,6.245762,8.032928,5.083228,2.537248,5.6927195,6.7961545,4.8958178,5.002407,5.5977097,5.501258,6.792156,4.8442936,4.338617,3.6414993,5.0022974,5.48968,3.5662177,6.8676715,1.9039772,5.3227587,0
2.457598,5.804593,8.961207,4.379458,1.8020947,3.626982,7.3446245,3.2812085,3.7090101,7.323692,6.3803644,6.1921782,8.032836,5.068436,2.464329,5.676071,6.7499685,4.9204297,5.005187,5.6638737,5.502424,6.7753463,4.827353,4.344822,3.6260536,5.0069385,5.535681,3.587018,6.857521,1.8646767,5.4176993,1
2.403604,5.933768,9.169323,4.3282304,1.601023,3.450839,7.68114,3.5265214,3.887706,7.309085,6.1369214,6.5835133,7.845369,5.225375,2.095769,6.2551455,6.9987493,4.869457,5.1620674,5.4602365,5.1287355,7.0497437,5.1675243,3.9807303,3.2992013,5.534928,5.4477143,3.7462432,6.5330915,1.8492596,5.1764355,2
3.860845,5.111616,8.125627,2.4849782,3.1816921,3.5784142,7.6253014,3.243187,4.010909,6.084432,5.9442415,5.640212,6.8944044,6.2401404,2.9013822,6.059654,6.8665953,4.744489,6.1756535,4.5157857,4.660944,5.829737,4.958628,3.8662214,2.8477826,5.4177136,5.575929,3.2622125,6.137541,3.7966547,5.6520967,0
8.654681,3.4028113,5.968423,1.6355401,6.072557,3.8846662,6.2485714,2.9927566,5.479676,5.2349067,4.9630046,4.236103,5.656851,6.760744,3.2537823,7.1517706,5.590028,5.4728994,5.2654467,2.8751333,4.8336353,5.2556286,3.4301393,4.501704,3.6679256,5.138837,6.5229,4.0226417,4.961888,5.3593683,6.1056323,1
8.614185,3.3983576,6.037205,1.7476041,6.05151,3.8177252,6.251406,3.0201693,5.365196,5.372502,5.002458,4.2825456,5.65163,6.639926,3.3787315,7.2255373,5.7122197,5.5365996,5.177376,2.87691,4.733556,5.262155,3.3736377,4.609584,3.7266233,5.045453,6.525723,4.0174656,4.982707,5.423553,6.147464,2
3.8156204,5.1329126,8.187502,2.6276653,3.0480323,3.563846,7.6253777,3.233737,4.0676103,6.1579957,5.920065,5.701689,6.923725,6.192299,2.7606833,6.1592536,6.8151383,4.729566,6.162361,4.5217285,4.6664195,5.947839,4.9825563,3.8654933,2.8812242,5.497223,5.5982833,3.3267949,6.092478,3.627733,5.629288,0
2.570341,5.8463764,8.933285,4.377086,1.8047462,3.6091301,7.4059024,3.3386407,3.7262406,7.336961,6.3458138,6.2377677,8.019375,5.055703,2.4944618,5.723332,6.791511,4.9123306,4.97939,5.6019235,5.5003104,6.8187485,4.8109193,4.318987,3.6497204,5.012766,5.5119185,3.5908823,6.856946,1.8601847,5.360196,1
2.3621712,5.9238176,9.131229,4.320611,1.6417493,3.466448,7.6373196,3.4943085,3.8503127,7.303397,6.173709,6.5338635,7.893738,5.2139583,2.1607294,6.160971,6.9879384,4.877977,5.1225705,5.508625,5.194179,6.9996624,5.117959,4.046779,3.355237,5.454234,5.4470344,3.6985052,6.5977216,1.8684535,5.1973968,2
8.710864,3.4479914,5.9396315,1.5956235,5.985208,3.9341197,6.3722105,2.9814405,5.43644,5.1788335,5.0574718,4.2580414,5.629905,6.7489223,3.2620695,7.081708,5.585397,5.4745097,5.417181,2.8757818,4.8003182,5.2551126,3.4760468,4.481547,3.6492498,5.111805,6.479252,4.0392327,4.9780293,5.356973,6.145154,0
8.649101,3.4866905,5.9336247,1.5662311,5.944952,3.9217403,6.4073677,2.9599934,5.4680295,5.1760955,5.0737042,4.2928567,5.6570463,6.779403,3.2409656,7.1017737,5.561898,5.4317694,5.393989,2.8715758,4.843511,5.2692537,3.502484,4.494207,3.626996,5.1532435,6.438374,4.1192684,4.974927,5.3016796,6.1428695,1
8.5965185,3.4505205,6.0027885,1.6848534,6.0025396,3.8479593,6.3146577,2.988936,5.383156,5.314513,5.0297704,4.3170633,5.663789,6.6825666,3.3471422,7.191907,5.678498,5.4956756,5.23134,2.881168,4.7580566,5.2751822,3.4297073,4.5877237,3.677855,5.0815225,6.479864,4.0855403,4.9910445,5.374718,6.143005,2
2.6572876,5.831094,8.884018,4.3358445,1.842855,3.5994298,7.4178915,3.3516412,3.7432435,7.3042645,6.323198,6.221639,7.989956,5.083257,2.5221946,5.7461457,6.8005543,4.917588,5.0008674,5.5454698,5.4881196,6.80682,4.7993245,4.3170085,3.6492586,5.0084467,5.505442,3.5848649,6.836801,1.8937397,5.3526692,0
2.345151,5.8468413,8.997674,4.35148,1.7948526,3.5704472,7.422701,3.3391848,3.6946247,7.306814,6.3556724,6.2751937,8.06076,5.122436,2.4032803,5.7179427,6.8293815,4.911023,5.023126,5.6717906,5.4574504,6.7909884,4.9184966,4.3236494,3.5631454,5.0832524,5.483701,3.5758092,6.835906,1.8942374,5.3361607,1
2.4222255,5.9239326,9.110768,4.2812643,1.6613317,3.458193,7.633584,3.4880311,3.8417513,7.283636,6.1654854,6.527355,7.8638268,5.238256,2.169772,6.177015,6.957647,4.8394985,5.140585,5.5044355,5.191408,6.9891257,5.1202927,4.04751,3.3625789,5.46174,5.467886,3.7000277,6.5929976,1.903015,5.21952,2
8.721176,3.4701986,5.920999,1.5591595,5.9647555,3.9512777,6.400519,2.9625347,5.459067,5.148862,5.0702844,4.2835197,5.6379595,6.7799106,3.2421687,7.0836034,5.5574555,5.4431276,5.4474373,2.872957,4.8243446,5.272806,3.5074205,4.485155,3.616744,5.1424403,6.453987,4.076054,4.969403,5.315211,6.1437254,0
8.652426,3.4515533,5.9537787,1.613457,5.999851,3.900968,6.341087,2.975098,5.4458313,5.219881,5.029438,4.2809405,5.6536756,6.7485256,3.2753549,7.1304655,5.6018357,5.4625487,5.3282614,2.8732488,4.81153,5.265284,3.4664483,4.51776,3.6453974,5.127255,6.475278,4.081886,4.973343,5.3446145,6.132846,1
8.5880785,3.4350386,5.997467,1.7041473,6.0309234,3.8532727,6.286539,2.9916182,5.3690557,5.3312006,4.9919667,4.30191,5.650793,6.6742926,3.3574402,7.188845,5.699591,5.514164,5.2064524,2.8909736,4.73377,5.262607,3.416689,4.5793815,3.6838145,5.06585,6.506852,4.062145,5.0020423,5.398934,6.128776,2
2.427404,5.831765,8.966129,4.405873,1.789016,3.6293113,7.3521276,3.2871194,3.684767,7.346146,6.3949733,6.206914,8.0606785,5.046976,2.456318,5.6528397,6.752303,4.911883,4.968806,5.6895137,5.5225415,6.774624,4.8260546,4.364787,3.6373575,5.0034056,5.5237923,3.571668,6.885749,1.8416915,5.4084754,0
2.387347,5.8411617,8.968962,4.3507977,1.8170569,3.5785713,7.409266,3.3326662,3.6859496,7.3041306,6.363766,6.2494307,8.065618,5.1115685,2.4433432,5.6826973,6.812917,4.9116554,5.0124273,5.6660266,5.482271,6.7759433,4.8914285,4.346445,3.591381,5.041518,5.487703,3.5670915,6.856547,1.8980651,5.3455567,1
2.5524502,5.935707,9.047987,4.291255,1.706087,3.4790976,7.6873384,3.5367382,3.8708544,7.287399,6.142336,6.5304427,7.856023,5.201406,2.261454,6.1571937,6.9498177,4.849662,5.1316004,5.429141,5.1987042,7.003689,5.09755,4.0412693,3.3919585,5.415916,5.4417458,3.6942968,6.5929227,1.8889337,5.1578097,2
8.745665,3.4656026,5.90253,1.5442519,5.9692674,3.964226,6.4254093,2.9566383,5.470522,5.1312985,5.0683537,4.2726216,5.6397614,6.787342,3.242701,7.0711784,5.548999,5.4385047,5.4786754,2.863112,4.828925,5.267371,3.5129209,4.472605,3.6124756,5.1483307,6.4523263,4.0750065,4.9563828,5.330309,6.143999,0
8.646516,3.40847,5.988782,1.675286,6.050783,3.8606715,6.268736,2.9974055,5.4299335,5.2865415,4.9913816,4.2634587,5.6525984,6.7094555,3.3157136,7.1838026,5.6438437,5.494173,5.237258,2.8664436,4.7912674,5.2538905,3.411916,4.555982,3.6862273,5.0998106,6.5121593,4.0471873,4.9657917,5.3866806,6.1330376,1
8.696731,3.371452,5.9982014,1.7124019,6.089035,3.8764,6.2656093,3.0010905,5.425197,5.3355813,4.9844055,4.230717,5.6294885,6.6786394,3.3195484,7.1804466,5.647225,5.4998536,5.2548285,2.852843,4.7960305,5.248172,3.404934,4.5440016,3.6976855,5.093699,6.541456,3.997251,4.9372206,5.416908,6.1342006,2
3.8650246,5.091711,8.149528,2.526739,3.1227357,3.5995114,7.633131,3.2211592,4.0644016,6.105956,5.914706,5.6456294,6.8533545,6.2340717,2.807128,6.14391,6.822173,4.7053633,6.2013555,4.486127,4.6197834,5.859074,4.9562225,3.834873,2.8359516,5.4943724,5.6194167,3.261874,6.076628,3.7418177,5.660507,0
3.0050013,5.951652,8.726275,4.071042,2.0183353,3.4642434,7.793217,3.6434245,3.8541186,7.1360073,6.065902,6.470423,7.7982726,5.2686305,2.7148223,6.0462675,6.8958426,4.7708793,5.1999183,5.225505,5.2697606,6.9063954,5.03706,4.116019,3.5441887,5.2293296,5.4045687,3.6182137,6.6432376,2.105895,5.0387664,1
2.7888324,5.9867845,8.947031,4.1759086,1.7981904,3.4415865,7.8317413,3.6562855,3.9092627,7.221239,6.0518312,6.604351,7.7795873,5.2783923,2.3305545,6.255753,6.945574,4.791537,5.1872635,5.2975125,5.1297984,7.0092044,5.15466,4.0057654,3.388345,5.468088,5.4132943,3.6947007,6.5268083,1.983074,5.0431952,2
3.8438396,5.1103497,8.115748,2.485571,3.1930678,3.5622609,7.653556,3.2228994,4.003804,6.062764,5.9247026,5.661295,6.9207015,6.24962,2.90566,6.053547,6.8617864,4.72653,6.189751,4.5132837,4.646578,5.8320074,4.9823895,3.877237,2.8490486,5.4131274,5.5395923,3.275492,6.136028,3.8014174,5.6524553,0
8.132516,3.9961336,6.121467,1.3769071,5.1053677,3.8464699,6.8844175,2.8711195,5.4762225,5.1480837,5.5972,4.8015227,5.782302,6.9602156,2.8574967,7.1428,5.2905445,5.1006455,5.5746684,3.0726595,5.081654,5.646585,3.8400605,4.602556,3.4207525,5.4134483,6.006606,4.774432,5.177575,4.446012,6.1914916,1
8.215507,4.0603433,6.070582,1.2757468,4.955538,3.9290643,6.983851,2.8297582,5.520235,5.0572424,5.674361,4.853975,5.754047,7.018725,2.846989,7.1770005,5.229877,5.04379,5.70643,3.0472198,5.1268935,5.622491,3.8963716,4.633663,3.3743038,5.441085,5.9296618,5.088337,5.1560516,4.2637963,6.2389517,2
3.7994468,5.083622,8.162286,2.5196135,3.142424,3.6150637,7.65146,3.2393744,4.0235205,6.1277113,5.944014,5.59649,6.8719873,6.2390127,2.8878965,6.071495,6.8995247,4.707494,6.190098,4.5117908,4.6307406,5.8140583,4.9512362,3.8524098,2.8296182,5.4415226,5.616387,3.2006657,6.1240478,3.7727008,5.6275997,0
3.9643364,5.0728345,8.01974,2.4574134,3.2582986,3.5730555,7.5895333,3.2218227,4.0790358,6.050712,5.9280863,5.6370535,6.885027,6.2673025,2.9105504,6.0902877,6.8061876,4.7713366,6.1869946,4.442128,4.702611,5.8440666,4.922402,3.9287498,2.9066525,5.4074674,5.5612855,3.3216298,6.1061015,3.7962313,5.6536326,0
8.006611,4.041653,6.1837254,1.4040158,5.0839105,3.802877,6.9121175,2.8770428,5.4307714,5.1946425,5.610006,4.863321,5.8245344,6.937445,2.8336833,7.0929465,5.312707,5.0877953,5.584847,3.131741,5.06909,5.7043905,3.8717024,4.5763316,3.4062896,5.4307613,5.9811893,4.633596,5.2335534,4.4544134,6.1582055,1
7.9681754,3.9781008,6.1777916,1.4467331,5.1935515,3.7949166,6.8308372,2.9092994,5.4223824,5.2308507,5.5376654,4.8019476,5.838233,6.899886,2.8920774,7.076333,5.3436627,5.1540155,5.593486,3.107465,5.0382166,5.661866,3.815647,4.5499377,3.4623442,5.3803935,6.0436363,4.552058,5.222476,4.5615387,6.1419196,2
3.8873668,5.08616,8.151937,2.4313338,3.1832798,3.6305249,7.6474376,3.238496,4.001902,6.075616,5.9428654,5.5977073,6.814112,6.253954,2.896464,6.0772147,6.8902817,4.6990175,6.208813,4.5054336,4.583993,5.7711835,4.942645,3.7875316,2.7725828,5.458574,5.6213303,3.2047174,6.113435,3.8663936,5.6797357,0
3.885126,5.0814,8.168304,2.4741735,3.139626,3.630716,7.6364694,3.2296119,4.053297,6.0945215,5.9213543,5.622856,6.792152,6.2458115,2.8105528,6.157099,6.8412166,4.6880236,6.223047,4.4778395,4.5698776,5.8201594,4.9490886,3.7751746,2.777073,5.5133257,5.6388073,3.2418056,6.063394,3.809221,5.687229,0
8.1772175,4.0002136,6.0996175,1.3514786,5.090948,3.8702886,6.8982916,2.8596523,5.492242,5.122155,5.6102223,4.803015,5.7629676,6.976437,2.8613095,7.1553435,5.278026,5.0887456,5.5805097,3.0579586,5.0898747,5.631752,3.8451848,4.6104417,3.4096975,5.416657,5.998894,4.812862,5.163368,4.4229293,6.2058835,1
8.212448,4.0345535,6.0681796,1.2954386,5.01491,3.9241097,6.9467354,2.836017,5.506542,5.0723004,5.6415744,4.8300157,5.748644,7.005591,2.8718927,7.1622343,5.2603774,5.0656285,5.654703,3.0482726,5.1074634,5.603894,3.874919,4.6183705,3.3842561,5.4219522,5.9615536,5.001572,5.154357,4.329108,6.2283664,2
3.636026,5.241583,8.144073,2.8145154,3.0283144,3.4538631,7.5829296,3.315518,3.9991474,6.2397237,6.008223,5.7721243,7.196084,6.1174383,2.929755,5.988727,6.894907,4.8605776,5.998777,4.642094,4.9260845,6.0671816,5.0131435,4.118301,3.0866504,5.301827,5.452592,3.4550004,6.282437,3.4105375,5.506351,0
2.832868,5.975938,8.864452,4.1499853,1.8779882,3.457814,7.809357,3.6457345,3.881686,7.200291,6.0696173,6.5470576,7.819405,5.257931,2.4854028,6.1491847,6.944591,4.8012695,5.171173,5.2846856,5.2071815,6.9703684,5.092568,4.0635257,3.4636824,5.3564725,5.400317,3.648016,6.5974884,2.0167634,5.0351076,2
3.8896742,5.11368,8.008983,2.5360758,3.246207,3.5083795,7.5885487,3.2326596,4.052264,6.067199,5.938964,5.684541,7.003549,6.247269,2.946529,6.034948,6.81473,4.8102517,6.141745,4.4873037,4.7837358,5.8999496,4.960184,4.0204716,2.9789999,5.344665,5.4892707,3.3782682,6.1617675,3.71588,5.612729,0
8.010075,3.9889402,6.150439,1.4339665,5.1585264,3.7855754,6.8497047,2.8756711,5.4145994,5.1922636,5.575593,4.802852,5.800699,6.927003,2.849452,7.0917125,5.344997,5.1163116,5.5311656,3.1120548,5.049745,5.682591,3.8388426,4.59628,3.4257567,5.408611,6.019311,4.595327,5.1953506,4.521061,6.1592903,1
8.063711,3.9427314,6.1419463,1.419783,5.195853,3.8368485,6.8182626,2.9137216,5.472828,5.2012563,5.516516,4.7452602,5.8254757,6.9087834,2.9140277,7.1237125,5.3144507,5.165255,5.5988507,3.0564437,5.0462184,5.610951,3.7893386,4.557919,3.48439,5.371131,6.0595617,4.6568346,5.186084,4.547845,6.169519,2
3.670119,5.2365537,8.08881,2.8507602,3.052687,3.4057314,7.5422907,3.3042347,4.0401907,6.234612,6.0006385,5.794117,7.2310734,6.1215153,2.9134002,5.9957304,6.8303566,4.90243,5.980655,4.6236353,4.970394,6.1019096,5.011576,4.1752834,3.1315641,5.278107,5.41919,3.4991758,6.2713385,3.3776681,5.5016003,0
2.9568195,5.9159436,8.7816515,4.114238,1.9676698,3.4786224,7.7222924,3.5828347,3.846854,7.15856,6.1069565,6.4257607,7.8268747,5.253836,2.6294732,6.026607,6.902944,4.8049374,5.182168,5.2751164,5.2842593,6.8942437,5.0152698,4.131779,3.5236714,5.2292247,5.417347,3.6164644,6.6574955,2.0710638,5.105516,1
2.852496,5.9721575,8.797284,4.1325917,1.9434416,3.4848385,7.810709,3.6574016,3.862405,7.189122,6.102853,6.4998484,7.8703427,5.2358103,2.6080973,6.0462155,6.9413247,4.829962,5.1419816,5.266741,5.274653,6.928012,5.039023,4.13606,3.5397038,5.2656956,5.3913765,3.6045482,6.6623917,2.043399,5.0019417,2
3.8660436,5.169924,8.005401,2.7107358,3.1626046,3.4552822,7.543051,3.2660418,4.0877414,6.159489,5.976912,5.7385044,7.1235547,6.169536,2.929271,6.04152,6.804494,4.8850102,6.0369205,4.5333657,4.9148097,6.0397277,4.9650226,4.141272,3.1008556,5.3131156,5.4452853,3.5058079,6.207212,3.4975793,5.554631,0
8.145026,4.001425,6.1125164,1.3590106,5.094466,3.863336,6.8955164,2.8668523,5.487483,5.135275,5.604167,4.8082347,5.775463,6.969851,2.8620806,7.1483245,5.279619,5.0958147,5.5945644,3.0655587,5.088196,5.6380067,3.8431842,4.6017947,3.4161441,5.4145083,6.001082,4.7935896,5.1754904,4.429891,6.1983337,1
8.212581,4.0352097,6.0758924,1.2899599,4.985812,3.921547,6.957561,2.8452594,5.526275,5.0716157,5.647027,4.829584,5.7619543,7.0053496,2.861581,7.18146,5.237249,5.068413,5.6962533,3.037072,5.1172657,5.6097016,3.872241,4.6216335,3.3980792,5.4275928,5.9544525,5.0497007,5.1543922,4.2960606,6.23356,2
3.831706,5.1365733,8.12189,2.4731843,3.2096777,3.55033,7.622235,3.2608223,3.9679348,6.0755186,5.959249,5.6562696,6.9345384,6.2415285,2.9461825,6.009999,6.8929935,4.7729354,6.1603484,4.5418353,4.692453,5.829603,4.9799776,3.8851388,2.8567195,5.367679,5.5375075,3.2773597,6.176723,3.8217642,5.642162,0
3.0707393,5.808775,8.494644,3.727899,2.352612,3.355313,7.807737,3.6742642,3.8434503,6.851617,6.0009055,6.3305473,7.7276206,5.5621796,2.9493177,5.963642,6.946976,4.765001,5.4499035,5.0339217,5.2272983,6.712023,5.1385303,4.1710134,3.4724646,5.1783075,5.363557,3.573322,6.578131,2.4771397,5.00279,1
3.0931208,5.897853,8.606081,3.8489358,2.1939158,3.3729234,7.916709,3.7538204,3.9107356,6.9484425,5.9513464,6.474926,7.744213,5.486874,2.788639,6.12325,6.995838,4.750883,5.397658,5.005878,5.1541653,6.855555,5.1806927,4.0743146,3.4417374,5.32694,5.351643,3.598054,6.521416,2.327844,4.908444,2
7.101642,4.4608216,6.3248982,1.1756566,4.742134,4.036568,7.285641,2.7189393,5.136748,5.2159495,5.730702,5.5201497,5.8614225,6.895192,3.1481123,6.5624557,5.554716,4.9722295,6.676306,3.398098,4.9410753,5.6459217,4.17693,4.262032,3.1819274,5.39615,5.708521,4.1748204,5.5966287,4.353818,6.037915,0
7.987412,4.3087134,6.0290594,1.1307467,4.606385,4.011726,7.249739,2.6787338,5.428587,4.9086556,5.7913666,5.1214366,5.7439704,7.0140605,2.8863156,7.0233235,5.319809,4.890021,6.1524286,3.0884314,5.0909977,5.6268888,4.1270504,4.657924,3.234877,5.4992733,5.673067,5.369446,5.178312,3.977761,6.277642,1
6.7489457,4.4865513,6.4995794,1.337032,4.670644,3.9288447,7.2570457,2.7971754,5.0257854,5.3521514,5.7216086,5.504435,5.998384,6.8033786,3.1156154,6.500364,5.666605,4.9907637,6.5971346,3.5158484,4.9098043,5.692514,4.2087493,4.2166867,3.1998336,5.3881817,5.733723,3.960367,5.671351,4.374967,5.981797,2
3.5384479,5.3045807,8.196393,2.9526794,2.9313688,3.412314,7.582858,3.3617496,3.9826396,6.3225865,6.035063,5.8324323,7.316985,6.0582433,2.930543,5.979043,6.961495,4.8992805,5.924532,4.6938715,4.998398,6.1572804,5.0419903,4.148638,3.1340044,5.278721,5.4108777,3.468069,6.3417697,3.2841005,5.4293075,0
3.2031045,5.8793354,8.495294,3.786684,2.2973106,3.3868496,7.8731136,3.7169678,3.8733766,6.923512,5.9625144,6.4264784,7.674293,5.4775095,2.966978,6.0463505,6.906655,4.707497,5.3987956,5.0282354,5.2151747,6.8092947,5.109774,4.1010094,3.5244749,5.2030373,5.3844314,3.6058092,6.5590553,2.3937323,4.971266,1
2.9759128,5.969195,8.836428,4.0519805,1.9218019,3.404876,7.901546,3.7188866,3.9378805,7.120636,5.9787374,6.597018,7.7218046,5.36644,2.4494903,6.2871275,6.962013,4.7499766,5.2870626,5.161252,5.0889144,6.989845,5.199264,3.9783218,3.3737683,5.478192,5.39387,3.6862059,6.4746904,2.1015012,4.97862,2
6.7917504,4.446018,6.3753567,1.4508597,4.6639256,3.784867,7.202705,2.783501,4.9718904,5.320484,5.6181197,5.259056,6.1208305,6.6184087,3.111742,6.4730644,5.8057227,4.998707,6.3550205,3.3913188,4.764393,5.6793,4.235967,4.362593,3.312022,5.3940873,5.6500616,4.1142945,5.40178,4.372424,6.032401,0
7.426786,4.448074,6.1329517,1.1532933,4.674834,4.020664,7.318452,2.659125,5.1633935,5.0594,5.694311,5.3586617,5.858093,6.8253202,3.1593041,6.598277,5.6077766,4.9265256,6.606108,3.238445,4.8568177,5.5895824,4.2275863,4.415374,3.213056,5.4191203,5.5950923,4.580889,5.3174233,4.2335486,6.1313934,1
7.961233,4.298894,6.0709195,1.1575887,4.6063695,4.000728,7.2400093,2.7195837,5.416935,4.968114,5.7931004,5.1206613,5.7666454,6.9931116,2.906567,7.017645,5.3187866,4.9090624,6.148961,3.104828,5.0761476,5.6314225,4.1130924,4.617337,3.2493727,5.4817986,5.683749,5.2946997,5.189186,3.981748,6.245633,2
3.514639,5.308672,8.236563,2.9794254,2.8879888,3.4176888,7.587317,3.3706942,3.9750557,6.3481264,6.052967,5.8308454,7.356626,6.0453506,2.9218495,5.987971,7.0408573,4.917222,5.9116583,4.6994586,5.006364,6.1734977,5.0477724,4.1302495,3.1210856,5.29488,5.40479,3.4518268,6.361348,3.263757,5.4041467,0
3.212021,5.9101796,8.536735,3.842453,2.2387056,3.401761,7.8793225,3.7194474,3.8816237,6.971723,5.9706845,6.4609237,7.6805954,5.427718,2.9286828,6.0755844,6.9042645,4.7106833,5.3595376,5.0506744,5.2171736,6.8516183,5.1010284,4.0819116,3.5330718,5.226167,5.3887925,3.6193209,6.5636926,2.3285213,4.968686,1
3.0845475,5.8873286,8.661958,3.842804,2.152573,3.3431418,7.965657,3.7856517,3.959424,6.9308105,5.900374,6.5059767,7.738091,5.5329866,2.6403685,6.2349873,7.0566297,4.750534,5.449565,4.951228,5.0527134,6.8767724,5.2646346,4.014258,3.3389037,5.4613366,5.3305902,3.6064873,6.434906,2.3244996,4.873009,2
6.937068,4.4285636,6.295495,1.3968613,4.7059264,3.822849,7.2029433,2.750175,5.0071635,5.2649937,5.606398,5.2489657,6.078568,6.6404943,3.1346881,6.488799,5.773016,4.9949927,6.379641,3.3345296,4.7641907,5.65434,4.219963,4.382234,3.3152375,5.397925,5.643599,4.173532,5.3562574,4.38497,6.058711,0
7.4668827,4.434285,6.1187406,1.141407,4.679905,4.0383635,7.308133,2.655078,5.183293,5.0536566,5.7003603,5.358702,5.8366485,6.8529468,3.1525795,6.6343527,5.578823,4.92951,6.5921297,3.2272537,4.88147,5.5878196,4.2057514,4.4229946,3.2127542,5.423615,5.613958,4.613281,5.3193693,4.235032,6.1409,1
8.005128,4.3013306,6.0558095,1.1222812,4.607596,4.013832,7.249282,2.691091,5.4528537,4.9299154,5.822228,5.140569,5.726962,7.039295,2.8684409,7.0474687,5.2782516,4.885255,6.1838875,3.0950117,5.1249967,5.651112,4.1149526,4.6522546,3.2366421,5.510526,5.681865,5.3431063,5.19467,3.9713042,6.275298,2
3.4460993,5.35562,8.232755,3.0321286,2.8747003,3.3919792,7.597429,3.3963,3.9522235,6.3699884,6.039801,5.8747263,7.372784,6.0210476,2.937453,5.9536767,6.9667854,4.8921466,5.8817635,4.7450385,5.0302196,6.2014146,5.0658264,4.1680098,3.164252,5.253876,5.400219,3.4732904,6.3780007,3.2074873,5.3876987,0
3.2328203,5.8905954,8.49583,3.79195,2.290524,3.3924346,7.879834,3.7198572,3.8792584,6.9330807,5.9590945,6.4382772,7.6620517,5.4620686,2.9742143,6.0621243,6.9027357,4.701355,5.3920717,5.024504,5.2143445,6.8236904,5.103297,4.087589,3.5310252,5.2091293,5.3862524,3.6120276,6.557237,2.3830268,4.970322,1
3.1095495,5.9429817,8.691478,3.9311585,2.0805597,3.386692,7.939218,3.7605011,3.93788,7.024577,5.941099,6.5523524,7.7108207,5.4286113,2.6599195,6.226081,6.9792247,4.7319922,5.3546476,5.046363,5.111854,6.9362984,5.1940417,4.0068464,3.4173741,5.4088054,5.370126,3.6427183,6.48398,2.2272296,4.9182057,2
6.5658083,4.494627,6.456658,1.47141,4.530043,3.7646408,7.252899,2.7982965,4.9293804,5.3217187,5.6410713,5.285395,6.147406,6.591864,3.1104226,6.4224257,5.8877373,4.9676566,6.3906975,3.4406197,4.7419505,5.6764894,4.3006783,4.3357215,3.274468,5.3893175,5.6152525,4.0683064,5.4239078,4.291058,6.0066543,0
7.1878757,4.4759946,6.2320714,1.1775236,4.6119537,3.9985092,7.3297467,2.6870358,5.1299124,5.117188,5.7100654,5.417479,5.882471,6.8181143,3.1519473,6.5538917,5.6462164,4.9338703,6.633887,3.313186,4.8608365,5.6157866,4.2446527,4.3589277,3.1958122,5.4066234,5.605686,4.4489093,5.4124618,4.2207904,6.086573,1
7.448079,4.4271603,6.1891427,1.1656016,4.5621147,3.9977562,7.3161297,2.7027721,5.2350373,5.057659,5.755756,5.3270035,5.8390164,6.8862076,3.0571885,6.720846,5.535886,4.917306,6.4690413,3.251648,4.945774,5.624299,4.213961,4.4514027,3.2020516,5.4349513,5.621067,4.795034,5.3354807,4.0932326,6.143077,2
3.8871343,5.1420794,8.190642,2.4124067,3.1822505,3.6013546,7.634476,3.2775295,3.9561572,6.087139,5.970668,5.6507373,6.861534,6.2297387,2.9185631,6.050696,6.932101,4.7496076,6.177061,4.5499344,4.6122613,5.812569,4.97312,3.7727778,2.7627628,5.419777,5.565681,3.2680752,6.1605034,3.8824327,5.6736093,0
3.077244,5.4451,8.370584,3.2806315,2.656195,3.2680194,7.622016,3.5212264,3.8552322,6.4987473,6.066206,5.9480844,7.7276635,5.985851,2.933204,5.870688,7.2022233,4.9576025,5.7844934,4.8327847,5.1779504,6.357468,5.2031384,4.2525845,3.216559,5.217756,5.3224235,3.475081,6.5204015,2.9882772,5.1380825,1
3.142813,5.91677,8.66159,3.8776581,2.1269417,3.364122,7.9526105,3.774233,3.9492242,6.973788,5.915387,6.5332575,7.7015295,5.4825344,2.6759207,6.236162,7.004115,4.727674,5.4100304,4.991061,5.0858474,6.9146094,5.226055,4.000535,3.3868644,5.427311,5.358265,3.634693,6.4555564,2.2830775,4.901307,2
6.5849895,4.506161,6.474703,1.5187063,4.5060825,3.7577474,7.2535787,2.8124864,4.924753,5.3406076,5.6605344,5.2773695,6.1789694,6.5853434,3.0831854,6.452481,5.8848352,4.9695497,6.316395,3.4518564,4.7625203,5.693505,4.312192,4.3650675,3.2818067,5.3968544,5.604496,4.1502557,5.423599,4.259133,6.0132914,0
7.4514813,4.403891,6.1618714,1.1739253,4.6900835,4.0134025,7.2694387,2.6917458,5.204223,5.092482,5.70555,5.336947,5.8466377,6.869221,3.1134894,6.677199,5.5439396,4.9511557,6.507984,3.2472968,4.918081,5.6119294,4.171661,4.4183187,3.22858,5.4225492,5.6621284,4.5964565,5.350687,4.241723,6.1316714,1
7.897707,4.2992864,6.049267,1.159972,4.6900153,4.011277,7.2201285,2.7069259,5.3726892,4.971749,5.7368927,5.1228666,5.779299,6.9655833,2.9676943,6.9427457,5.3831763,4.933929,6.168949,3.1142771,5.027657,5.5959373,4.10791,4.581472,3.252121,5.455835,5.7002378,5.158983,5.1992335,4.095176,6.2268763,2
2.1456141,5.6095953,8.513739,3.611265,2.5626862,3.1935737,7.554362,3.5097566,3.6186364,6.5651684,6.0802574,6.049812,7.8814306,5.8945374,2.7819777,5.5010195,6.793117,4.7858014,5.6145344,5.283532,5.225281,6.2991133,5.2995086,4.4984174,3.3262699,4.9467945,5.3713984,3.475242,6.6141663,2.731527,5.2258115,0
2.185671,5.6187816,8.451363,3.5511067,2.6258812,3.145378,7.6191177,3.5786283,3.6305268,6.50565,6.017387,6.0734644,7.866385,5.964001,2.8425994,5.528513,6.7966895,4.7523894,5.673272,5.1916676,5.194999,6.3016386,5.359362,4.497171,3.3076756,4.9638753,5.3395095,3.4684322,6.579622,2.7898295,5.1445203,1
2.2306752,5.6424937,8.462719,3.5696936,2.6035004,3.14275,7.6589103,3.6082633,3.650325,6.511869,5.9901304,6.111595,7.8640375,5.958896,2.8172846,5.5742598,6.8046794,4.738458,5.6731305,5.1620126,5.167364,6.331753,5.377285,4.4740086,3.3000717,5.002023,5.3343453,3.4774847,6.5548434,2.763724,5.113394,2
7.686824,4.227622,5.982329,1.2485739,5.1725817,3.9413884,7.0486956,2.6949832,5.1865788,5.1130238,5.4982624,5.091224,5.9115214,6.7596865,3.1861439,6.5992627,5.561763,5.047607,6.347346,3.1037452,4.8042626,5.5655317,4.034494,4.4455314,3.3985407,5.3889527,5.765819,4.1595936,5.1999273,4.6852865,6.1369452,0
7.5363345,4.3537173,6.1829786,1.119894,5.060344,4.1351004,7.1689286,2.6985295,5.190441,5.2219286,5.663482,5.522235,5.7872024,6.9615984,3.2311854,6.5971093,5.4241047,5.0427966,6.7488923,3.334456,4.9910507,5.6168785,4.0305624,4.2193785,3.2372046,5.3936906,5.846944,4.014395,5.5952044,4.6128435,6.066214,1
8.139536,4.2181635,6.0520277,1.1518707,4.7009726,4.0089097,7.168937,2.7368042,5.4955316,4.95095,5.7852297,5.035638,5.7196355,7.06356,2.8550634,7.129369,5.246758,4.933178,6.044076,3.0737233,5.1445856,5.6262465,4.0446186,4.653118,3.2725146,5.4867296,5.7641344,5.3588834,5.1721215,4.033463,6.27213,2
1.1210072,5.6983247,8.50367,3.7017984,2.7662466,3.033769,7.5160127,3.5142438,3.366705,6.316007,6.0069394,6.0569463,7.929252,6.0446243,2.6557357,5.0058346,6.19949,4.509622,5.6211457,5.6197767,5.153055,5.9591084,5.4589972,4.7978563,3.380004,4.6049294,5.4835806,3.4729338,6.583984,2.7875302,5.3290043,0
1.1680689,5.679822,8.482697,3.6450377,2.7926347,3.0056262,7.560689,3.5342107,3.3896954,6.287493,5.966764,6.06361,7.8841715,6.0814548,2.6897342,5.0339828,6.20771,4.4972186,5.6732335,5.5540223,5.11412,5.9693327,5.495588,4.7749286,3.3820868,4.6351585,5.4915195,3.4984858,6.543635,2.819342,5.304882,1
0.96120214,5.7190948,8.464843,3.7043123,2.7932582,2.9592214,7.526482,3.5552425,3.3037474,6.287506,5.9741964,6.066567,7.924439,6.098213,2.662348,4.8977785,6.0560884,4.482049,5.655614,5.6204042,5.1519637,5.912479,5.5340643,4.8802543,3.3346899,4.5377216,5.4555182,3.4372935,6.5996084,2.818984,5.281695,2
7.6232276,4.243872,6.0222335,1.257464,5.1711864,3.9552312,7.053589,2.699071,5.155902,5.152539,5.4977283,5.1365767,5.917167,6.752711,3.2136045,6.5650897,5.5815454,5.059003,6.4041557,3.145054,4.8003106,5.5688925,4.034352,4.399593,3.3874035,5.38129,5.7825003,4.070979,5.2497993,4.7099605,6.1161075,0
7.404226,4.3783197,6.2544556,1.1382078,5.045812,4.1380134,7.177328,2.712387,5.1530147,5.2752085,5.6728706,5.588597,5.801906,6.957261,3.2458363,6.558352,5.4469576,5.051903,6.8061724,3.3988183,4.993361,5.627913,4.037843,4.1641836,3.2198877,5.3829727,5.863705,3.9056096,5.680689,4.6317053,6.0326204,1
8.132673,4.2427845,6.045701,1.1299036,4.6459355,4.019686,7.2060375,2.712714,5.4964523,4.9224925,5.8092065,5.069207,5.700539,7.067026,2.8519416,7.124332,5.2539983,4.9033437,6.126574,3.0674431,5.146718,5.6306434,4.075462,4.6694527,3.2549207,5.502233,5.7238064,5.3965335,5.159441,3.9821236,6.28572,2
1.0812957,5.713176,8.514695,3.6659129,2.8175724,3.0616188,7.5726466,3.51757,3.3908365,6.260801,5.954505,6.0956025,7.896475,6.046348,2.6230066,4.9422283,6.1405435,4.4338975,5.629035,5.647826,5.0835953,5.888737,5.4473286,4.795883,3.4422693,4.6265163,5.5528274,3.5424871,6.515257,2.8041575,5.3843822,0
1.069902,5.6965294,8.487209,3.675628,2.825323,3.0029428,7.5326123,3.5217052,3.3421233,6.249201,5.974916,6.0571156,7.902376,6.093974,2.6632545,4.967771,6.13496,4.4670057,5.6568985,5.6137547,5.1174326,5.9238157,5.490448,4.8192873,3.3980448,4.577586,5.512996,3.4917886,6.552852,2.8227127,5.3422327,1
0.99933916,5.7640014,8.516057,3.740374,2.7837613,3.0308137,7.565587,3.5546196,3.3300207,6.284777,5.9561386,6.1215396,7.958259,6.038131,2.5903747,4.9145904,6.1071377,4.417708,5.594991,5.6971693,5.1228786,5.8674283,5.4617558,4.856769,3.4046226,4.5545897,5.5290422,3.493204,6.5678864,2.761366,5.3578854,2
8.818365,3.3075416,6.0297184,1.7141232,6.1444097,3.872029,6.2125826,3.0472903,5.4596667,5.2949414,4.973834,4.1632657,5.630622,6.7003465,3.2704232,7.1648817,5.597259,5.5302143,5.3490086,2.8694992,4.8077903,5.259789,3.3587108,4.5030217,3.7529,5.0906115,6.5919356,3.7792814,4.930939,5.430909,6.122443,0
8.793736,3.2984936,6.042585,1.7372028,6.153869,3.848372,6.1870027,3.0524049,5.453958,5.3286233,4.959194,4.1677384,5.6320763,6.6888914,3.2900171,7.20355,5.618336,5.537891,5.269007,2.8644953,4.802193,5.2558703,3.3381073,4.5347753,3.761743,5.083038,6.600808,3.8281708,4.930447,5.4356174,6.1245337,1
8.909063,3.3790908,5.900274,1.5650862,6.1134224,4.0039706,6.3184032,2.9776578,5.515042,5.1208277,4.978363,4.1725855,5.596871,6.8166056,3.2079873,7.092651,5.532902,5.4715085,5.4345217,2.8712428,4.8455844,5.23396,3.4869068,4.4496202,3.6030107,5.14136,6.5448027,3.9762075,4.9549103,5.359114,6.1118727,2
1.0876933,5.7266126,8.523915,3.6902597,2.8161602,3.0653853,7.5733533,3.5227184,3.3760698,6.2549686,5.949376,6.101486,7.9199758,6.0466213,2.604629,4.954848,6.157053,4.409083,5.61592,5.672935,5.087431,5.8702083,5.4431314,4.8096046,3.4475362,4.6033945,5.5681047,3.541207,6.522291,2.782811,5.400263,0
1.0305675,5.672554,8.447329,3.6719828,2.831544,2.93575,7.491916,3.529457,3.304947,6.2441936,5.9955206,6.017314,7.8995185,6.1489706,2.7180257,4.9655313,6.0985928,4.5103416,5.697059,5.5624957,5.155565,5.959013,5.562036,4.849089,3.3346376,4.547362,5.453725,3.432325,6.594741,2.856556,5.280962,1
1.0006,5.7672033,8.511578,3.7421832,2.770067,3.0268235,7.563194,3.5603602,3.332928,6.3017607,5.962253,6.1252646,7.962524,6.0296,2.593293,4.9146843,6.108849,4.4333453,5.589679,5.687559,5.134699,5.8786726,5.4670525,4.8562326,3.3889837,4.5617714,5.5113697,3.4812608,6.5796165,2.7593508,5.3405304,2
8.832214,3.3250568,6.0120816,1.6825949,6.1374383,3.89919,6.2411346,3.032752,5.4584436,5.2603087,4.9813185,4.1733217,5.633114,6.717401,3.2561631,7.1290965,5.583132,5.514506,5.4060497,2.877226,4.810025,5.270934,3.3879972,4.4812517,3.7337313,5.104953,6.5798836,3.7783835,4.92911,5.41235,6.115474,0
8.755398,3.346789,6.0709677,1.7652457,6.0809765,3.8312058,6.2362933,3.06472,5.4050045,5.3618326,5.0316467,4.2235136,5.6319146,6.635118,3.322086,7.2019053,5.646206,5.5628824,5.260079,2.8882496,4.766779,5.2682915,3.3518736,4.540002,3.7680166,5.034647,6.5600195,3.8285713,4.9889855,5.45727,6.151016,1
8.885113,3.3957012,5.908786,1.5579019,6.0907154,3.9970784,6.327501,2.9769113,5.511322,5.117919,4.995334,4.1956086,5.6119184,6.8165636,3.2056818,7.0928984,5.530328,5.460023,5.442831,2.8737578,4.85246,5.2478447,3.4931872,4.454635,3.6015944,5.149924,6.5261803,3.9925268,4.9553223,5.340136,6.1147523,2
1.0898272,5.701471,8.502924,3.6739898,2.8077788,3.0393035,7.5491433,3.5190372,3.3749073,6.2713313,5.97022,6.074536,7.9041667,6.0619035,2.6443284,4.968315,6.1571746,4.457474,5.639216,5.6282744,5.109733,5.911816,5.4673586,4.803052,3.413151,4.609129,5.5250793,3.5128107,6.542346,2.8062801,5.35766,0
1.020045,5.6764545,8.457099,3.6645308,2.8527737,2.9453766,7.5058904,3.5226064,3.3018224,6.219205,5.9803777,6.023008,7.8882546,6.149793,2.701472,4.949525,6.0828366,4.483878,5.6969867,5.5841875,5.128083,5.9359603,5.5429807,4.848937,3.3661823,4.539462,5.4865346,3.459251,6.5679536,2.8588982,5.3114996,1
0.9971318,5.767895,8.513156,3.7457912,2.7706308,3.0254786,7.5633097,3.5605147,3.3302183,6.3000703,5.960614,6.123716,7.9645805,6.0340257,2.5930445,4.9147463,6.107697,4.4278116,5.590942,5.6919193,5.13398,5.874559,5.4684143,4.8595095,3.390549,4.556732,5.514049,3.4818316,6.579583,2.7570617,5.3425736,2
8.822818,3.2962158,6.040729,1.7260123,6.1565332,3.8634791,6.197391,3.0539052,5.459878,5.308356,4.9687033,4.157959,5.631314,6.6943645,3.271153,7.1742487,5.598496,5.534778,5.3293076,2.869387,4.8089733,5.262916,3.3476684,4.506686,3.7644224,5.088738,6.601497,3.7734501,4.926625,5.4347825,6.1213875,0
8.743625,3.2984385,6.078686,1.777748,6.137871,3.798548,6.1690173,3.0685873,5.4385796,5.387679,4.9766283,4.187128,5.6366277,6.657098,3.3180451,7.2489333,5.643968,5.5503435,5.202327,2.8559997,4.7945867,5.253698,3.3072667,4.582661,3.7900388,5.064212,6.593123,3.8726432,4.9400926,5.4398146,6.1460648,1
8.876787,3.3699756,5.927053,1.5935029,6.1190753,3.9733872,6.2943463,2.9919116,5.499057,5.1543074,4.9777493,4.1797934,5.614031,6.789911,3.2265687,7.1056876,5.551623,5.481203,5.4038053,2.8698318,4.8365517,5.2430663,3.4614382,4.4626946,3.631544,5.132381,6.5480022,3.9510612,4.949061,5.377312,6.113824,2
2.7191963,5.481446,8.542107,3.5461607,2.461215,3.3155873,7.479693,3.4099913,3.7847452,6.6662736,6.1968064,5.9506116,7.9061823,5.812962,2.771831,5.7589827,7.188369,5.034214,5.595462,5.105467,5.299569,6.415631,5.1354017,4.335674,3.2975144,5.131826,5.337708,3.5059123,6.642705,2.7316086,5.2542,0
2.301856,5.949057,8.993332,4.2143803,1.7871187,3.439113,7.684441,3.5460882,3.811493,7.233768,6.1581435,6.5234385,7.9604006,5.2915587,2.2871418,6.057338,7.0255322,4.8916054,5.098511,5.498673,5.243911,6.8941474,5.0958824,4.1512494,3.4215932,5.3445706,5.3753324,3.5911205,6.659079,1.9853538,5.11445,2
6.8573136,4.3462267,6.3319287,1.5204896,4.822119,3.710937,7.0836334,2.813468,4.988041,5.34572,5.5402565,5.099297,6.156149,6.5762706,3.0947802,6.5102973,5.7933397,5.043578,6.1562138,3.3238559,4.7440968,5.6737113,4.157637,4.4017143,3.3918343,5.3864107,5.7173553,4.008139,5.315443,4.5124087,6.039338,0
7.6893725,4.3978443,6.0482435,1.1062385,4.6859655,4.0581264,7.301089,2.643418,5.2610903,4.980187,5.7237725,5.2859826,5.7863235,6.9108443,3.0978336,6.7495537,5.4990463,4.9062743,6.4938145,3.1537275,4.9402194,5.576675,4.187021,4.4971657,3.217001,5.44446,5.6094227,4.856801,5.242226,4.1728053,6.1876855,1
7.821286,4.355601,6.039472,1.1176314,4.6324515,4.047426,7.2827015,2.667589,5.331538,4.9442296,5.7459445,5.195048,5.76536,6.9535527,3.022533,6.879901,5.4450574,4.9015822,6.3500667,3.1238177,4.9932857,5.5717907,4.166282,4.561752,3.2195594,5.454904,5.632824,5.1039042,5.1916533,4.06916,6.222539,2
3.0819159,5.4056854,8.409291,3.3058167,2.6463826,3.3386273,7.526301,3.4050417,3.871139,6.521555,6.138159,5.8999386,7.6957407,5.927902,2.8392427,5.8643546,7.169407,5.0043945,5.738629,4.9081464,5.1900315,6.320765,5.1161633,4.2631836,3.2225127,5.2081814,5.342387,3.4930258,6.530447,2.9564295,5.2967134,0
3.0746226,5.457577,8.43313,3.402633,2.5622494,3.2988863,7.5708766,3.4779072,3.8735087,6.5829654,6.12383,5.9646525,7.818032,5.8937664,2.8674734,5.898244,7.275201,5.027486,5.693833,4.8858094,5.244508,6.432828,5.1581464,4.268047,3.2686667,5.221996,5.3028255,3.5207975,6.5655427,2.8479862,5.1581416,1
2.9497404,6.0112967,8.756373,4.1102533,1.9748011,3.4692633,7.853914,3.6924243,3.8706787,7.1733346,6.0512333,6.5454993,7.841243,5.227217,2.726843,6.0811152,6.955288,4.786995,5.155735,5.22017,5.267496,6.9578,5.0442677,4.0974383,3.5593038,5.2630444,5.370472,3.5943823,6.6592374,2.057838,4.9589314,2
6.761101,4.359806,6.3666697,1.5183462,4.774321,3.6939998,7.0851846,2.7823436,4.958869,5.3752246,5.530593,5.140703,6.1956477,6.543856,3.122927,6.465747,5.816999,5.0684447,6.1864934,3.3331544,4.7245636,5.7026587,4.160491,4.391754,3.4099102,5.3892965,5.6850824,3.9794447,5.3551297,4.4850864,6.042798,0
7.319028,4.3557153,6.3554273,1.231825,4.842237,4.0096965,7.1739416,2.8063617,5.2314453,5.274922,5.748465,5.45124,5.832395,6.981999,3.0544171,6.737359,5.410754,5.0271354,6.473629,3.405302,5.0693645,5.6963205,4.0621905,4.2755075,3.220628,5.4003677,5.8480577,4.268437,5.625575,4.384277,6.0394077,1
7.6804576,4.3546667,6.149643,1.1564217,4.6741242,4.0207973,7.2524624,2.7226765,5.318435,5.0464654,5.7635765,5.2658386,5.7889066,6.969336,3.0060892,6.8527117,5.4157753,4.9376097,6.335904,3.2141128,5.030087,5.624158,4.1335135,4.483084,3.2175033,5.4425683,5.701189,4.881371,5.3284054,4.1384635,6.167384,2
3.0952249,5.3919125,8.413501,3.2980494,2.639667,3.3068092,7.5379043,3.4375944,3.8811038,6.515977,6.1400084,5.8944607,7.745684,5.95816,2.8617468,5.8924146,7.254234,5.040642,5.7582045,4.8552966,5.214277,6.3436294,5.1502643,4.258899,3.212843,5.2379985,5.3118725,3.4988577,6.543276,2.968405,5.2234235,0
3.0971792,5.4397697,8.41027,3.3608696,2.58993,3.285859,7.5784054,3.488165,3.877948,6.554489,6.1129007,5.9494114,7.810755,5.930119,2.8887022,5.900338,7.2954683,5.027436,5.725907,4.85054,5.235094,6.4170785,5.1719112,4.2663784,3.2514794,5.2298727,5.2975507,3.512846,6.5547295,2.8927002,5.139625,1
3.1468952,6.030426,8.66411,4.062044,2.0481095,3.4629943,7.9050374,3.7295046,3.8845577,7.1433907,5.9931855,6.5598674,7.7782955,5.224438,2.8631003,6.1084843,6.934417,4.726427,5.19418,5.1345525,5.2594194,6.9775777,5.0359426,4.0570707,3.5881548,5.238878,5.3677464,3.5990105,6.64399,2.0932765,4.923076,2
6.745977,4.3654017,6.427962,1.5559227,4.7531734,3.69308,7.0910134,2.8319836,4.963711,5.3998156,5.5622396,5.1243825,6.1863537,6.574028,3.0796578,6.5052466,5.810976,5.057518,6.1330276,3.384162,4.760332,5.7087145,4.168894,4.3763824,3.383635,5.3837733,5.7191787,3.9831767,5.371161,4.464528,6.019912,0
7.426069,4.354767,6.3317165,1.1921922,4.80947,4.031516,7.197271,2.7991219,5.287145,5.2259316,5.7901225,5.4430737,5.7886777,7.0366836,3.0133405,6.810701,5.350463,5.0027986,6.434188,3.3823085,5.1182675,5.6946263,4.0631666,4.3125896,3.197203,5.4148293,5.8385773,4.416876,5.610728,4.315851,6.0640645,1
7.6658964,4.360399,6.15156,1.1491078,4.697782,4.0298853,7.2548585,2.7204306,5.312402,5.054838,5.7650957,5.2930346,5.784189,6.9742246,3.0205283,6.8359966,5.4093394,4.938963,6.370247,3.2222133,5.0329194,5.625888,4.131122,4.465625,3.2133129,5.4414434,5.704492,4.8145804,5.3474846,4.1660123,6.159879,2
3.1121461,5.3436475,8.428812,3.2946315,2.6333113,3.3454323,7.4718394,3.3804169,3.9170125,6.5341134,6.194516,5.848674,7.720841,5.9343076,2.8208187,5.918296,7.240532,5.0729046,5.7471056,4.872579,5.2295046,6.3445883,5.102665,4.256593,3.1996477,5.266422,5.2991853,3.526696,6.549143,2.9702172,5.2740235,0
2.9628692,5.422777,8.429326,3.380561,2.5992463,3.2491925,7.5291853,3.4674108,3.8203948,6.53251,6.1357384,5.911889,7.8837013,5.9715004,2.8702803,5.8110785,7.2875314,5.0392356,5.729837,4.9113126,5.263843,6.3672886,5.2061987,4.3330755,3.2474356,5.1712484,5.292525,3.4960825,6.588257,2.897064,5.163421,1
3.0375972,6.0180387,8.684283,4.0557194,2.0450478,3.4585207,7.9021983,3.7350953,3.8776667,7.1376553,6.0209894,6.5506206,7.821192,5.2476196,2.8331969,6.076418,6.9568796,4.7674303,5.183508,5.1548104,5.268363,6.953548,5.050635,4.0946383,3.5843205,5.242855,5.3597136,3.5882077,6.6544743,2.107057,4.9063706,2
6.8705807,4.352342,6.340846,1.4990449,4.8405137,3.7387657,7.0899158,2.8158174,4.995316,5.3530493,5.5558624,5.142638,6.1330724,6.607455,3.098768,6.514538,5.7648964,5.042165,6.205888,3.3431854,4.7670946,5.672648,4.1487646,4.3775887,3.3732586,5.3860407,5.735863,3.9800434,5.3570757,4.5308504,6.0320973,0
7.4750276,4.393681,6.24845,1.1391149,4.852707,4.091034,7.232305,2.7327328,5.231988,5.191331,5.756555,5.498075,5.7874236,7.0007524,3.1140358,6.702459,5.4019356,4.992197,6.6151667,3.3574135,5.0524197,5.65122,4.0895824,4.287596,3.1916344,5.413673,5.7956223,4.33086,5.5765524,4.3836246,6.0754232,1
7.7574434,4.3719096,6.0610394,1.1130742,4.6568418,4.046644,7.287961,2.665399,5.311293,4.974099,5.7506986,5.248765,5.7720933,6.9445915,3.0416715,6.8279595,5.4481506,4.9044223,6.404407,3.1461902,4.9855905,5.5931873,4.1667666,4.526515,3.219812,5.455736,5.6321025,4.9763904,5.235388,4.114113,6.2025547,2
3.157053,5.370478,8.382066,3.245028,2.6857927,3.3232024,7.528544,3.4048944,3.884945,6.4791756,6.135327,5.8689094,7.6910806,5.9808817,2.8622448,5.8844323,7.2129517,5.0252256,5.785513,4.852463,5.185205,6.294647,5.1269245,4.256916,3.1999662,5.2276335,5.330015,3.4847124,6.519856,3.0218728,5.288237,0
2.9790912,5.4139204,8.432637,3.3769295,2.5908463,3.2844524,7.5182805,3.442047,3.8441374,6.5505805,6.151647,5.904858,7.85179,5.937501,2.862056,5.8328032,7.2876015,5.0540113,5.7122993,4.9095817,5.2638044,6.372185,5.162481,4.309323,3.2530658,5.186038,5.3072233,3.5040605,6.585743,2.8916075,5.19537,1
3.0839138,6.0224586,8.682746,4.031355,2.0455692,3.4510133,7.9594812,3.7867603,3.9154215,7.1294446,6.003439,6.5861006,7.8102326,5.2720423,2.8067594,6.129785,6.98215,4.7803164,5.1939073,5.1001215,5.233104,6.9723825,5.085348,4.07323,3.5736854,5.3045945,5.354648,3.593295,6.613412,2.1199033,4.848311,2
6.6676335,4.4100714,6.422259,1.5344785,4.68388,3.7129607,7.1439962,2.8206668,4.9462004,5.3652987,5.583094,5.1693387,6.180981,6.5685167,3.093243,6.4724274,5.846521,5.0191336,6.2161837,3.3921802,4.7454576,5.686959,4.218553,4.371144,3.3490741,5.3878107,5.6805744,3.9996085,5.374713,4.4185805,6.018006,0
7.2894106,4.4115443,6.3442464,1.1529756,4.8665495,4.0950623,7.228491,2.7555282,5.2000337,5.265157,5.764501,5.5833883,5.7993484,7.009381,3.1282415,6.6539083,5.407584,5.011331,6.6874228,3.4377444,5.0655403,5.673087,4.08208,4.208402,3.1750822,5.4002094,5.8315253,4.1171265,5.707709,4.4359365,6.029324,1
7.7520146,4.371751,6.082012,1.1189375,4.6547003,4.046416,7.28554,2.679827,5.3181987,4.989716,5.7639236,5.264968,5.7719436,6.9606023,3.031877,6.8410645,5.422806,4.9089394,6.3985276,3.1643074,5.0090613,5.6020613,4.1593475,4.515706,3.2135913,5.455432,5.648185,4.967044,5.2638087,4.1084924,6.1962824,2
2.796741,5.4098988,8.508442,3.430735,2.5498617,3.3424091,7.4429193,3.3501766,3.8078735,6.5973034,6.2232885,5.8665404,7.8178825,5.880412,2.7834897,5.767235,7.2021236,5.0638394,5.6586843,5.059545,5.282846,6.3240576,5.10327,4.303229,3.254665,5.138837,5.3561034,3.4733052,6.629641,2.851302,5.335147,0
2.441845,5.662497,8.682687,3.842532,2.23267,3.33022,7.5428705,3.4808712,3.7406673,6.8745356,6.190922,6.138347,8.012783,5.6093965,2.688362,5.735306,7.097307,4.973875,5.398162,5.2917295,5.3400593,6.5936975,5.1436305,4.346786,3.3994591,5.1049542,5.3402376,3.524332,6.7052374,2.423404,5.1567135,1
2.7564635,6.034128,8.857945,4.190174,1.8694289,3.5018616,7.874613,3.7052846,3.8846312,7.2453823,6.101921,6.5856104,7.9058022,5.179476,2.6017017,6.090454,6.981517,4.8501244,5.083641,5.2748203,5.2606297,6.9862485,5.046752,4.1153936,3.558613,5.324604,5.3776526,3.6002533,6.6662083,1.9740503,4.924455,2
6.950445,4.2944846,6.360905,1.5478693,4.867148,3.6991246,7.0363617,2.8531346,5.0360203,5.3675127,5.5447383,5.059238,6.130452,6.617512,3.0469675,6.592494,5.73698,5.070191,6.0485945,3.325257,4.7936263,5.6919317,4.1078506,4.4095592,3.4049006,5.3800044,5.778183,4.0562463,5.332363,4.518922,6.0352716,0
7.267022,4.2995324,6.428074,1.3059957,4.8666296,3.9357622,7.104798,2.8722124,5.2596483,5.3256125,5.7396126,5.3710217,5.863525,6.983711,2.9823937,6.7987857,5.3878784,5.05336,6.2923393,3.4167836,5.1002913,5.732367,4.0243335,4.2877812,3.2579823,5.3907347,5.897819,4.2315626,5.646366,4.397332,6.0165772,1
7.7768564,4.2835174,6.172176,1.2036312,4.7484927,3.97788,7.1833906,2.7760255,5.379103,5.083013,5.7671566,5.184807,5.7876797,6.999016,2.9367166,6.9494967,5.335967,4.9658184,6.1437716,3.201796,5.084673,5.655585,4.0646663,4.506935,3.2511008,5.448358,5.777233,4.870764,5.326053,4.174548,6.169797,2
2.8554814,5.375033,8.419341,3.2892666,2.6856012,3.2811446,7.471148,3.3828213,3.7812037,6.462903,6.1603146,5.835398,7.7533083,6.013716,2.8429577,5.728049,7.1493225,5.00103,5.776381,4.985321,5.2099977,6.2211466,5.1726627,4.346703,3.2031121,5.12263,5.348704,3.453884,6.5672755,3.0129097,5.331836,0
2.5695274,5.525262,8.43857,3.4792373,2.5837069,3.204913,7.568457,3.5302298,3.7384663,6.567186,6.0980453,5.994321,7.90668,5.937299,2.9022121,5.691398,7.0967374,4.9304824,5.674791,5.0506773,5.2807155,6.3870845,5.264313,4.3955684,3.2975378,5.070145,5.291887,3.4769382,6.6248574,2.8186724,5.1182795,1
2.7510564,6.022112,8.886936,4.2001834,1.8447772,3.493046,7.8498693,3.6805913,3.883753,7.2474203,6.098486,6.5840015,7.886529,5.189485,2.5391817,6.114425,6.9739566,4.8394456,5.1001573,5.2964387,5.2431746,6.993508,5.061237,4.0936284,3.524258,5.3449717,5.386086,3.6169991,6.6478496,1.965782,4.960136,2
7.325346,4.1325407,6.3113194,1.557294,5.0810595,3.6947954,6.8973007,2.9073877,5.176888,5.359436,5.5087633,4.929906,6.030032,6.713207,2.9805493,6.7778287,5.585942,5.1411195,5.8181505,3.247271,4.8820963,5.6965947,3.9564922,4.449219,3.459717,5.3599434,5.9264226,4.160517,5.3027215,4.6127787,6.051073,0
8.117439,4.1972737,6.0711,1.2010919,4.7520685,3.9715781,7.1309366,2.7797174,5.4862094,5.008968,5.765412,4.998567,5.770012,7.0324583,2.8465972,7.1203556,5.2287645,4.9679317,5.9068694,3.0827916,5.1291943,5.64382,4.0093317,4.633005,3.3013065,5.472081,5.802515,5.2985783,5.1869397,4.076605,6.2476287,2
2.9152384,5.3475304,8.453153,3.3135962,2.6346788,3.303114,7.445975,3.355364,3.816619,6.4981174,6.2027445,5.813492,7.7996254,5.98785,2.812924,5.7802787,7.2656474,5.077309,5.756995,4.959823,5.246624,6.258174,5.140546,4.318383,3.2028692,5.1659007,5.3365216,3.4680703,6.5890684,2.9784403,5.3320127,0
7.8891573,3.8838072,6.199273,1.5634009,5.3976645,3.7167363,6.6908207,2.9648826,5.3718452,5.32034,5.4267364,4.721829,5.8681993,6.820986,2.9461987,7.034321,5.4199615,5.2560225,5.5194426,3.1028378,4.9737754,5.6534743,3.732378,4.5263467,3.5427604,5.311773,6.142529,4.3236713,5.213496,4.7607007,6.0942316,1
2.990676,5.36119,8.326779,3.1237593,2.8208513,3.3042054,7.5288496,3.3986511,3.8046865,6.368946,6.0869064,5.827598,7.5449214,6.075681,2.9030583,5.7531223,6.994351,4.900756,5.8692303,4.9122205,5.092433,6.133364,5.1655917,4.290186,3.1496253,5.142428,5.391207,3.4203665,6.475087,3.176202,5.3756537,0
2.3922813,5.8737984,8.971265,4.2697234,1.8290265,3.5086615,7.555225,3.4464483,3.7468038,7.2515216,6.27563,6.3597126,8.020864,5.1980934,2.4216788,5.830556,6.914536,4.9094987,5.090585,5.5568986,5.369346,6.839082,5.0187116,4.256101,3.5057168,5.181512,5.4383316,3.589253,6.760549,1.957075,5.212505,1
2.286228,5.796735,8.914062,4.2182503,1.9243709,3.4995565,7.447915,3.3704689,3.6776311,7.18954,6.3340783,6.2275434,8.081528,5.253169,2.4838817,5.6630363,6.899067,4.937679,5.118793,5.612588,5.442563,6.717521,4.991196,4.3656015,3.5250998,5.054502,5.437637,3.5446067,6.8220363,2.0383961,5.2859774,2
7.6892304,3.9822776,6.2328663,1.5577369,5.2904425,3.7005339,6.770552,2.940359,5.2985272,5.332081,5.4622426,4.8036556,5.931416,6.7845187,2.9492671,6.933095,5.4719257,5.2094593,5.628462,3.1553667,4.9420266,5.6812243,3.8188648,4.499293,3.5121088,5.334969,6.0556507,4.258504,5.2451096,4.710751,6.076625,0
7.8760805,3.896595,6.206418,1.5576975,5.373136,3.712904,6.7041206,2.9636362,5.3762913,5.317605,5.444886,4.7347293,5.8694806,6.832226,2.9257698,7.038974,5.4061184,5.245448,5.515922,3.1109526,4.986947,5.668702,3.7416372,4.5289326,3.5343306,5.322268,6.132853,4.3438234,5.2213845,4.7332654,6.094626,1
7.881286,3.8935642,6.194465,1.5505,5.377406,3.7256057,6.7041874,2.957815,5.375125,5.310533,5.432461,4.728475,5.869505,6.824317,2.9438899,7.0301476,5.414967,5.2462173,5.537635,3.1009133,4.9757004,5.651267,3.7418852,4.5245814,3.5380683,5.319352,6.130067,4.339099,5.210728,4.743533,6.0984907,2
2.4942362,5.502202,8.565734,3.603797,2.4503338,3.277161,7.4615154,3.4185216,3.7235818,6.665228,6.198094,5.9565697,7.977296,5.8266425,2.751765,5.661732,7.139103,5.0101757,5.576186,5.1854153,5.3187346,6.3945923,5.1800575,4.405131,3.310524,5.069476,5.3363056,3.4954212,6.669931,2.6957884,5.2442894,0
2.4306107,5.5223837,8.510215,3.5764978,2.5053153,3.2127578,7.5084753,3.48968,3.70498,6.619062,6.1462455,5.9803205,8.003377,5.891262,2.8235683,5.6359773,7.1175165,4.968989,5.614988,5.1399355,5.3196826,6.3971863,5.251594,4.440478,3.31418,5.045302,5.3018994,3.4878278,6.664349,2.7307765,5.1519785,1
2.5502844,6.004988,8.986847,4.2631073,1.7579986,3.4940045,7.7811036,3.622264,3.8637938,7.2877903,6.144756,6.5800657,7.9217424,5.1846194,2.3906171,6.1089497,6.9809623,4.869228,5.0733852,5.399302,5.239086,6.989675,5.0745354,4.103085,3.481974,5.377551,5.40196,3.6306038,6.6498227,1.9139264,5.030669,2
7.6303596,4.036778,6.217323,1.5286809,5.230285,3.7193925,6.8265367,2.9077723,5.265689,5.3088937,5.4769554,4.842337,5.952152,6.766073,2.9706912,6.876711,5.502874,5.173142,5.7107654,3.1624284,4.915946,5.6718583,3.8717294,4.493461,3.4896321,5.3509493,5.996222,4.2459135,5.237642,4.6831493,6.083042,0
7.8085413,3.971836,6.207441,1.5192314,5.2879434,3.7335691,6.7809367,2.9302833,5.3425255,5.2978606,5.484819,4.8049483,5.888001,6.8308415,2.93439,6.9840307,5.4237466,5.197843,5.613963,3.1374958,4.9777436,5.6749153,3.807209,4.51529,3.4954677,5.344969,6.0635552,4.3392706,5.2409983,4.6834865,6.096125,1
8.150463,4.1796966,6.06799,1.2033784,4.7546268,3.966894,7.1231513,2.780058,5.502672,5.002922,5.7680507,4.981291,5.75662,7.03405,2.8372068,7.141066,5.2179465,4.963518,5.9140754,3.06515,5.1365294,5.646428,4.0015545,4.6482325,3.3102763,5.4794283,5.8029723,5.301787,5.166883,4.0746965,6.257228,2
2.8486161,5.4047804,8.353318,3.206968,2.7803342,3.2657905,7.5340466,3.4284914,3.7626507,6.3971777,6.0878234,5.8644567,7.6266847,6.0604196,2.901856,5.7032704,6.989773,4.889342,5.832564,4.969433,5.130873,6.164722,5.2066426,4.340767,3.182207,5.0994997,5.370628,3.4266727,6.511736,3.1029027,5.3317146,0
2.2553554,5.6261783,8.396224,3.5007658,2.6664329,3.1294954,7.656084,3.6195228,3.6403093,6.492452,5.9888525,6.086019,7.836506,5.9836764,2.9217923,5.5536613,6.809227,4.7369018,5.701121,5.13246,5.1966343,6.3207974,5.373305,4.484373,3.3082657,4.9663687,5.3166823,3.459012,6.5754294,2.83128,5.0899787,1
2.6709058,6.061385,8.986274,4.196701,1.7587255,3.3919413,7.8625774,3.677637,3.8731148,7.2594633,6.0458684,6.712144,7.7786026,5.342222,2.118292,6.3189645,6.911923,4.7690606,5.120672,5.386566,5.0765715,6.957286,5.208702,4.0359864,3.3481438,5.5189543,5.3838377,3.6730359,6.500887,1.9652774,5.049587,2
6.599315,4.5056543,6.529722,1.4227208,4.6342435,3.855424,7.248228,2.808194,4.938182,5.3960586,5.685927,5.454273,6.0956635,6.700021,3.1243794,6.430288,5.7796974,4.9913063,6.5662394,3.5352304,4.8344765,5.700168,4.245537,4.227594,3.230551,5.3876424,5.7051044,3.8821862,5.623466,4.390719,5.9722733,0
6.991622,4.477578,6.4106236,1.217372,4.7950416,4.043471,7.2624216,2.7488663,5.0792727,5.311105,5.7339067,5.603715,5.8982024,6.8982186,3.1694252,6.5085373,5.557024,5.000793,6.743185,3.4924092,4.964001,5.6699605,4.158467,4.173083,3.1769404,5.3856077,5.7701774,3.9415557,5.7200003,4.451916,5.9902735,1
7.5448,4.401278,6.091182,1.125486,4.870429,4.0750847,7.252436,2.654512,5.1787086,5.0935516,5.6638074,5.391887,5.825894,6.871183,3.2030952,6.5940537,5.537424,4.9695015,6.655338,3.2345753,4.8896084,5.5826716,4.1446776,4.3616757,3.2353017,5.4115834,5.6831794,4.366884,5.3737426,4.419837,6.121853,2
2.5494168,5.630222,8.371606,3.4320884,2.6763842,3.206354,7.698585,3.6224828,3.7006347,6.520479,5.98111,6.0982165,7.6909533,5.9263487,2.980589,5.6611004,6.797638,4.7181897,5.7041173,5.0625176,5.151216,6.3332505,5.3039684,4.3807273,3.3013961,5.0259643,5.3494077,3.4571574,6.540155,2.8726387,5.096599,0
2.479436,5.632883,8.362364,3.438142,2.6841705,3.1670625,7.703491,3.6397169,3.6871743,6.502227,5.9676065,6.1053505,7.74105,5.9634905,2.982436,5.642506,6.8300624,4.724187,5.7195787,5.0576024,5.1627464,6.34357,5.340344,4.4095836,3.297223,5.017617,5.3217044,3.451907,6.5453715,2.870951,5.0737004,1
2.7922807,6.01994,8.979874,4.1591897,1.7570632,3.403721,7.8686123,3.67875,3.9213579,7.2269974,6.0148053,6.678719,7.704221,5.3359857,2.1526868,6.377781,6.908961,4.749604,5.1855083,5.355353,5.048226,7.0182085,5.216198,3.9591444,3.3217213,5.5536795,5.416331,3.73833,6.4489174,1.9888557,5.058055,2
6.5039625,4.515244,6.5779295,1.4616148,4.58528,3.8333068,7.2516804,2.8297648,4.9197598,5.4118266,5.6963167,5.439111,6.1254435,6.6851106,3.1043158,6.433133,5.810203,4.981505,6.5318003,3.5570621,4.83446,5.704536,4.265011,4.230584,3.2247834,5.39019,5.702418,3.8728628,5.6267595,4.3650355,5.9653306,0
6.816268,4.488707,6.499223,1.2884067,4.717027,3.9843786,7.2621493,2.787462,5.048013,5.356009,5.741018,5.57801,5.9532733,6.8614454,3.1309369,6.5099444,5.6080275,4.9971776,6.6798067,3.5350707,4.952345,5.692449,4.184227,4.176912,3.1777558,5.387077,5.7639966,3.9219272,5.740689,4.4060154,5.975174,1
7.0176435,4.484145,6.363324,1.2373731,4.6916337,4.0028987,7.2844257,2.7328997,5.086793,5.2653666,5.7182593,5.5281634,5.928531,6.835015,3.148717,6.538832,5.613603,4.9840245,6.648954,3.4382663,4.9106517,5.6619096,4.2002172,4.246234,3.1988442,5.3976483,5.7011585,4.1604557,5.596081,4.3441815,6.0292034,2
2.5439043,5.6131063,8.368263,3.4198968,2.688484,3.1928132,7.687523,3.61162,3.6999912,6.498711,5.981423,6.0849943,7.7052283,5.956474,2.9664001,5.658107,6.818006,4.733109,5.7224846,5.0559673,5.150073,6.3235855,5.313497,4.3895946,3.2880082,5.0303946,5.338991,3.4521036,6.5357566,2.8868942,5.11635,0
2.4081542,5.693037,8.372789,3.4941988,2.6804044,3.11661,7.7567573,3.6901305,3.6443958,6.473765,5.9097075,6.1690397,7.763225,5.991531,2.953477,5.606174,6.7737093,4.664769,5.720688,5.0921664,5.1215897,6.34325,5.3985367,4.448085,3.3010175,4.993156,5.3197618,3.4493675,6.518026,2.8180568,5.0643005,1
2.75221,5.999525,9.032068,4.181583,1.7067788,3.4094598,7.83441,3.6472237,3.927743,7.2393093,6.027053,6.667343,7.689213,5.3234987,2.1046307,6.398965,6.905324,4.753895,5.198999,5.390331,5.036615,7.0423474,5.220609,3.932854,3.2945054,5.581293,5.4401746,3.7740011,6.431555,1.9668622,5.0992203,2
6.4150743,4.55365,6.6160045,1.4602848,4.5066547,3.8439379,7.2964616,2.817138,4.891725,5.401521,5.706372,5.4790955,6.1291623,6.6749735,3.1197703,6.388665,5.8590074,4.9620333,6.578249,3.5820482,4.8136034,5.69757,4.308146,4.208549,3.1963828,5.386663,5.6691494,3.864246,5.6470904,4.3112664,5.9539585,0
7.00199,4.4507303,6.4136004,1.2235782,4.7033687,4.0077896,7.264886,2.767528,5.140308,5.282687,5.748251,5.5403204,5.8802614,6.902911,3.1128588,6.5982084,5.539488,4.995359,6.638456,3.4547515,4.976393,5.682916,4.1591067,4.237331,3.1839828,5.3993497,5.749956,4.1487865,5.6705837,4.330243,6.0242324,1
7.0548587,4.4478316,6.3854184,1.2699462,4.637779,3.9539156,7.2642117,2.772824,5.1345615,5.253819,5.7408614,5.44485,5.9261203,6.8509827,3.0761902,6.620875,5.5827737,4.980342,6.5070205,3.4172208,4.947832,5.6824856,4.188904,4.3060246,3.2103133,5.406421,5.708778,4.3258767,5.5580626,4.256228,6.0458,2
2.488152,5.5874367,8.367673,3.4029336,2.7093437,3.1764328,7.6613626,3.5923436,3.683703,6.4677806,5.990935,6.052788,7.7261367,5.9945784,2.9513326,5.6233487,6.827657,4.7470164,5.7432303,5.066887,5.1526093,6.286714,5.3261127,4.4170613,3.272111,5.015472,5.3356624,3.4426394,6.5393057,2.9147067,5.142161,0
2.4229848,5.585123,8.380133,3.4480693,2.670726,3.1481397,7.641802,3.600824,3.6776085,6.496256,6.0105658,6.0522313,7.832935,5.9940376,2.9576,5.6142154,6.914411,4.7964754,5.7215514,5.070197,5.2125206,6.33632,5.3414626,4.4454155,3.2893796,5.008554,5.2969985,3.4491827,6.580992,2.8668585,5.0949917,1
2.7311504,6.0354996,8.978131,4.1897697,1.7542199,3.414552,7.861751,3.6784165,3.9014182,7.252249,6.0321546,6.6773376,7.7670093,5.2999115,2.184389,6.327276,6.941185,4.7760954,5.1730433,5.343075,5.09262,7.0115733,5.184172,3.995112,3.3596244,5.512408,5.394546,3.7000115,6.5018773,1.9605757,5.038633,2
4.0606103,5.056997,7.8867884,2.4840643,3.3369577,3.5135524,7.5623484,3.1866362,4.1422973,6.0129995,5.8985467,5.683952,6.9734745,6.284075,2.9295533,6.0930343,6.725579,4.818397,6.1732736,4.389278,4.795919,5.911005,4.9173803,4.0636835,3.0269284,5.36008,5.4823594,3.4482422,6.0997033,3.7322977,5.627883,0
6.905713,4.4491653,6.4837174,1.2646933,4.7039623,3.9690387,7.2517533,2.8072155,5.137181,5.3186703,5.763102,5.522314,5.903025,6.9120693,3.0708525,6.6105723,5.532936,4.9943967,6.5896688,3.496605,4.996847,5.7018456,4.1612306,4.2286887,3.1769023,5.390779,5.7675858,4.08207,5.728312,4.3408957,5.9939065,1
6.8455963,4.480187,6.4288445,1.3563392,4.58319,3.8808925,7.269813,2.7863305,5.0498414,5.290175,5.718933,5.4008765,6.0204964,6.751569,3.0807152,6.5429635,5.698139,4.9729176,6.463902,3.4411724,4.8756003,5.6898804,4.241491,4.31965,3.229476,5.4032664,5.6637235,4.2335057,5.5243473,4.258708,6.028548,2
3.110332,5.340626,8.289659,3.0528085,2.866433,3.313987,7.55064,3.4000392,3.8307292,6.3342876,6.066825,5.8157005,7.488605,6.103591,2.9295495,5.7911773,6.9985805,4.8946414,5.908857,4.851074,5.0615873,6.1138906,5.1557345,4.2563996,3.1275284,5.1701136,5.393394,3.408592,6.445814,3.2426238,5.3797526,0
2.3689613,5.6320977,8.38316,3.483433,2.6606283,3.1449676,7.6786294,3.6341183,3.666658,6.5113993,5.982552,6.0999856,7.813271,5.966565,2.9603374,5.605177,6.8456283,4.743193,5.70154,5.0923615,5.1957283,6.3526917,5.358394,4.446378,3.3093588,4.995323,5.308727,3.4575462,6.571525,2.8344524,5.0669546,1
2.762052,5.966945,9.05253,4.174077,1.6949141,3.416421,7.8208346,3.6352425,3.9457805,7.2225394,6.022926,6.6360464,7.677985,5.3176765,2.1262736,6.408451,6.9211884,4.761934,5.2495437,5.359392,5.0280204,7.0739384,5.2274623,3.901648,3.2732775,5.5974216,5.4579325,3.8036592,6.4155493,1.9709996,5.1109443,2
4.1503882,5.030739,7.925941,2.35047,3.360847,3.6006618,7.5787807,3.189058,4.1258006,5.985817,5.9041357,5.6175394,6.8090405,6.3043833,2.9265306,6.1130447,6.7425885,4.7668047,6.227707,4.3796396,4.6740527,5.8068714,4.8816085,3.9149284,2.8943014,5.4126916,5.569834,3.3464823,6.061758,3.8795254,5.6937327,0
7.0378294,4.4187,6.432514,1.2435162,4.7120233,3.9723017,7.2387633,2.804097,5.1927195,5.2709236,5.771044,5.4699154,5.8744063,6.9400415,3.037045,6.677681,5.486887,4.988412,6.4953017,3.4433603,5.025148,5.697401,4.143525,4.2756734,3.1884894,5.398354,5.7678976,4.2294025,5.66504,4.300915,6.0200996,1
7.256275,4.453163,6.2756224,1.1969421,4.5421534,3.9775708,7.3210826,2.7284179,5.1927156,5.119903,5.7593474,5.3819127,5.871536,6.8659296,3.0644019,6.665795,5.576364,4.929628,6.5053525,3.3213987,4.9357743,5.645447,4.229112,4.3948107,3.1919074,5.4215674,5.6305943,4.640168,5.4191847,4.114858,6.100928,2
2.108042,5.661813,8.742767,3.9115767,2.2266324,3.3190691,7.4653006,3.415412,3.6477923,6.8646054,6.2300663,6.1108747,8.039597,5.609806,2.593548,5.568194,6.9405107,4.927328,5.3765354,5.4753184,5.341227,6.5030026,5.16679,4.440075,3.3990827,5.0093484,5.387818,3.5141318,6.726076,2.3932524,5.262007,0
2.192231,5.7146153,8.832638,4.0394053,2.0661755,3.3864558,7.467901,3.4042594,3.684719,7.0167794,6.2697215,6.1775036,8.070661,5.462677,2.529533,5.6612425,7.0061693,4.968905,5.2654557,5.5197816,5.3771944,6.63184,5.0977154,4.376282,3.4349241,5.0705466,5.3879194,3.5327091,6.7617974,2.2339768,5.247355,1
2.134942,5.9475937,9.043885,4.2145853,1.7570796,3.3919635,7.68323,3.5457702,3.8055446,7.2181168,6.148443,6.5580654,7.981521,5.3303537,2.1795304,6.0962434,7.082503,4.9175467,5.109244,5.543162,5.200504,6.879392,5.1541395,4.1453037,3.357018,5.4012866,5.350053,3.5872774,6.629798,1.990581,5.111585,2
6.8172555,4.3375473,6.328965,1.541866,4.798879,3.6872783,7.076949,2.821958,4.990082,5.331156,5.5316176,5.0500712,6.1688194,6.5571113,3.0850003,6.518054,5.815129,5.035614,6.0941987,3.304995,4.7334433,5.664701,4.166194,4.422001,3.399734,5.3868384,5.711046,4.020292,5.2729325,4.4933896,6.0426292,0
7.3158355,4.378803,6.3210754,1.1537464,4.798187,4.036007,7.2287474,2.774031,5.284749,5.183673,5.78879,5.4454894,5.788338,7.0283785,3.0264518,6.761733,5.373659,4.9738717,6.473161,3.3643177,5.0866523,5.673702,4.099851,4.3159933,3.1826246,5.4120026,5.7856727,4.349229,5.6155505,4.3128324,6.0612836,1
7.561685,4.373643,6.226581,1.1461737,4.7341833,4.0431886,7.248559,2.7495117,5.3071017,5.1138964,5.7910595,5.3775353,5.7816844,7.015277,3.0175703,6.816538,5.373456,4.9558377,6.421161,3.2963371,5.0794425,5.6515503,4.1151114,4.3946342,3.1925728,5.4321184,5.7500987,4.6454363,5.4723125,4.215757,6.1193247,2
2.3343267,5.6718097,8.778498,3.9419725,2.130256,3.368182,7.4808226,3.4159935,3.7229943,6.945571,6.234224,6.140827,8.011261,5.5367126,2.5662675,5.7198453,7.0425487,4.975017,5.3457365,5.4082174,5.3421183,6.6124063,5.1081014,4.341597,3.3998828,5.1028337,5.384114,3.5478482,6.7156577,2.3288033,5.246552,0
2.271748,5.7262607,8.8148155,3.9972029,2.070342,3.3696785,7.5191073,3.4451373,3.7276983,6.9984856,6.222549,6.214003,8.029922,5.4963517,2.5248387,5.757707,7.0559225,4.9684267,5.2885203,5.446082,5.3352623,6.6597366,5.1127734,4.324289,3.4105997,5.1318417,5.369021,3.5426579,6.7195187,2.2634165,5.2064247,1
2.2495115,5.946491,8.975342,4.183697,1.814965,3.415289,7.6941466,3.5585248,3.801562,7.2070246,6.151433,6.523614,7.9805264,5.330258,2.2862682,6.043598,7.0545936,4.905552,5.1097894,5.501791,5.239853,6.8642626,5.1141877,4.1725454,3.411631,5.3373466,5.351959,3.570797,6.660159,2.0208786,5.094404,2
7.2671914,4.28444,6.157012,1.3954533,5.0058274,3.81593,7.060049,2.7654335,5.0934324,5.230778,5.5257277,5.0713954,6.036882,6.6744323,3.1228547,6.5723553,5.665277,5.0387926,6.20665,3.2093813,4.7858725,5.6206913,4.093334,4.4317727,3.394616,5.3913856,5.748438,4.0877447,5.2435694,4.6053805,6.087029,0
7.6654544,4.340607,6.068498,1.1293118,4.9404726,4.048337,7.199039,2.687188,5.259699,5.066839,5.6810317,5.289961,5.8087525,6.932497,3.1189399,6.7024817,5.4379582,4.9670115,6.4700694,3.1889982,4.964578,5.5956216,4.099659,4.416918,3.258291,5.423378,5.722917,4.434216,5.3384647,4.4293365,6.1395597,1
7.7125645,4.3553042,6.1466722,1.1144177,4.8017473,4.069399,7.23635,2.7239103,5.3289247,5.075865,5.778668,5.3510027,5.762369,7.02978,3.0347013,6.8308215,5.3409834,4.9517,6.421969,3.244932,5.081387,5.63395,4.0951157,4.4196944,3.2067392,5.44212,5.750923,4.66573,5.415664,4.2604356,6.146776,2
2.0430827,5.616891,8.596849,3.7158062,2.468964,3.2286298,7.4980173,3.4562092,3.6038172,6.639652,6.1393366,6.048075,7.9436655,5.8153725,2.695249,5.4690948,6.799191,4.822568,5.537271,5.386402,5.263653,6.321951,5.258057,4.5109167,3.3536613,4.9332347,5.394118,3.4898028,6.6539974,2.629721,5.2747746,0
2.1369958,5.770137,8.9045,4.1446843,1.9800158,3.4300518,7.4541826,3.383443,3.67293,7.109074,6.2949753,6.2228427,8.075288,5.3620925,2.4650834,5.6620007,6.933826,4.940242,5.1801276,5.6119475,5.3885584,6.674116,5.0633082,4.369994,3.463915,5.075164,5.4201136,3.54559,6.7780776,2.1268284,5.281273,1
2.2084804,5.9388556,9.036348,4.240275,1.7536956,3.4297135,7.6571293,3.5235467,3.8011534,7.2443724,6.174142,6.522478,7.9804935,5.291553,2.229025,6.0527954,7.039779,4.9090533,5.0942354,5.5408683,5.2383122,6.8900905,5.1113324,4.155093,3.396203,5.3590193,5.376222,3.595497,6.6576095,1.9656283,5.1371126,2
5.9059114,4.6133237,6.8648624,1.6658306,4.2935266,3.7750313,7.3083553,2.8999922,4.7549887,5.5277457,5.7306247,5.472587,6.280623,6.5968795,3.0708091,6.344279,6.0181375,4.939036,6.464547,3.7218788,4.7990313,5.7210226,4.3853087,4.1684074,3.1707547,5.3916545,5.680796,3.7012205,5.7213583,4.2685075,5.90281,0
7.8365173,4.23374,5.95159,1.174118,5.161053,4.0150104,7.082288,2.6816394,5.254762,5.0545106,5.555534,5.119097,5.833428,6.8567586,3.1694021,6.6720753,5.4735503,5.020347,6.3700333,3.085018,4.8822303,5.5511565,4.0286603,4.453806,3.353232,5.4021096,5.7721605,4.2886395,5.201894,4.632013,6.158581,1
7.8403106,4.3186173,5.989263,1.1023216,4.9362054,4.0644665,7.202402,2.662274,5.2989326,4.9996395,5.6765532,5.2290583,5.7801585,6.9411373,3.111833,6.7511644,5.4201326,4.952314,6.4343996,3.1196742,4.9628463,5.5718083,4.097144,4.4773254,3.2674146,5.435203,5.7014327,4.60537,5.2441998,4.389956,6.1826005,2
2.394934,5.634397,8.704899,3.8418603,2.2285423,3.3383877,7.498045,3.4373107,3.7276773,6.8680816,6.217718,6.102949,8.013578,5.616808,2.6467366,5.7086625,7.0899663,4.988571,5.4046564,5.329723,5.3413963,6.5616717,5.13392,4.358851,3.383385,5.095201,5.3559656,3.5249658,6.7086053,2.4326408,5.212681,0
2.2620475,5.7026334,8.79066,3.9727514,2.1083329,3.3615522,7.5047894,3.4387646,3.715134,6.9719934,6.233711,6.180423,8.049575,5.5199547,2.5611546,5.7177243,7.0640445,4.979538,5.3081927,5.443609,5.352156,6.6309905,5.118804,4.3513002,3.4123864,5.1052494,5.3634553,3.5318553,6.732511,2.2958603,5.2064953,1
2.173987,5.95573,8.949284,4.1614504,1.844216,3.4044547,7.7020373,3.569127,3.7858052,7.19312,6.1524186,6.525681,8.0156555,5.3557277,2.301813,6.011169,7.0807943,4.920339,5.0896416,5.519211,5.256043,6.830378,5.1086726,4.2085295,3.4268954,5.309512,5.325239,3.5328028,6.6831713,2.0483327,5.070753,2
6.080733,4.599684,6.779133,1.6243048,4.386385,3.7712889,7.307971,2.8812277,4.784384,5.4826055,5.7217317,5.438059,6.2552586,6.5911884,3.0736356,6.3577642,5.9825673,4.938133,6.459333,3.67329,4.781291,5.712642,4.37162,4.2030888,3.1818786,5.393047,5.660559,3.7815514,5.664263,4.275175,5.9269166,0
7.8353815,4.2299895,5.9444976,1.1737074,5.168417,4.0158515,7.0793204,2.6779466,5.2520156,5.052173,5.5473733,5.115114,5.833139,6.8501005,3.17655,6.668218,5.4798894,5.023063,6.374326,3.0802429,4.8736587,5.5469728,4.0271816,4.454639,3.3571723,5.4001737,5.771404,4.273967,5.196157,4.6387,6.160063,1
7.7528725,4.3105774,6.016564,1.1186745,5.0562925,4.071955,7.1616864,2.6713455,5.2508717,5.0695724,5.6347237,5.282445,5.799777,6.920469,3.171601,6.6666865,5.439403,4.9939747,6.517868,3.1632588,4.938459,5.5752916,4.06343,4.3976684,3.283706,5.4127116,5.7535906,4.318325,5.3232884,4.5437555,6.1408377,2
2.2803826,5.548283,8.561756,3.6102035,2.5062904,3.2566183,7.4783535,3.4244323,3.6542802,6.61377,6.1580563,5.9852366,7.8919477,5.8501887,2.727125,5.547384,6.902272,4.883254,5.5912642,5.288327,5.2555623,6.3064475,5.220404,4.457639,3.311091,4.990246,5.384523,3.4792244,6.638308,2.7202585,5.303528,0
2.1707647,5.732616,8.864665,4.1010046,2.029267,3.4226103,7.441545,3.377158,3.6596859,7.068713,6.310168,6.1781187,8.097137,5.3966947,2.5163739,5.61779,6.9620986,4.9626966,5.2176456,5.5805364,5.413103,6.6372447,5.0672956,4.399424,3.4665587,5.0399027,5.405634,3.5271244,6.798875,2.1733503,5.2733293,1
2.1907477,5.8933134,8.981464,4.2039304,1.8324172,3.4291263,7.603628,3.489087,3.7560976,7.202769,6.2151675,6.433396,8.02478,5.320444,2.3120086,5.922913,7.0186954,4.9252005,5.112162,5.561424,5.2960176,6.8144827,5.0927444,4.2358556,3.42896,5.2600737,5.377146,3.5645108,6.70789,2.0217674,5.1645126,2
7.750304,4.2522063,5.9689407,1.2141354,5.1437016,3.9712012,7.0803876,2.6874878,5.2119813,5.081702,5.5421305,5.0953465,5.887874,6.807533,3.1684384,6.631675,5.5178814,5.016454,6.338217,3.095051,4.8484545,5.5620413,4.0493526,4.455222,3.3679132,5.4048986,5.7515087,4.2267256,5.18516,4.6456695,6.1479354,0
7.801803,4.32196,5.945989,1.1075393,5.040546,4.0613976,7.188848,2.6360762,5.2443185,5.0013194,5.6182346,5.217616,5.808942,6.880026,3.1787298,6.6570973,5.4864206,4.9624634,6.498147,3.0971117,4.8873706,5.5475407,4.1043944,4.4609604,3.291987,5.4222,5.6824746,4.4425344,5.2090235,4.5101767,6.173624,1
7.8180885,4.2965264,5.9780574,1.1182197,5.047161,4.058423,7.160253,2.6647956,5.2718887,5.030396,5.630508,5.2215085,5.797998,6.914384,3.1514492,6.697943,5.4383507,4.981507,6.4536095,3.1195524,4.931673,5.565171,4.0694385,4.445788,3.2945175,5.419657,5.7323036,4.420904,5.255774,4.5131135,6.1640887,2
